Observation Date,Expiration Date,Mean,Std,Skewness,Kurtosis,5% Quantile,25% Quantile,Median,75% Quantile,95% Quantile,T Return,T-1 Return,T-2 Return,T-3 Return,T-4 Return,Fear and Greed Index,VIX
2020-07-31,2020-08-07,11414.099783063337,952.7482446755772,1.335895171177324,5.135751108591455,10120.9,10818.5,11315.3,11864.0,13041.2,0.0225716951645679,0.1726730145037355,0.0410369518835035,-0.0145339510832802,0.0250828014691888,75,24.46
2020-08-07,2020-08-14,11629.414712195758,906.001880403365,0.4905546846204984,2.5200303581521557,10265.7,11092.8,11583.0,12109.0,13157.4,0.014242299215676,0.0225716951645679,0.1726730145037355,0.0410369518835035,-0.0145339510832802,77,22.21
2020-12-18,2020-12-25,22948.311127873087,2365.263059191105,0.2048056469539497,1.7551957967682048,19258.9,21523.2,22887.9,24303.9,26854.1,0.0671554947491778,-0.0228242392069786,0.0511807050322665,-0.0056023577303891,-0.0984412394991819,95,21.57
2020-12-25,2021-01-01,24589.927290524203,2671.0939876017583,0.25922351542498,1.6260207986561666,20415.300000000003,22956.5,24520.0,26128.800000000003,29016.2,0.1713605269780402,0.0671554947491778,-0.0228242392069786,0.0511807050322665,-0.0056023577303891,94,21.57
2021-01-01,2021-01-08,29498.757500490512,3317.163346765956,0.9338705189767847,3.5192220324401218,24757.1,27463.5,29229.6,31157.1,35187.200000000004,0.3246760764207447,0.1713605269780402,0.0671554947491778,-0.0228242392069786,0.0511807050322665,94,21.57
2021-01-08,2021-01-15,40640.61655715892,16962.7989482718,3.5956165958733872,17.40823894478816,23581.9,34961.3,39818.2,44606.5,56000.0,-0.0994180753674157,0.3246760764207447,0.1713605269780402,0.0671554947491778,-0.0228242392069786,93,21.56
2021-01-15,2021-01-22,37152.82165919953,12717.67533960543,4.412055767316067,27.086280176998823,25951.9,31766.5,35329.6,39320.7,51391.8,-0.1090818380990078,-0.0994180753674157,0.3246760764207447,0.1713605269780402,0.0671554947491778,88,24.34
2021-01-22,2021-01-29,33014.38938673622,4818.595911614615,0.0409942164404963,2.292928342720977,25435.7,30290.2,32953.3,35703.6,40806.3,0.038906131754175,-0.1090818380990078,-0.0994180753674157,0.3246760764207447,0.1713605269780402,40,21.91
2021-02-05,2021-02-12,38286.51576405707,4709.718897435925,0.7226122230073208,1.662737164057562,31459.6,35067.700000000004,37919.7,40977.5,46488.9,0.2110530712560365,0.1114442372026505,0.038906131754175,-0.1090818380990078,-0.0994180753674157,81,20.87
2021-02-12,2021-02-19,47312.08133084448,8123.315087809359,-0.5850184653028233,1.7644495146396428,32741.7,43047.0,48280.2,52347.8,58807.600000000006,0.1674236042463787,0.2110530712560365,0.1114442372026505,0.038906131754175,-0.1090818380990078,92,19.97
2021-02-19,2021-02-26,55766.61098154268,8410.342963238232,-0.0344044618244418,2.1879883065773,42491.4,50984.5,55707.4,60558.5,69268.1,-0.1890294406951082,0.1674236042463787,0.2110530712560365,0.1114442372026505,0.038906131754175,93,22.05
2021-02-26,2021-03-05,46570.62465203284,6871.942791692315,0.2537283444895405,1.20833240097559,35797.5,42226.9,46378.600000000006,50668.600000000006,58009.8,0.0520980055198059,-0.1890294406951082,0.1674236042463787,0.2110530712560365,0.1114442372026505,55,27.95
2021-03-05,2021-03-12,48587.03266289187,6165.468585300504,0.0727990736633565,1.415401633402083,38725.3,44852.2,48537.2,52264.600000000006,58609.100000000006,0.1601932728382199,0.0520980055198059,-0.1890294406951082,0.1674236042463787,0.2110530712560365,77,24.66
2021-03-12,2021-03-19,57253.67257403214,7597.935042866646,0.3863931214148434,1.8483113755251903,45570.7,52558.8,56988.8,61556.9,69902.8,0.0140267439371895,0.1601932728382199,0.0520980055198059,-0.1890294406951082,0.1674236042463787,70,20.69
2021-03-19,2021-03-26,58530.863146740434,6711.490932373976,0.0570525202550347,1.692117060609915,47870.100000000006,54550.5,58454.8,62453.3,69439.40000000001,-0.0531619407732114,0.0140267439371895,0.1601932728382199,0.0520980055198059,-0.1890294406951082,71,20.95
2021-03-26,2021-04-02,54488.216052837066,5063.9478526502735,0.2885641198259051,1.9386364890737695,46653.9,51450.100000000006,54328.600000000006,57330.100000000006,62893.3,0.0688914468646994,-0.0531619407732114,0.0140267439371895,0.1601932728382199,0.0520980055198059,54,18.86
2021-04-02,2021-04-09,59575.83383519177,6084.943544417098,0.4329157729277216,2.4542076807345543,50467.2,55991.9,59234.7,62793.5,69900.3,-0.0137922147916986,0.0688914468646994,-0.0531619407732114,0.0140267439371895,0.1601932728382199,74,18.86
2021-04-09,2021-04-16,59059.53148449375,4533.823851605519,0.6205847133575416,1.8683899338637595,52308.100000000006,56136.0,58775.2,61584.600000000006,66850.3,0.0534497998714909,-0.0137922147916986,0.0688914468646994,-0.0531619407732114,0.0140267439371895,70,16.69
2021-04-16,2021-04-23,61975.61167283256,4927.372957739551,-0.1276636425125848,1.7362775636343857,53922.3,59130.2,62050.3,64910.2,69763.1,-0.1820710289529174,0.0534497998714909,-0.0137922147916986,0.0688914468646994,-0.0531619407732114,78,16.25
2021-04-23,2021-04-30,50226.44855865802,6303.185216019571,-0.272593414243761,2.257102040902456,39990.100000000006,46733.8,50333.5,53921.5,60074.0,0.1208815090781878,-0.1820710289529174,0.0534497998714909,-0.0137922147916986,0.0688914468646994,55,17.33
2021-04-30,2021-05-07,57162.89931598018,5450.553544523796,-0.243038926221828,1.0075584432359124,48021.2,54023.9,57519.100000000006,60779.0,65870.1,-0.0065998541261493,0.1208815090781878,-0.1820710289529174,0.0534497998714909,-0.0137922147916986,51,18.61
2021-05-07,2021-05-14,58095.68711384498,5219.693329049067,0.2035492546765388,1.40481072787638,49877.3,54874.9,57979.0,61169.5,66721.2,-0.139711040543648,-0.0065998541261493,0.1208815090781878,-0.1820710289529174,0.0534497998714909,64,16.69
2021-05-14,2021-05-21,48951.33156978244,8044.143615533559,-1.6183255721317222,5.633302233477918,34327.200000000004,45985.8,50204.8,53790.5,59171.100000000006,-0.2911410640525768,-0.139711040543648,-0.0065998541261493,0.1208815090781878,-0.1820710289529174,26,18.81
2021-05-28,2021-06-04,35851.83036288881,5475.609034709198,-0.1206723086995677,1.9439137711668175,27063.6,32721.1,35879.1,39062.8,44553.100000000006,0.0321581019032407,-0.2911410640525768,-0.139711040543648,-0.0065998541261493,0.1208815090781878,21,16.76
2021-06-04,2021-06-11,37152.615935232025,4393.619453406645,0.0065847151189905,1.345248805650379,30026.2,34501.9,37173.8,39807.600000000006,44209.9,0.0135647536600215,0.0321581019032407,-0.2911410640525768,-0.139711040543648,-0.0065998541261493,27,16.42
2021-06-18,2021-06-25,35507.218077042875,4217.093441809646,0.0668237909355348,1.4076681656957035,28720.9,32957.4,35498.200000000004,38024.0,42332.9,-0.1258370189743154,0.0135647536600215,0.0321581019032407,-0.2911410640525768,-0.139711040543648,25,20.7
2021-07-02,2021-07-09,33699.441784699,3844.457946091758,-0.2161032035247958,0.9878312622806886,27035.800000000003,31431.300000000003,33951.4,36125.3,39555.600000000006,0.000865650306503,-0.1258370189743154,0.0135647536600215,0.0321581019032407,-0.2911410640525768,21,15.07
2021-07-09,2021-07-16,33679.65790483487,3647.5442674028,-0.5319505517104665,1.7627646450874763,27363.9,31655.800000000003,33939.4,35990.6,39083.3,-0.074634377946052,0.000865650306503,-0.1258370189743154,0.0135647536600215,0.0321581019032407,20,16.18
2021-07-16,2021-07-23,31525.279165202424,3019.058145472374,-0.1451143350771833,1.6831355807273145,26598.5,29771.6,31566.800000000003,33338.6,36299.2,0.0692460693000981,-0.074634377946052,0.000865650306503,-0.1258370189743154,0.0135647536600215,22,18.45
2021-07-23,2021-07-30,33342.0296305771,3181.125663205274,-0.2878245374077093,1.2608132730074812,27857.0,31506.800000000003,33535.6,35331.4,38181.2,0.2270310215570944,0.0692460693000981,-0.074634377946052,0.000865650306503,-0.1258370189743154,23,17.2
2021-07-30,2021-08-06,41958.77091200952,5908.378097912587,0.4571789040911858,4.334230931707558,32862.6,38788.0,41945.100000000006,44948.3,50960.4,0.0148280228342108,0.2270310215570944,0.0692460693000981,-0.074634377946052,0.000865650306503,53,18.24
2021-08-06,2021-08-13,42882.82435455737,5146.204459474163,0.5694248884888592,1.5244864620681513,35290.5,39536.0,42481.3,45785.3,51872.8,0.1096264591454176,0.0148280228342108,0.2270310215570944,0.0692460693000981,-0.074634377946052,52,16.15
2021-08-13,2021-08-20,47573.59387441244,5856.824226140318,0.44946488167884,1.0951909417638517,38921.2,43764.3,47051.5,50958.3,57899.9,0.0313541186477174,0.1096264591454176,0.0148280228342108,0.2270310215570944,0.0692460693000981,70,15.45
2021-08-20,2021-08-27,49240.89793610787,5960.722430171929,0.7509389690125443,3.2438759075429164,40622.3,45710.3,48799.100000000006,52195.2,59525.9,-0.0051339459504259,0.0313541186477174,0.1096264591454176,0.0148280228342108,0.2270310215570944,70,18.56
2021-08-27,2021-09-03,48915.04290364038,5450.254830028423,0.1543341040251653,1.4255899908231964,40331.0,45571.600000000006,48800.100000000006,52137.100000000006,57891.600000000006,0.0187599930855224,-0.0051339459504259,0.0313541186477174,0.1096264591454176,0.0148280228342108,71,16.39
2021-09-03,2021-09-10,50053.819852243614,5251.411917314273,0.2068535179112155,1.5401320069815505,41815.2,46842.7,49929.0,53113.9,58729.0,-0.1086619271261829,0.0187599930855224,-0.0051339459504259,0.0313541186477174,0.1096264591454176,74,16.41
2021-09-10,2021-09-17,44795.87837273228,4674.142200795658,0.0076659213791171,1.1471739401711218,37194.0,41923.5,44830.3,47668.9,52302.8,0.0531659945107755,-0.1086619271261829,0.0187599930855224,-0.0051339459504259,0.0313541186477174,46,20.95
2021-09-17,2021-09-24,47482.861003726764,4249.481995090161,0.3941393390678219,1.0482407336417203,40954.3,44670.100000000006,47304.8,50038.5,54673.4,-0.0997248379504906,0.0531659945107755,-0.1086619271261829,0.0187599930855224,-0.0051339459504259,48,20.81
2021-09-24,2021-10-01,42404.48718805643,4625.121105467224,-0.4223884837874034,2.1963108794232555,34693.5,39865.8,42587.8,45196.9,49458.600000000006,0.1173618412026702,-0.0997248379504906,0.0531659945107755,-0.1086619271261829,0.0187599930855224,33,17.75
2021-10-01,2021-10-08,48002.343144243605,5060.634682686796,0.0189703600108979,2.0234216615572773,39933.0,45078.600000000006,47994.100000000006,50909.9,56116.9,0.113937321459965,0.1173618412026702,-0.0997248379504906,0.0531659945107755,-0.1086619271261829,27,21.15
2021-10-08,2021-10-15,54470.29960590889,5500.381079033829,0.1325979050397522,1.1513990560901846,45641.9,51027.4,54456.2,57813.9,63406.600000000006,0.1337526319786285,0.113937321459965,0.1173618412026702,-0.0997248379504906,0.0531659945107755,74,18.77
2021-10-15,2021-10-22,61791.00936170838,8105.612822057626,0.1943385760562737,1.1150420532316057,49077.4,56623.5,61606.9,66714.6,75191.0,-0.0160872193167514,0.1337526319786285,0.113937321459965,0.1173618412026702,-0.0997248379504906,71,16.3
2021-10-22,2021-10-29,60930.24270373083,6588.29762571812,0.2283199957876807,1.6583197301097323,50653.3,56915.0,60757.600000000006,64734.5,71821.2,0.0254685219236386,-0.0160872193167514,0.1337526319786285,0.113937321459965,0.1173618412026702,75,15.43
2021-10-29,2021-11-05,62162.574208145816,7200.090013254277,-0.0470039479896535,2.021324303550209,50813.4,58009.2,62070.9,66322.2,73809.3,-0.0213756191212908,0.0254685219236386,-0.0160872193167514,0.1337526319786285,0.113937321459965,70,16.26
2021-11-05,2021-11-12,61144.27743915897,6427.310847648695,-0.267390595061597,1.6896492507720031,50556.0,57429.600000000006,61303.7,65088.3,71159.8,0.0509485928356431,-0.0213756191212908,0.0254685219236386,-0.0160872193167514,0.1337526319786285,73,16.48
2021-11-12,2021-11-19,64029.78843702301,7115.880173157641,0.1051849389021186,1.0764346171097436,52683.4,59537.4,63977.0,68405.1,75622.0,-0.0994478108527709,0.0509485928356431,-0.0213756191212908,0.0254685219236386,-0.0160872193167514,74,16.29
2021-11-19,2021-11-26,57851.67003021016,5692.37305750667,0.2085254691899296,1.115888499439082,48866.0,54238.3,57737.600000000006,61293.5,67259.3,-0.0774363743389567,-0.0994478108527709,0.0509485928356431,-0.0213756191212908,0.0254685219236386,34,17.91
2021-11-26,2021-12-03,53899.17273325891,5831.554629001605,-0.2244842419768294,1.2667488178967918,44200.4,50488.2,54078.9,57553.7,63099.2,-0.0023382630479797,-0.0774363743389567,-0.0994478108527709,0.0509485928356431,-0.0213756191212908,47,28.62
2021-12-10,2021-12-17,47789.37271308777,5165.764195548714,0.2600621753705758,1.0336997787049418,39758.5,44459.0,47605.2,50916.5,56449.5,-0.0216438420104229,-0.0023382630479797,-0.0774363743389567,-0.0994478108527709,0.0509485928356431,24,18.69
2021-12-17,2021-12-24,46206.864599162494,4710.534057115254,0.0633506373118423,1.2697180572419189,38646.6,43317.7,46184.3,49056.8,53849.600000000006,0.0968004672203551,-0.0216438420104229,-0.0023382630479797,-0.0774363743389567,-0.0994478108527709,23,21.57
2021-12-24,2021-12-31,50963.83576628403,5110.359025094925,0.2591768164069258,1.8156582347493544,43042.2,47881.7,50800.3,53862.2,59454.100000000006,-0.0949437967143566,0.0968004672203551,-0.0216438420104229,-0.0023382630479797,-0.0774363743389567,41,21.57
2021-12-31,2022-01-07,46489.04639593035,4425.99892603982,0.5333529677780084,1.3438549478739183,39867.5,43546.600000000006,46219.2,49070.5,54096.8,-0.1060521079477306,-0.0949437967143566,0.0968004672203551,-0.0216438420104229,-0.0023382630479797,28,17.22
2022-01-07,2022-01-14,41649.70894704619,3731.504126548241,0.1511107353742069,1.1910071099164368,35735.9,39321.600000000006,41581.100000000006,43898.600000000006,47794.5,0.035299489769487,-0.1060521079477306,-0.0949437967143566,0.0968004672203551,-0.0216438420104229,18,18.76
2022-01-14,2022-01-21,42954.0839894329,3154.0988438451213,-0.1822722668704426,1.377816013960957,37725.0,41090.600000000006,43037.5,44903.9,47895.3,-0.16678078223352,0.035299489769487,-0.1060521079477306,-0.0949437967143566,0.0968004672203551,21,19.19
2022-01-21,2022-01-28,35787.993814988025,5245.2003438478505,-1.565959097401634,6.566199914467363,27217.7,33733.4,36315.6,38776.4,42836.0,0.0342864745372537,-0.16678078223352,0.035299489769487,-0.1060521079477306,-0.0949437967143566,19,28.85
2022-01-28,2022-02-04,37644.31654529607,3426.7474217499853,-0.4691478423882088,1.982374940295534,31862.6,35739.3,37812.6,39769.7,42822.2,0.0973817299258109,0.0342864745372537,-0.16678078223352,0.035299489769487,-0.1060521079477306,24,27.66
2022-02-04,2022-02-11,41349.06624558453,3513.3743387202285,-0.1776923497475689,1.878355464865236,35611.3,39344.600000000006,41406.5,43436.2,46878.3,0.0190476095210528,0.0973817299258109,0.0342864745372537,-0.16678078223352,0.035299489769487,20,23.22
2022-02-11,2022-02-18,42534.353133743534,4080.945880872295,-0.5716840043758254,2.5187916535131984,35739.6,40328.2,42708.7,45030.4,48683.9,-0.0582883448835927,0.0190476095210528,0.0973817299258109,0.0342864745372537,-0.16678078223352,50,27.36
2022-02-18,2022-02-25,40086.281204816194,3315.839723971808,-0.233237188214915,1.6288536241048064,34574.200000000004,38176.9,40186.2,42108.100000000006,45245.8,-0.0190745919942606,-0.0582883448835927,0.0190476095210528,0.0973817299258109,0.0342864745372537,30,27.75
2022-02-25,2022-03-04,39152.2292968659,3516.7525804286856,-0.5487727418551902,1.8787215970941575,33066.3,37218.1,39403.600000000006,41367.2,44354.7,-0.0017994633518968,-0.0190745919942606,-0.0582883448835927,0.0190476095210528,0.0973817299258109,27,27.59
2022-03-18,2022-03-25,41646.92632301787,3848.348619121316,-0.0506455026084587,1.3279683819362562,35400.200000000004,39325.2,41672.4,43997.600000000006,47804.100000000006,0.0594023830387609,0.075275924399366,-0.0107628035597555,-0.0017994633518968,-0.0190745919942606,25,23.87
2022-03-25,2022-04-01,44499.36458480964,3612.6357980100297,0.016723832607406,1.2907931767105485,38722.5,42297.600000000006,44462.3,46691.8,50374.7,0.0435036116281192,0.0594023830387609,0.075275924399366,-0.0107628035597555,-0.0017994633518968,47,20.81
2022-04-01,2022-04-08,46269.80652962923,3211.251262773951,0.0483404286100664,0.2551804951886702,41221.8,44110.9,46120.600000000006,48457.7,51569.600000000006,-0.0911333833906805,0.0435036116281192,0.0594023830387609,0.075275924399366,-0.0107628035597555,50,19.63
2022-04-08,2022-04-15,42412.70206947303,3243.42903079092,-0.3565394980833787,1.7369980816947024,36980.4,40570.9,42527.9,44420.2,47400.9,-0.0410692914386862,-0.0911333833906805,0.0435036116281192,0.0594023830387609,0.075275924399366,37,21.16
2022-04-15,2022-04-22,40362.41442753939,2778.7031579626,-0.2737279910250963,0.9157722729099032,35644.700000000004,38666.4,40511.8,42175.100000000006,44614.9,-0.0210002399778369,-0.0410692914386862,-0.0911333833906805,0.0435036116281192,0.0594023830387609,22,21.16
2022-04-22,2022-04-29,39473.69237308709,2789.4248409031134,-0.3430556140481469,1.5260448488990646,34810.0,37894.7,39603.0,41233.2,43818.600000000006,-0.0284309010292023,-0.0210002399778369,-0.0410692914386862,-0.0911333833906805,0.0435036116281192,26,28.21
2022-05-13,2022-05-20,29635.635896878484,3601.670944407958,-1.0353737946651962,4.77008136920342,23815.7,27928.2,29852.7,31721.5,34802.200000000004,-0.0029421410819543,-0.2067559265225345,-0.0692501288687156,-0.0284309010292023,-0.0210002399778369,10,28.87
2022-05-27,2022-06-03,28674.795551084444,3024.686677198516,-1.0086118989578403,3.545646323287933,23441.0,27200.1,28973.1,30572.800000000003,32964.4,0.0367059830844609,-0.0197551643108784,-0.0029421410819543,-0.2067559265225345,-0.0692501288687156,12,25.72
2022-06-03,2022-06-10,29532.93738285484,2484.001637377001,-0.5617384333832984,1.4994832199183756,25223.1,28235.4,29840.9,31244.7,33327.1,-0.0206950190522584,0.0367059830844609,-0.0197551643108784,-0.0029421410819543,-0.2067559265225345,10,24.79
2022-06-10,2022-06-17,29184.581048772303,2720.075894388312,-0.4037254369618011,1.3631788105467342,24470.6,27628.300000000003,29376.7,30912.300000000003,33259.200000000004,-0.3515568333095296,-0.0206950190522584,0.0367059830844609,-0.0197551643108784,-0.0029421410819543,13,27.75
2022-06-24,2022-07-01,21286.447149670264,2220.111133083793,-0.0156594596266878,0.9903746889821976,17655.2,19908.1,21311.800000000003,22674.300000000003,24839.4,-0.0967195177125014,-0.3515568333095296,-0.0206950190522584,0.0367059830844609,-0.0197551643108784,11,27.23
2022-07-01,2022-07-08,19203.429969916066,2528.836277599696,-1.3734249193537338,4.8589401912549794,14694.4,18123.3,19532.5,20726.4,22525.6,0.1133923139071635,-0.0967195177125014,-0.3515568333095296,-0.0206950190522584,0.0367059830844609,11,26.7
2022-07-08,2022-07-15,21755.58392518708,2157.641567279961,-0.2471460725293175,1.3987423014096985,18199.4,20475.9,21804.7,23110.1,25129.4,-0.036054054013489,0.1133923139071635,-0.0967195177125014,-0.3515568333095296,-0.0206950190522584,20,24.64
2022-07-15,2022-07-22,20779.88795322715,2111.909162386357,-0.6253897116082908,2.488948917849145,17225.7,19637.1,20902.4,22088.800000000003,23913.1,0.0853002435708356,-0.036054054013489,0.1133923139071635,-0.0967195177125014,-0.3515568333095296,15,24.23
2022-07-22,2022-07-29,22797.119702832617,2679.4589858552627,0.1511563430400697,0.9708084758417814,18582.7,21089.4,22743.800000000003,24442.4,27231.5,0.0468856116646122,0.0853002435708356,-0.036054054013489,0.1133923139071635,-0.0967195177125014,33,23.03
2022-07-29,2022-08-05,23944.682957790686,2358.628220596493,0.0199690627113385,1.0884994748845935,20180.7,22477.4,23914.9,25404.300000000003,27789.2,-0.0195957650509763,0.0468856116646122,0.0853002435708356,-0.036054054013489,0.1133923139071635,39,21.33
2022-08-05,2022-08-12,23192.994068245887,2124.0144826021883,0.2663398936635744,0.936863835551748,19919.0,21805.300000000003,23102.1,24492.1,26770.7,0.0457476748363865,-0.0195957650509763,0.0468856116646122,0.0853002435708356,-0.036054054013489,31,21.15
2022-08-12,2022-08-19,24289.847242446674,1922.2028176505803,0.1651080782918141,0.6304051906907886,21244.6,23016.4,24256.1,25513.300000000003,27460.2,-0.1581289538111136,0.0457476748363865,-0.0195957650509763,0.0468856116646122,0.0853002435708356,42,19.53
2022-08-19,2022-08-26,21039.08650352919,2104.1947064292726,0.2390761463627557,1.0773550481678162,17725.3,19692.0,20992.9,22313.0,24526.4,-0.0288922662439993,-0.1581289538111136,0.0457476748363865,-0.0195957650509763,0.0468856116646122,33,20.6
2022-08-26,2022-09-02,20241.21721110083,2095.507993596171,-0.9640786149941408,5.044679885747909,16843.2,19265.2,20339.300000000003,21412.4,23287.0,-0.0143903484713855,-0.0288922662439993,-0.1581289538111136,0.0457476748363865,-0.0195957650509763,27,25.56
2022-09-02,2022-09-09,19901.637983170476,1848.151749872276,-0.8589216238698445,2.678192676771796,16634.7,18951.5,20088.9,21073.1,22506.9,0.0682027918188224,-0.0143903484713855,-0.0288922662439993,-0.1581289538111136,0.0457476748363865,25,25.47
2022-09-09,2022-09-16,21308.64405295444,2157.253214235404,0.2504664580164619,0.6248410453247413,18045.8,19885.800000000003,21140.2,22655.9,25022.4,-0.0756765734116576,0.0682027918188224,-0.0143903484713855,-0.0288922662439993,-0.1581289538111136,22,22.79
2022-09-16,2022-09-23,19685.89107724628,1708.989844147266,-0.207395575175293,0.940074746604466,16784.100000000002,18648.5,19773.800000000003,20780.300000000003,22318.9,-0.0262664292029166,-0.0756765734116576,0.0682027918188224,-0.0143903484713855,-0.0288922662439993,20,26.3
2022-10-28,2022-11-04,20636.626285094822,1360.8734318491393,0.0548924095443608,1.176625059160048,18449.3,19797.4,20629.300000000003,21466.5,22847.2,0.0266750458686751,0.0718420549472947,-0.0006551682102212,-0.0182483590941596,0.0055185018119388,30,25.75
2022-11-04,2022-11-11,21197.463599728875,1319.4350082509716,0.2132941772385856,0.2826483030458955,19175.5,20296.1,21108.4,22068.300000000003,23434.0,-0.2142292295275158,0.0266750458686751,0.0718420549472947,-0.0006551682102212,-0.0182483590941596,30,24.55
2022-11-11,2022-11-18,16670.024006145075,2182.765353466783,-1.353810592207597,4.256606886276808,12619.5,15743.1,16993.8,18013.600000000002,19494.4,-0.0219050319895193,-0.2142292295275158,0.0266750458686751,0.0718420549472947,-0.0006551682102212,25,22.52
2022-11-18,2022-11-25,16566.779732809264,1482.9916531045458,-0.542532515237454,1.733390835800499,14024.1,15750.8,16674.3,17522.2,18803.0,-0.0107343655126232,-0.0219050319895193,-0.2142292295275158,0.0266750458686751,0.0718420549472947,23,23.12
2022-11-25,2022-12-02,16471.2526057725,1164.825205573008,-0.2573723293119196,1.1895968538240016,14523.9,15796.9,16527.3,17219.100000000002,18307.2,0.0339525122985644,-0.0107343655126232,-0.0219050319895193,-0.2142292295275158,0.0266750458686751,20,20.5
2022-12-02,2022-12-09,16981.981273001573,1070.9034629827925,-0.399645800712271,1.8765582290061111,15177.2,16382.8,17031.4,17640.600000000002,18612.4,0.0020934338018519,0.0339525122985644,-0.0107343655126232,-0.0219050319895193,-0.2142292295275158,27,19.06
2022-12-09,2022-12-16,17134.720213014316,1143.0285034717615,-0.4715425274083094,2.1069638756011377,15200.5,16508.4,17194.3,17834.4,18857.5,-0.0294114802183485,0.0020934338018519,0.0339525122985644,-0.0107343655126232,-0.0219050319895193,26,22.83
2022-12-16,2022-12-23,16698.346934453763,1143.2243887409966,-0.8960236111145796,3.5538462668218767,14721.4,16139.4,16798.600000000002,17384.8,18320.9,0.0087625393729542,-0.0294114802183485,0.0020934338018519,0.0339525122985644,-0.0107343655126232,29,22.62
2023-01-13,2023-01-20,19982.988523071308,1660.5168775620589,1.122495176452876,2.921615591451995,17759.5,18845.2,19770.5,20841.9,22980.1,0.1286927508282184,0.1619204548069375,0.0204529848924291,-0.0102451086284958,0.0087625393729542,31,18.35
2023-01-20,2023-01-27,22585.600712996584,1941.9340810696783,0.5787688677228344,2.091488759586375,19701.7,21366.5,22463.5,23648.9,25907.5,0.0177939898837807,0.1286927508282184,0.1619204548069375,0.0204529848924291,-0.0102451086284958,51,19.85
2023-01-27,2023-02-03,23097.24542433122,1819.313394322532,0.854036768817853,3.679567863642893,20502.7,22025.7,22948.0,23978.6,26225.4,0.0153849651554565,0.0177939898837807,0.1286927508282184,0.1619204548069375,0.0204529848924291,55,18.51
2023-02-03,2023-02-10,23357.972084651985,1583.290112597904,0.3394978458202676,2.1182940370596564,20934.7,22412.0,23295.800000000003,24231.6,25999.9,-0.0802395029416669,0.0153849651554565,0.0177939898837807,0.1286927508282184,0.1619204548069375,60,18.33
2023-02-10,2023-02-17,21645.98205337424,1351.906750051752,0.0702393052337228,1.9023525884945984,19504.4,20856.300000000003,21630.300000000003,22422.0,23841.1,0.1276661266246086,-0.0802395029416669,0.0153849651554565,0.0177939898837807,0.1286927508282184,48,20.53
2023-02-17,2023-02-24,24604.39423997327,2335.3565712133977,0.5172134938145773,2.4615853766724367,21134.2,23203.7,24462.4,25841.6,28579.300000000003,-0.0580069396787973,0.1276661266246086,-0.0802395029416669,0.0153849651554565,0.0177939898837807,61,20.02
2023-02-24,2023-03-03,23203.39064243914,1472.8096501415555,0.3813852835749423,2.3344845446617786,20971.5,22333.4,23135.0,23997.300000000003,25676.4,-0.0364975401987208,-0.0580069396787973,0.1276661266246086,-0.0802395029416669,0.0153849651554565,53,21.67
2023-03-03,2023-03-10,22310.252349275423,1392.844060602731,0.1007659126525146,1.4932147017949982,20093.9,21467.800000000003,22294.4,23133.5,24581.7,-0.1037819546710168,-0.0364975401987208,-0.0580069396787973,0.1276661266246086,-0.0802395029416669,50,18.49
2023-03-10,2023-03-17,19986.42144133279,1573.0801897793042,-0.9672403990518378,3.2364025877896943,17197.7,19212.2,20153.2,20965.300000000003,22176.800000000003,0.3071267293880281,-0.1037819546710168,-0.0364975401987208,-0.0580069396787973,0.1276661266246086,34,24.8
2023-03-17,2023-03-24,27492.42400605956,3230.806731910383,0.9479229379630686,3.8899043596985177,22932.7,25566.5,27209.9,29048.1,33055.9,0.002163735857737,0.3071267293880281,-0.1037819546710168,-0.0364975401987208,-0.0580069396787973,51,25.51
2023-03-24,2023-03-31,27539.11874059932,2435.5909365476277,0.2060644874034788,1.7223741271085735,23729.9,26068.0,27481.5,28940.4,31552.9,0.0361589132052062,0.002163735857737,0.3071267293880281,-0.1037819546710168,-0.0364975401987208,61,21.74
2023-03-31,2023-04-07,28434.504099888247,2302.3865832884017,0.5102535067519013,2.476725137998602,24985.1,27053.300000000003,28311.800000000003,29663.2,32317.2,-0.0198343646195729,0.0361589132052062,0.002163735857737,0.3071267293880281,-0.1037819546710168,63,18.7
2023-04-07,2023-04-14,27938.677840700188,1842.430108312715,0.108046500761885,1.1111670565127063,24989.2,26784.4,27927.4,29064.300000000003,30940.300000000003,0.0877882882666959,-0.0198343646195729,0.0361589132052062,0.002163735857737,0.3071267293880281,64,18.7
2023-04-14,2023-04-21,30516.76418048148,2024.4300000898356,0.2961536662493417,1.692980333062943,27400.1,29274.7,30439.300000000003,31672.9,33904.4,-0.1111172302872793,0.0877882882666959,-0.0198343646195729,0.0361589132052062,0.002163735857737,68,17.07
2023-04-21,2023-04-28,27348.56240854009,1907.7871947915603,0.2439466539618686,1.718462086478338,24391.800000000003,26190.4,27286.2,28440.1,30521.7,0.0724621509297862,-0.1111172302872793,0.0877882882666959,-0.0198343646195729,0.0361589132052062,50,16.77
2023-04-28,2023-05-05,29343.30190667497,1945.2278513848648,0.3561199345461171,1.6281142917863756,26365.6,28131.0,29259.300000000003,30456.5,32617.800000000003,0.0065936610341865,0.0724621509297862,-0.1111172302872793,0.0877882882666959,-0.0198343646195729,64,15.78
2023-05-05,2023-05-12,29492.04897303037,2018.02351306667,0.4932154541524002,2.22710244841966,26511.6,28278.300000000003,29347.2,30558.9,32986.3,-0.0963647386066741,0.0065936610341865,0.0724621509297862,-0.1111172302872793,0.0877882882666959,61,17.19
2023-05-12,2023-05-19,26598.574509846625,1729.4278210083,0.5824207254269929,1.9221184681063723,24027.1,25500.300000000003,26486.4,27554.9,29571.2,0.003176512076517,-0.0963647386066741,0.0065936610341865,0.0724621509297862,-0.1111172302872793,49,17.03
2023-05-19,2023-05-26,26721.076060766143,1426.0224221870217,0.4334272675518996,1.4549128654868904,24498.9,25882.800000000003,26731.2,27604.7,29155.6,-0.0065069245514487,0.003176512076517,-0.0963647386066741,0.0065936610341865,0.0724621509297862,48,16.81
2023-05-26,2023-06-02,26681.751868636373,1437.2269105323232,-0.0067158089961162,1.4384200616532308,24361.4,25819.9,26683.9,27545.6,28993.9,0.0198962938492371,-0.0065069245514487,0.003176512076517,-0.0963647386066741,0.0065936610341865,49,17.95
2023-06-02,2023-06-09,27196.39061027244,1299.7464460250108,-0.1410434118020659,2.051267364360495,25077.800000000003,26463.1,27218.2,27954.1,29239.5,-0.0284745338038486,0.0198962938492371,-0.0065069245514487,0.003176512076517,-0.0963647386066741,50,14.6
2023-06-09,2023-06-16,26141.66950099637,2013.1004512187544,-2.954468402346093,18.69695662074181,23386.2,25530.9,26338.7,27131.5,28521.4,-0.0050285200599075,-0.0284745338038486,0.0198962938492371,-0.0065069245514487,0.003176512076517,50,13.83
2023-06-16,2023-06-23,26277.285494635944,1424.4714863855097,0.3073399135804212,1.5291602248431184,24060.4,25392.300000000003,26233.7,27102.1,28651.1,0.1526094879206046,-0.0050285200599075,-0.0284745338038486,0.0198962938492371,-0.0065069245514487,47,13.54
2023-06-23,2023-06-30,30720.701617895294,2244.525456656722,0.4889085464616781,2.359124913213611,27364.2,29369.300000000003,30594.5,31923.800000000003,34525.3,-0.0070797624055508,0.1526094879206046,-0.0050285200599075,-0.0284745338038486,0.0198962938492371,65,13.44
2023-06-30,2023-07-07,30455.921610131147,1733.3753883442523,0.7353014598240529,2.624349886386754,27943.2,29379.800000000003,30319.1,31360.9,33456.9,-0.0041863562448184,-0.0070797624055508,0.1526094879206046,-0.0050285200599075,-0.0284745338038486,56,13.59
2023-07-07,2023-07-14,29888.1298811253,1634.860548416928,0.4101952586340487,1.6180027933537104,27385.4,28861.2,29815.9,30821.2,32648.4,-0.0010778693128903,-0.0041863562448184,-0.0070797624055508,0.1526094879206046,-0.0050285200599075,55,14.83
2023-07-14,2023-07-21,29976.629570947945,1587.1834088839937,0.4301926017947557,1.605756090421969,27552.9,28974.6,29903.4,30882.7,32662.5,-0.0136279997928454,-0.0010778693128903,-0.0041863562448184,-0.0070797624055508,0.1526094879206046,60,13.34
2023-07-21,2023-07-28,29364.77444316729,1475.9283827309775,0.3610534024748146,1.1316375229786724,27086.6,28403.300000000003,29307.7,30246.7,31852.0,-0.0198460103570357,-0.0136279997928454,-0.0010778693128903,-0.0041863562448184,-0.0070797624055508,50,13.6
2023-07-28,2023-08-04,28902.485147180312,1264.7740182798304,0.0720810114245409,0.9714170060372602,26859.7,28106.300000000003,28902.300000000003,29687.0,30952.4,-0.0068511788036676,-0.0198460103570357,-0.0136279997928454,-0.0010778693128903,-0.0041863562448184,52,13.33
2023-08-04,2023-08-11,28834.63398320981,1232.5410605090133,0.2653988958573919,1.459163098169955,26910.2,28068.9,28800.2,29554.5,30883.2,0.0106608421167489,-0.0068511788036676,-0.0198460103570357,-0.0136279997928454,-0.0010778693128903,54,17.1
2023-08-11,2023-08-18,29038.38372188454,1107.2724857015776,0.3053616701156622,1.356360449123871,27313.7,28340.300000000003,29004.300000000003,29688.7,30887.4,-0.121708349506422,0.0106608421167489,-0.0068511788036676,-0.0198460103570357,-0.0136279997928454,51,14.84
2023-08-18,2023-08-25,25871.969700085923,1721.9259360210751,0.117078816950612,1.5368380022578825,23139.0,24832.0,25848.5,26884.4,28685.4,0.0002306481511072,-0.121708349506422,0.0106608421167489,-0.0068511788036676,-0.0198460103570357,37,17.3
2023-08-25,2023-09-01,25433.84648553625,1078.3213298716269,0.2538417306570682,0.992982125308392,23734.7,24737.300000000003,25410.1,26090.6,27224.0,-0.0098317462186757,0.0002306481511072,-0.121708349506422,0.0106608421167489,-0.0068511788036676,39,15.68
2023-09-01,2023-09-08,25244.64240304728,1038.3841168557374,-0.0346298408071278,0.7596000701270564,23536.5,24592.1,25261.800000000003,25907.6,26904.9,0.0040780827485256,-0.0098317462186757,0.0002306481511072,-0.121708349506422,0.0106608421167489,40,13.09
2023-09-08,2023-09-15,25456.49658369616,1140.19309795004,-0.1401737289840936,0.8981233253054088,23555.5,24757.5,25490.9,26186.2,27250.800000000003,0.0262629238313241,0.0040780827485256,-0.0098317462186757,0.0002306481511072,-0.121708349506422,46,13.84
2023-09-15,2023-09-22,26191.96027049921,1187.2841400607897,-0.3383651270684097,1.1740587527008106,24170.5,25498.800000000003,26258.6,26959.2,28011.800000000003,-0.0007468953982914,0.0262629238313241,0.0040780827485256,-0.0098317462186757,0.0002306481511072,45,13.79
2023-09-22,2023-09-29,25894.70799388301,1171.4978052629854,-0.049730332406077,0.536693131650571,23958.9,25143.4,25920.4,26660.9,27761.2,0.0122206688115093,-0.0007468953982914,0.0262629238313241,0.0040780827485256,-0.0098317462186757,43,17.2
2023-09-29,2023-10-06,26496.91595361998,1045.608851501448,-0.3164379083911359,1.0610452333337903,24712.800000000003,25883.300000000003,26559.800000000003,27178.1,28101.7,0.0373554161314848,0.0122206688115093,-0.0007468953982914,0.0262629238313241,0.0040780827485256,48,17.52
2023-10-06,2023-10-13,27748.698613792563,1161.3331375470027,-0.4756737675372869,1.79104722526825,25755.4,27102.800000000003,27820.7,28475.2,29488.1,-0.0390277568454725,0.0373554161314848,0.0122206688115093,-0.0007468953982914,0.0262629238313241,50,17.45
2023-10-13,2023-10-20,26675.24190073449,1133.0929234468022,-0.5257850289992935,1.954529696071364,24722.7,26055.7,26750.6,27380.4,28361.300000000003,0.0993914293773174,-0.0390277568454725,0.0373554161314848,0.0122206688115093,-0.0007468953982914,44,19.32
2023-10-20,2023-10-27,29343.515311537405,1567.425647426752,0.271352914163009,1.1739826045201252,26891.800000000003,28343.4,29300.300000000003,30281.800000000003,31953.9,0.133075510581603,0.0993914293773174,-0.0390277568454725,0.0373554161314848,0.0122206688115093,53,21.71
2023-10-27,2023-11-03,33671.49767434652,1993.5354753572065,0.3454685023447271,1.366155941078656,30588.9,32405.1,33598.9,34838.8,37018.0,0.0240435551100624,0.133075510581603,0.0993914293773174,-0.0390277568454725,0.0373554161314848,70,21.27
2023-11-03,2023-11-10,34376.398662566884,2147.075661821172,0.6048378374899032,1.9743546189716232,31184.800000000003,33012.3,34237.5,35559.1,38066.9,0.0718138818710014,0.0240435551100624,0.133075510581603,0.0993914293773174,-0.0390277568454725,65,14.91
2023-11-10,2023-11-17,36854.36364133478,2838.5932996186466,1.0687451190918622,3.4439420445202646,32868.6,35130.8,36625.0,38312.5,41906.4,-0.0186085294570059,0.0718138818710014,0.0240435551100624,0.133075510581603,0.0993914293773174,70,14.17
2023-11-17,2023-11-24,36367.62290547253,2572.6884420336983,0.0243949494742385,1.3831971599264667,32231.4,34810.6,36361.8,37916.5,40524.0,0.0295914806683429,-0.0186085294570059,0.0718138818710014,0.0240435551100624,0.133075510581603,63,13.8
2023-11-24,2023-12-01,37472.82917553991,2511.229856245616,0.7832635256073607,2.3979435375614058,33857.5,35867.4,37255.7,38803.6,41866.2,0.0253678417730165,0.0295914806683429,-0.0186085294570059,0.0718138818710014,0.0240435551100624,66,12.46
2023-12-01,2023-12-08,37917.69061682747,2177.3359858426343,0.5063202188099781,1.3809436844357252,34637.5,36488.9,37793.5,39181.9,41647.7,0.1326804203487991,0.0253678417730165,0.0295914806683429,-0.0186085294570059,0.0718138818710014,71,12.63
2023-12-08,2023-12-15,44267.02974285781,3013.547195313314,0.1165998865625671,1.7990394472249474,39504.8,42480.7,44224.600000000006,46004.5,49179.0,-0.0518210602360071,0.1326804203487991,0.0253678417730165,0.0295914806683429,-0.0186085294570059,72,12.35
2023-12-15,2023-12-22,41712.18682129259,2478.9895911747003,0.1086489093641352,1.1082877174151706,37733.1,40163.2,41698.7,43225.2,45749.0,0.0472385713623595,-0.0518210602360071,0.1326804203487991,0.0253678417730165,0.0295914806683429,70,12.28
2023-12-22,2023-12-29,43801.49755770609,2752.010881016327,0.151521260506805,1.7644336374132106,39495.5,42154.2,43739.3,45386.7,48325.2,-0.0442233531293232,0.0472385713623595,-0.0518210602360071,0.1326804203487991,0.0253678417730165,74,13.03
2023-12-29,2024-01-05,41545.91534133456,2811.0673748702734,0.1884189926344526,1.1004227788074925,37094.0,39764.4,41498.100000000006,43251.4,46177.4,0.0482197653818161,-0.0442233531293232,0.0472385713623595,-0.0518210602360071,0.1326804203487991,65,12.45
2024-01-05,2024-01-12,43903.483236287175,5214.135573318118,0.2696515538024511,2.56814761836654,35955.200000000004,40913.3,43711.9,46698.7,52531.0,-0.031347645653928,0.0482197653818161,-0.0442233531293232,0.0472385713623595,-0.0518210602360071,72,13.35
2024-01-12,2024-01-19,42817.55435303834,3330.9056928607856,-0.0497077473562102,1.4890036504452508,37399.9,40842.2,42844.600000000006,44820.2,48137.8,-0.026616364648578,-0.031347645653928,0.0482197653818161,-0.0442233531293232,0.0472385713623595,71,12.7
2024-01-19,2024-01-26,41004.97685971588,2623.115259929164,-0.1954816023210407,0.8131583067806316,36588.6,39394.0,41111.3,42710.4,45092.3,0.0039404697755364,-0.026616364648578,-0.031347645653928,0.0482197653818161,-0.0442233531293232,51,13.3
2024-01-26,2024-02-02,41389.22867320464,2285.965866503094,-0.0595178734140237,1.164664136048879,37641.1,39998.3,41422.100000000006,42804.0,45028.7,0.0323818736381686,0.0039404697755364,-0.026616364648578,-0.031347645653928,0.0482197653818161,49,13.26
2024-02-02,2024-02-09,42743.52454452272,2108.78663700062,-0.0360324379376197,1.0314198904223335,39292.6,41440.0,42770.8,44061.4,46109.7,0.0871280175633966,0.0323818736381686,0.0039404697755364,-0.026616364648578,-0.031347645653928,63,13.85
2024-02-09,2024-02-16,47461.8323331368,2858.5789487094344,0.4986054614697502,2.619541987963971,43206.4,45770.9,47298.0,48963.7,52298.9,0.1006590928192085,0.0871280175633966,0.0323818736381686,0.0039404697755364,-0.026616364648578,72,12.93
2024-02-16,2024-02-23,51661.37002500922,3607.721055175471,0.1055029828265037,1.1295176049898332,45894.3,49406.2,51631.7,53862.8,57544.600000000006,-0.0268312652909385,0.1006590928192085,0.0871280175633966,0.0323818736381686,0.0039404697755364,72,14.24
2024-02-23,2024-03-01,50851.525469227934,3341.3666908181285,-0.0353894425384037,1.3507788921506254,45390.100000000006,48843.8,50899.0,52880.600000000006,56171.100000000006,0.2065750059742159,-0.0268312652909385,0.1006590928192085,0.0871280175633966,0.0323818736381686,76,13.75
2024-03-01,2024-03-08,62645.29311371298,6081.526589718664,0.8210935406355734,4.650520262639295,53735.3,59190.7,62383.7,65631.3,72341.6,0.0879610166885186,0.2065750059742159,-0.0268312652909385,0.1006590928192085,0.0871280175633966,80,13.11
2024-03-08,2024-03-15,69221.45151048104,8604.866573422756,1.6040656324749438,6.994246658252962,58098.600000000006,64439.4,68238.0,72435.7,80000.0,0.0199922312905702,0.0879610166885186,0.2065750059742159,-0.0268312652909385,0.1006590928192085,81,14.74
2024-03-15,2024-03-22,69369.3379340561,7563.6315289501135,0.2751038809066922,2.08634430643944,57688.0,64884.8,69128.40000000001,73575.7,81891.5,-0.0856240699079219,0.0199922312905702,0.0879610166885186,0.2065750059742159,-0.0268312652909385,83,14.41
2024-03-29,2024-04-05,69184.00202918536,5534.324706023048,0.2982044106494116,1.1367355881707155,60574.2,65619.7,69007.0,72503.40000000001,78439.7,-0.029491538023144,-0.0856240699079219,0.0199922312905702,0.0879610166885186,0.2065750059742159,79,14.41
2024-04-05,2024-04-12,67257.97000890285,5665.062399353183,0.2205537231928328,1.2743897800826254,58330.3,63708.3,67138.5,70633.1,76618.90000000001,-0.0104360651243687,-0.029491538023144,-0.0856240699079219,0.0199922312905702,0.0879610166885186,79,16.03
2024-04-12,2024-04-19,66825.77016505672,5660.113675550344,0.1898320574515787,1.5075577114692145,57886.100000000006,63366.8,66724.8,70140.6,76127.0,-0.0503947744612763,-0.0104360651243687,-0.029491538023144,-0.0856240699079219,0.0199922312905702,79,17.31
2024-04-26,2024-05-03,62625.92501172816,4458.704490832479,-0.5194954834232048,3.2154328836450947,55459.8,60279.100000000006,62744.4,65206.4,69425.8,-0.014022903881801,-0.0503947744612763,-0.0104360651243687,-0.029491538023144,-0.0856240699079219,70,15.03
2024-05-03,2024-05-10,61975.31672259635,4269.37289534985,0.2889368612432643,1.2481731295711214,55309.100000000006,59264.7,61849.3,64509.7,69096.8,-0.033670488760492,-0.014022903881801,-0.0503947744612763,-0.0104360651243687,-0.029491538023144,48,13.49
2024-05-10,2024-05-17,60149.207694801415,3941.5439459295344,0.2844138109826288,1.4262379060784305,54002.600000000006,57689.3,60030.2,62453.2,66716.3,0.0974611397062555,-0.033670488760492,-0.014022903881801,-0.0503947744612763,-0.0104360651243687,66,12.55
2024-05-17,2024-05-24,66455.9728489498,4215.488433479074,0.2657755850248489,1.513352763001656,59877.9,63850.5,66334.8,68906.2,73461.8,0.0225124959247131,0.0974611397062555,-0.033670488760492,-0.014022903881801,-0.0503947744612763,74,11.99
2024-05-24,2024-05-31,67551.24282062733,3943.926360352738,0.0741575842140876,0.9153781514152116,61171.5,65057.0,67554.40000000001,70008.6,73942.0,-0.0148430971115731,0.0225124959247131,0.0974611397062555,-0.033670488760492,-0.014022903881801,74,11.93
2024-05-31,2024-06-07,66241.80546559364,3755.74097249203,0.1054898226582974,0.7119703579235326,60198.4,63805.5,66226.2,68621.0,72364.0,0.0265267303026851,-0.0148430971115731,0.0225124959247131,0.0974611397062555,-0.033670488760492,73,12.92
2024-06-07,2024-06-14,68513.66642025027,3929.647541834774,0.3994497886551389,1.4676267924572617,62486.100000000006,66015.7,68344.40000000001,70787.7,75147.90000000001,-0.0489258581651383,0.0265267303026851,-0.0148430971115731,0.0225124959247131,0.0974611397062555,77,12.22
2024-06-14,2024-06-21,65283.76169804812,3548.870260199621,0.1623119330415839,1.421669751321759,59667.100000000006,63109.8,65221.5,67379.90000000001,71114.8,-0.0291973388447183,-0.0489258581651383,0.0265267303026851,-0.0148430971115731,0.0225124959247131,74,12.66
2024-06-28,2024-07-05,58902.9832232175,2907.324931691856,0.1960880293344222,0.7998763182482076,54287.9,57007.7,58854.600000000006,60714.100000000006,63702.5,-0.0649324127680882,-0.0291973388447183,-0.0489258581651383,0.0265267303026851,-0.0148430971115731,47,12.44
2024-07-05,2024-07-12,55726.81766410137,3591.4667580643386,-0.0645627993420088,1.1463447523502612,49835.100000000006,53541.4,55776.5,57954.600000000006,61445.0,0.0220115981128016,-0.0649324127680882,-0.0291973388447183,-0.0489258581651383,0.0265267303026851,29,12.48
2024-07-12,2024-07-19,57017.23200099346,3146.41599154045,0.1916072864450972,0.9156448838297386,52026.4,54992.8,56960.4,58954.7,62214.600000000006,0.1410759616360823,0.0220115981128016,-0.0649324127680882,-0.0291973388447183,-0.0489258581651383,25,12.46
2024-07-19,2024-07-26,66354.11417126197,5109.266067511276,0.5315898202624902,1.945940034981234,58715.4,63153.5,66043.2,69174.6,75095.8,0.0185486278107277,0.1410759616360823,0.0220115981128016,-0.0649324127680882,-0.0291973388447183,60,16.52
2024-07-26,2024-08-02,68076.51128134287,6872.133310859347,0.7689777322876898,2.616053231815588,58208.2,63786.100000000006,67478.8,71641.2,80082.20000000001,-0.0991436807180831,0.0185486278107277,0.1410759616360823,0.0220115981128016,-0.0649324127680882,68,16.39
2024-08-02,2024-08-09,60746.01017587944,4309.13185511277,0.0419009537474775,1.3908198077689429,53839.3,58138.0,60719.7,63331.7,67732.8,-0.0107955906022406,-0.0991436807180831,0.0185486278107277,0.1410759616360823,0.0220115981128016,57,23.39
2024-08-09,2024-08-16,59638.04583907271,4272.6835595886105,0.2305239066526002,0.8962675931761952,52903.4,56861.5,59541.4,62267.8,66729.7,-0.032804671111697,-0.0107955906022406,-0.0991436807180831,0.0185486278107277,0.1410759616360823,48,20.37
2024-08-16,2024-08-23,58051.18991423356,3730.542197596889,0.1347537763565623,0.9134667520526594,52074.600000000006,55671.0,58019.3,60361.9,64154.4,0.0840550308777551,-0.032804671111697,-0.0107955906022406,-0.0991436807180831,0.0185486278107277,27,14.8
2024-08-23,2024-08-30,63700.374883123804,4723.708867612764,0.2153533179629502,1.0864188612469317,56253.8,60688.600000000006,63601.100000000006,66563.5,71515.40000000001,-0.0798280249222965,0.0840550308777551,-0.032804671111697,-0.0107955906022406,-0.0991436807180831,34,15.86
2024-08-30,2024-09-06,58422.07808753068,3652.8727772937473,0.0738139511075012,1.2912652106239424,52565.5,56186.9,58396.9,60623.5,64360.600000000006,-0.09133869361795,-0.0798280249222965,0.0840550308777551,-0.032804671111697,-0.0107955906022406,34,15.0
2024-09-13,2024-09-20,59947.79003407157,4053.446382840594,0.0238053330848264,1.5881702005362044,53429.100000000006,57539.2,59944.0,62346.600000000006,66477.8,0.0437106082997195,-0.09133869361795,-0.0798280249222965,0.0840550308777551,-0.032804671111697,32,16.56
2024-09-27,2024-10-04,65432.86564030384,3836.042247774225,-0.0551288476754462,1.233876383927874,59165.4,63109.7,65475.0,67792.8,71552.90000000001,-0.0576425263987051,0.0437106082997195,-0.09133869361795,-0.0798280249222965,0.0840550308777551,61,16.96
2024-10-04,2024-10-11,61770.545291083465,3853.338088827608,-0.0595218815885522,1.276275838452663,55462.8,59446.4,61824.2,64133.9,67901.0,0.0072858313404562,-0.0576425263987051,0.0437106082997195,-0.09133869361795,-0.0798280249222965,41,19.21
2024-10-11,2024-10-18,61733.98263012674,3229.531672282073,0.2218938537438521,1.1854985551102146,56635.600000000006,59697.8,61666.3,63670.3,67076.5,0.0899757455603501,0.0072858313404562,-0.0576425263987051,0.0437106082997195,-0.09133869361795,32,20.46
2024-10-18,2024-10-25,67688.19105927327,3969.1243786663463,0.1849333091890055,1.1051462389134006,61406.600000000006,65174.7,67617.6,70095.90000000001,74230.2,-0.0256021824631697,0.0899757455603501,0.0072858313404562,-0.0576425263987051,0.0437106082997195,73,18.03
2024-10-25,2024-11-01,66092.74612474056,3923.1694705013874,0.36913844811183,1.3966199511662385,60052.8,63597.5,65933.8,68380.0,72700.90000000001,0.0410894257239069,-0.0256021824631697,0.0899757455603501,0.0072858313404562,-0.0576425263987051,72,20.33
2024-11-01,2024-11-08,69521.68025449672,6901.472469644323,0.4053075451679969,1.7328831286975896,59016.7,65233.0,69186.3,73415.5,81204.5,0.0961492349477248,0.0410894257239069,-0.0256021824631697,0.0899757455603501,0.0072858313404562,75,21.88
2024-11-08,2024-11-15,75895.71436900047,4392.713378040631,0.2908712254628892,1.231136323595675,69067.3,73097.40000000001,75750.0,78507.2,83242.8,0.1737932862162699,0.0961492349477248,0.0410894257239069,-0.0256021824631697,0.0899757455603501,75,14.94
2024-11-15,2024-11-22,91046.05576717728,7081.477885775785,0.3206901881540541,1.7006306949557377,80126.1,86684.6,90791.3,95091.1,102870.8,0.0828164835544693,0.1737932862162699,0.0961492349477248,0.0410894257239069,-0.0256021824631697,80,16.14
2024-11-22,2024-11-29,98657.28549533838,8014.240009773283,-0.4220730574475504,1.9224620520829017,85401.20000000001,94535.9,99379.8,103985.5,111477.9,-0.0145863081538866,0.0828164835544693,0.1737932862162699,0.0961492349477248,0.0410894257239069,94,15.24
2024-11-29,2024-12-06,97379.60411006153,6876.04084797041,0.205366872475052,1.9174790806950612,86716.8,93286.0,97177.1,101268.7,108747.5,0.0231331845640844,-0.0145863081538866,0.0828164835544693,0.1737932862162699,0.0961492349477248,78,13.51
2024-12-06,2024-12-13,100221.49523359312,8038.951618093832,0.1780569672150241,2.416624447127393,87860.5,95632.7,99974.5,104592.0,113466.9,0.0167369924591546,0.0231331845640844,-0.0145863081538866,0.0828164835544693,0.1737932862162699,72,12.77
2024-12-13,2024-12-20,101052.85563506244,6831.481592880283,0.454159793184373,1.8354572624370915,90662.9,96811.8,100724.2,104869.3,112613.1,-0.0363320152228879,0.0167369924591546,0.0231331845640844,-0.0145863081538866,0.0828164835544693,76,13.81
2024-12-20,2024-12-27,96724.81679665796,6666.572892193849,0.3301035516700057,1.0353238088525822,86361.1,92366.5,96508.9,100751.6,107902.6,-0.0365092959494584,-0.0363320152228879,0.0167369924591546,0.0231331845640844,-0.0145863081538866,74,18.36
2024-12-27,2025-01-03,93510.6277601328,6755.282413746764,0.1638919713278575,1.7400148022298056,82919.0,89470.5,93354.5,97396.0,104630.2,0.0402723447310569,-0.0365092959494584,-0.0363320152228879,0.0167369924591546,0.0231331845640844,74,15.95
2025-01-03,2025-01-10,97731.51453358648,5884.554711553162,0.2201162840584667,1.461857016109187,88523.0,94106.8,97569.1,101173.8,107495.7,-0.0357535730298688,0.0402723447310569,-0.0365092959494584,-0.0363320152228879,0.0167369924591546,74,16.13
2025-01-10,2025-01-17,94034.08997955294,6757.800153079268,-0.0626404016546638,1.6421116617722822,83161.6,90060.3,94029.4,98060.2,104882.5,0.094145946799186,-0.0357535730298688,0.0402723447310569,-0.0365092959494584,-0.0363320152228879,50,19.54
2025-01-17,2025-01-24,104293.33009503208,10272.144268185382,0.1308775550166252,2.7096420266193557,88828.6,98619.6,103946.9,109739.0,121369.4,0.0075906338760829,0.094145946799186,-0.0357535730298688,0.0402723447310569,-0.0365092959494584,75,15.97
2025-01-24,2025-01-31,104714.20325395174,8130.45011782052,-0.1978595374229062,1.672163594540093,91361.9,100005.4,104887.2,109639.4,117469.5,-0.0235509128200113,0.0075906338760829,0.094145946799186,-0.0357535730298688,0.0402723447310569,75,14.85
2025-01-31,2025-02-07,101302.52654097303,6304.458940616257,0.2567492422901407,1.5388116797684566,91462.0,97422.9,101121.4,104958.8,111775.2,-0.0595618706391492,-0.0235509128200113,0.0075906338760829,0.094145946799186,-0.0357535730298688,76,16.43
2025-02-07,2025-02-14,95627.44451003862,6048.888617022357,0.0079019024137459,1.1900922237733509,85801.70000000001,91933.7,95649.2,99328.1,105365.8,0.0102438288850571,-0.0595618706391492,-0.0235509128200113,0.0075906338760829,0.094145946799186,44,16.54
2025-02-14,2025-02-21,96541.53903719471,5376.738123941234,0.0767365152503675,1.1142011867756656,87906.20000000001,93197.6,96509.5,99832.0,105287.6,-0.0136152790304876,0.0102438288850571,-0.0595618706391492,-0.0235509128200113,0.0075906338760829,48,14.77
2025-02-21,2025-02-28,94993.21842055162,5559.150149544231,0.2511769159968683,1.0954656318607805,86270.0,91434.5,94850.4,98348.1,104236.2,-0.1312679243682674,-0.0136152790304876,0.0102438288850571,-0.0595618706391492,-0.0235509128200113,55,18.21
2025-02-28,2025-03-07,83510.56238990238,5768.528560041709,-0.2586991173526171,2.035605550597867,74110.5,80250.0,83621.20000000001,86953.70000000001,92523.8,0.0286526850835397,-0.1312679243682674,-0.0136152790304876,0.0102438288850571,-0.0595618706391492,16,19.63
2025-03-07,2025-03-14,85784.54420979052,6637.717203474104,0.0595594459341964,1.688120150564119,75214.90000000001,81850.40000000001,85722.1,89664.3,96556.6,-0.0330100039127444,0.0286526850835397,-0.1312679243682674,-0.0136152790304876,0.0102438288850571,34,23.37
2025-03-14,2025-03-21,83095.148984038,5666.779246310551,0.0015812297565227,0.9527047226606316,73880.0,79552.1,83125.6,86645.5,92211.7,0.0012564855558827,-0.0330100039127444,0.0286526850835397,-0.1312679243682674,-0.0136152790304876,27,21.77
2025-03-21,2025-03-28,81390.43834622682,4357.225284528702,0.186603199661707,0.6318269497638944,74450.5,78502.7,81336.6,84152.1,88565.8,0.0039829580518676,0.0012564855558827,-0.0330100039127444,0.0286526850835397,-0.1312679243682674,31,19.28
2025-03-28,2025-04-04,83439.13665976169,5932.64212348553,-0.4277909743088265,1.858048797670224,73430.2,80111.70000000001,83719.40000000001,87121.70000000001,92442.1,-0.0063513552397433,0.0039829580518676,0.0012564855558827,-0.0330100039127444,0.0286526850835397,44,21.65
2025-04-25,2025-05-02,94737.01815690784,5472.43062284464,0.0956065640472718,1.5754609276561533,86068.40000000001,91444.4,94657.5,97953.5,103673.6,0.0234805239691412,0.1136143091131423,0.0125178430329079,-0.0055707473727117,-0.0063513552397433,60,24.84
2025-05-02,2025-05-09,96667.4412950147,5127.972464278359,-0.050070927044857,1.727016614258753,88409.40000000001,93665.8,96682.1,99699.0,104874.2,0.0609102135480678,0.0234805239691412,0.1136143091131423,0.0125178430329079,-0.0055707473727117,67,22.68
2025-05-09,2025-05-16,102856.55051553636,5666.199676196136,0.2859960174985862,1.360338217710166,94027.8,99292.1,102686.0,106190.2,112300.3,0.0047657500935193,0.0609102135480678,0.0234805239691412,0.1136143091131423,0.0125178430329079,73,21.9
2025-05-16,2025-05-23,103228.7693661545,5033.169556253244,0.0929001058369172,1.3545866977700376,95202.2,100148.2,103180.7,106243.9,111428.7,0.0365764253621634,0.0047657500935193,0.0609102135480678,0.0234805239691412,0.1136143091131423,71,17.24
2025-05-23,2025-05-30,107558.13555019438,6741.73800607815,-0.0020620034776576,1.3612415631446586,96692.7,103481.0,107559.5,111637.7,118418.3,-0.0315479109452616,0.0365764253621634,0.0047657500935193,0.0609102135480678,0.0234805239691412,78,22.29
2025-05-30,2025-06-06,102614.10982822588,5352.281626739186,-0.1053267920816822,1.110598327613883,93794.0,99360.2,102707.5,105963.3,111097.5,0.0029092477222376,-0.0315479109452616,0.0365764253621634,0.0047657500935193,0.0609102135480678,60,18.57
2025-06-06,2025-06-13,103456.12241403216,4799.185691100232,0.1753934171734287,1.0116171780299403,95826.2,100398.1,103388.2,106393.3,111348.3,0.0169065826876165,0.0029092477222376,-0.0315479109452616,0.0365764253621634,0.0047657500935193,45,16.77
2025-06-13,2025-06-20,104066.26233878048,5480.579563696088,-0.1385253247292355,1.4468151992466796,95074.8,100828.4,104155.5,107417.6,112729.7,-0.0264491863728325,0.0169065826876165,0.0029092477222376,-0.0315479109452616,0.0365764253621634,61,20.82
2025-06-20,2025-06-27,102088.52232716318,5287.769009466603,0.2548095350740015,1.05906642696245,93802.8,98687.0,101947.7,105290.8,110888.4,0.0356555838911647,-0.0264491863728325,0.0169065826876165,0.0029092477222376,-0.0315479109452616,54,20.62
2025-06-27,2025-07-04,105835.41295045867,4567.959264368252,0.0874533889852346,0.8416477592909768,98489.7,102950.2,105830.8,108691.7,113302.6,0.0087117886122613,0.0356555838911647,-0.0264491863728325,0.0169065826876165,0.0029092477222376,65,16.32
2025-07-04,2025-07-11,107036.68019463324,5006.280581264659,-0.0438077322789391,1.1349701535070658,98848.4,103979.2,107090.6,110136.7,115034.7,0.0846884195862287,0.0087117886122613,0.0356555838911647,-0.0264491863728325,0.0169065826876165,73,17.48
2025-07-11,2025-07-18,116997.36832062928,5553.344260489696,0.0656461714183894,1.179978110184433,108074.6,113568.1,116970.9,120379.8,126014.8,0.0033737622385333,0.0846884195862287,0.0087117886122613,0.0356555838911647,-0.0264491863728325,71,16.4
2025-07-18,2025-07-25,117404.89624988528,5995.644005143809,-0.2851490040530048,1.098650586482373,107312.7,113898.5,117717.6,121294.5,126749.5,-0.0026367606396937,0.0033737622385333,0.0846884195862287,0.0087117886122613,0.0356555838911647,73,16.41
2025-07-25,2025-08-01,115967.55621785558,5700.437379797594,0.1144533083859207,1.2207867503302818,106836.3,112444.1,115921.5,119407.2,125264.9,-0.0373898139475127,-0.0026367606396937,0.0033737622385333,0.0846884195862287,0.0087117886122613,70,14.93
2025-08-01,2025-08-08,112193.5184150255,5093.327923493182,0.1480405454980016,1.3499873968291205,104114.2,109059.9,112115.8,115225.0,120547.3,0.0293691656335146,-0.0373898139475127,-0.0026367606396937,0.0033737622385333,0.0846884195862287,65,20.38
2025-08-08,2025-08-15,115719.702720913,4442.722114052528,-0.1011755878405178,1.1673254889572453,108390.5,113032.3,115806.4,118482.8,122750.6,0.005703110522226,0.0293691656335146,-0.0373898139475127,-0.0026367606396937,0.0033737622385333,74,15.15
2025-08-15,2025-08-22,116510.23150845084,5092.361925213177,-0.312486522481269,1.2900383116722578,107874.8,113526.4,116748.1,119742.7,124312.3,-0.0034664828732421,0.005703110522226,0.0293691656335146,-0.0373898139475127,-0.0026367606396937,60,15.09
2025-08-22,2025-08-29,115637.12248014777,5452.416782461605,-0.479458358394411,1.6070311375761,106359.1,112638.6,116045.0,119186.4,123949.4,-0.0760071108859025,-0.0034664828732421,0.005703110522226,0.0293691656335146,-0.0373898139475127,50,14.22
