model_id,variables,num_variables,n_obs,rsquared,adj_rsquared,aic,bic,required_factor,required_factor_pvalue,pass_pvalue_screen
model_0187,Skewness + Mean + Std + Median + T-2 Return,5,1196,0.03892448748206501,0.03488635507652749,-4963.546840363414,-4933.0264127563505,Skewness,2.2298519784901734e-10,True
model_0058,Skewness + Mean + Std + Median,4,1196,0.03648541703938357,0.03324943187410856,-4962.515410639199,-4937.081720966647,Skewness,2.7190925344562825e-10,True
model_0189,Skewness + Mean + Std + Median + T-4 Return,5,1196,0.037054681520004795,0.033008692786895555,-4961.222241171338,-4930.701813564275,Skewness,2.767725205140478e-10,True
model_0185,Skewness + Mean + Std + Median + VIX,5,1196,0.03773255037819356,0.033689409833564166,-4962.064466198442,-4931.544038591378,Skewness,2.9151729889901595e-10,True
model_0075,Skewness + Mean + Median + T-2 Return,4,1196,0.03643886162577015,0.033202720103102656,-4962.457623315041,-4937.023933642488,Skewness,7.754876195139126e-10,True
model_0239,Skewness + Mean + Median + T-2 Return + T-4 Return,5,1196,0.03702582448753322,0.03297971450638837,-4961.18640061731,-4930.6659730102465,Skewness,7.945362565912119e-10,True
model_0232,Skewness + Mean + Median + VIX + T-2 Return,5,1196,0.0376444284813825,0.033600917676682385,-4961.954944710335,-4931.434517103272,Skewness,8.414306094706967e-10,True
model_0014,Skewness + Mean + Median,3,1196,0.03394341711090554,0.031512066650614234,-4961.364209245789,-4941.017257507747,Skewness,9.606668828196181e-10,True
model_0077,Skewness + Mean + Median + T-4 Return,4,1196,0.03448713859262831,0.03124444216472777,-4960.037538295631,-4934.603848623078,Skewness,9.85832093813275e-10,True
model_0073,Skewness + Mean + Median + VIX,4,1196,0.035153054107345594,0.03191259417151804,-4960.862705691038,-4935.4290160184855,Skewness,1.041843773667117e-09,True
model_0234,Skewness + Mean + Median + VIX + T-4 Return,5,1196,0.03566944725204502,0.03161763820688557,-4959.50298499789,-4928.9825573908265,Skewness,1.068035893805225e-09,True
model_0026,Skewness + Std + T-2 Return,3,1196,0.030835694503069555,0.028396522593261864,-4957.522953235874,-4937.176001497832,Skewness,5.579837778896434e-09,True
model_0009,Skewness + T-2 Return,2,1196,0.030355911572865102,0.028730355682794473,-4958.9310222353315,-4943.6708084318,Skewness,5.66310426523955e-09,True
model_0119,Skewness + Std + T-2 Return + T-4 Return,4,1196,0.031373753541832916,0.028120600740965784,-4956.187130926543,-4930.753441253991,Skewness,5.8485712627563995e-09,True
model_0055,Skewness + T-2 Return + T-4 Return,3,1196,0.03089034296843285,0.02845130859670919,-4957.590394233231,-4937.243442495188,Skewness,5.935796981322479e-09,True
model_0115,Skewness + Std + T-1 Return + T-2 Return,4,1196,0.03170632362904535,0.028454287772215925,-4956.597838487064,-4931.1641488145115,Skewness,6.156208921908406e-09,True
model_0051,Skewness + T-1 Return + T-2 Return,3,1196,0.03128070651231285,0.02884265459917279,-4958.07224770608,-4937.725295968037,Skewness,6.250978109855852e-09,True
model_0314,Skewness + Std + T-1 Return + T-2 Return + T-4 Return,5,1196,0.032225541503032806,0.028159262265650575,-4955.239328919134,-4924.718901312071,Skewness,6.442361912612029e-09,True
model_0174,Skewness + T-1 Return + T-2 Return + T-4 Return,4,1196,0.031796012006049756,0.028544277369630056,-4956.708623334317,-4931.274933661764,Skewness,6.541616883971173e-09,True
model_0062,Skewness + Mean + Std + T-2 Return,4,1196,0.03125900107679047,0.02800546287721628,-4956.045450046288,-4930.611760373736,Skewness,6.566156410986104e-09,True
model_0203,Skewness + Mean + Std + T-2 Return + T-4 Return,5,1196,0.031806217525849556,0.027738176423017014,-4954.721230043399,-4924.200802436336,Skewness,6.781658860832993e-09,True
model_0196,Skewness + Mean + Std + VIX + T-2 Return,5,1196,0.0326047913875378,0.028540105637065327,-4955.708107316589,-4925.187679709526,Skewness,6.827830783881663e-09,True
model_0003,Skewness + Std,2,1196,0.02805104442020745,0.02642162454496888,-4956.091475175795,-4940.831261372263,Skewness,7.525197440239534e-09,True
model_0001,Skewness,1,1196,0.0275683938722725,0.026753962041344836,-4957.497712742087,-4947.324236873066,Skewness,7.638774120790411e-09,True
model_0199,Skewness + Mean + Std + T-1 Return + T-2 Return,5,1196,0.032086968956722806,0.0280201074817511,-4955.068089742806,-4924.547662135742,Skewness,7.68981216629134e-09,True
model_0028,Skewness + Std + T-4 Return,3,1196,0.028544325963437367,0.026099387186499734,-4954.698620727863,-4934.351668989821,Skewness,7.894797757548989e-09,True
model_0011,Skewness + T-4 Return,2,1196,0.02805817031941671,0.02642876239036296,-4956.10024375016,-4940.840029946628,Skewness,8.013759808861304e-09,True
model_0025,Skewness + Std + T-1 Return,3,1196,0.029041845745042205,0.02659815911520602,-4955.311295188009,-4934.964343449967,Skewness,8.274563624861121e-09,True
model_0008,Skewness + T-1 Return,2,1196,0.028617010420147748,0.02698853935630896,-4956.788108971942,-4941.52789516841,Skewness,8.400727140636337e-09,True
model_0117,Skewness + Std + T-1 Return + T-4 Return,4,1196,0.02951686225575334,0.026257473044185686,-4953.8965508539795,-4928.462861181427,Skewness,8.667966991598028e-09,True
model_0012,Skewness + Mean + Std,3,1196,0.028475102577671163,0.026029989580802937,-4954.613399938088,-4934.2664482000455,Skewness,8.749531401870133e-09,True
model_0053,Skewness + T-1 Return + T-4 Return,3,1196,0.029088295901449013,0.026644726176368816,-4955.36851260331,-4935.021560865267,Skewness,8.800078746306039e-09,True
model_0064,Skewness + Mean + Std + T-4 Return,4,1196,0.028977164104766917,0.025715962304950768,-4953.231624746134,-4927.797935073581,Skewness,9.05038255401062e-09,True
model_0060,Skewness + Mean + Std + VIX,4,1196,0.02982833176989752,0.02656998863562343,-4954.280459976785,-4928.846770304232,Skewness,9.093087983626098e-09,True
model_0288,Skewness + Std + Median + VIX + T-2 Return,5,1196,0.0322073635170409,0.028141007901566262,-4955.216864318137,-4924.696436711073,Skewness,9.263906366545417e-09,True
model_0198,Skewness + Mean + Std + VIX + T-4 Return,5,1196,0.030303247160928914,0.02622889105656312,-4952.866065487812,-4922.345637880749,Skewness,9.398175465114896e-09,True
model_0084,Skewness + Mean + VIX + T-2 Return,4,1196,0.031806910783005904,0.028555212750371095,-4956.722086417268,-4931.288396744715,Skewness,1.02306013805814e-08,True
model_0061,Skewness + Mean + Std + T-1 Return,4,1196,0.029420413110988863,0.026160699972822554,-4953.777695161406,-4928.344005488853,Skewness,1.0246883786326312e-08,True
model_0201,Skewness + Mean + Std + T-1 Return + T-4 Return,5,1196,0.029903995297238972,0.025827961664034116,-4952.373739455704,-4921.85331184864,Skewness,1.0579212456308734e-08,True
model_0255,Skewness + Mean + VIX + T-2 Return + T-4 Return,5,1196,0.03231758524918549,0.028251692750232538,-4955.353084303718,-4924.832656696654,Skewness,1.0586774398331153e-08,True
model_0195,Skewness + Mean + Std + VIX + T-1 Return,5,1196,0.0307430856438643,0.026670577600351186,-4953.408674466576,-4922.888246859512,Skewness,1.0621114669509265e-08,True
model_0251,Skewness + Mean + VIX + T-1 Return + T-2 Return,5,1196,0.032690597857713444,0.02862627263862827,-4955.814195385877,-4925.293767778813,Skewness,1.1587570572077916e-08,True
model_0101,Skewness + Std + Median + VIX,4,1196,0.02942218575045641,0.026162478565739167,-4953.779879504419,-4928.3461898318665,Skewness,1.2412480054850206e-08,True
model_0290,Skewness + Std + Median + VIX + T-4 Return,5,1196,0.0298948063142348,0.02581873407185764,-4952.362410709303,-4921.841983102239,Skewness,1.2846715320049812e-08,True
model_0048,Skewness + VIX + T-2 Return,3,1196,0.03120810634677562,0.02876987171509815,-4957.982617464354,-4937.635665726311,Skewness,1.2947832457569743e-08,True
model_0171,Skewness + VIX + T-2 Return + T-4 Return,4,1196,0.031717953916164277,0.028465957119912955,-4956.612203867394,-4931.178514194841,Skewness,1.3417654676574815e-08,True
model_0016,Skewness + Mean + VIX,3,1196,0.029026542518025944,0.02658281737335666,-4955.29244523531,-4934.945493497267,Skewness,1.3615796737769522e-08,True
model_0287,Skewness + Std + Median + VIX + T-1 Return,5,1196,0.030379380193885197,0.026305343976212425,-4952.959969774697,-4922.439542167634,Skewness,1.4056097116255713e-08,True
model_0086,Skewness + Mean + VIX + T-4 Return,4,1196,0.029493563155680635,0.02623409569356705,-4953.8678379499515,-4928.434148277399,Skewness,1.4107840757768823e-08,True
model_0167,Skewness + VIX + T-1 Return + T-2 Return,4,1196,0.03212488223299981,0.028874252114554744,-4957.11493813214,-4931.681248459588,Skewness,1.4202920602094828e-08,True
model_0383,Skewness + VIX + T-1 Return + T-2 Return + T-4 Return,5,1196,0.03261624016186948,0.028551602515490826,-4955.722261630156,-4925.2018340230925,Skewness,1.4699435259839815e-08,True
model_0083,Skewness + Mean + VIX + T-1 Return,4,1196,0.030031184610408768,0.026773522761913027,-4954.530557328172,-4929.0968676556195,Skewness,1.539284071431508e-08,True
model_0253,Skewness + Mean + VIX + T-1 Return + T-4 Return,5,1196,0.030480614582574117,0.026407003719475686,-4953.084846089617,-4922.564418482553,Skewness,1.5925432075800205e-08,True
model_0190,Skewness + Mean + Std + Fear and Greed Index + VIX,5,1196,0.03022330398045059,0.02614861198036844,-4952.767469609676,-4922.247042002612,Skewness,1.7051714533674598e-08,True
model_0007,Skewness + VIX,2,1196,0.028426144179470647,0.026797353138698576,-4956.553131005113,-4941.292917201581,Skewness,1.7343775954439932e-08,True
model_0050,Skewness + VIX + T-4 Return,3,1196,0.028892360977118448,0.02644829812722871,-4955.1271780655015,-4934.780226327459,Skewness,1.799544525573026e-08,True
model_0047,Skewness + VIX + T-1 Return,3,1196,0.02946607240517307,0.027023453459884106,-4955.833960305558,-4935.487008567516,Skewness,1.8954550350641176e-08,True
model_0169,Skewness + VIX + T-1 Return + T-4 Return,4,1196,0.02991443752203904,0.02665638357584943,-4954.38661340634,-4928.952923733787,Skewness,1.9643345964433974e-08,True
model_0106,Skewness + Std + Fear and Greed Index + VIX,4,1196,0.029569160171793785,0.026309946603940815,-4953.961003280335,-4928.527313607782,Skewness,2.028055489526724e-08,True
model_0042,Skewness + Fear and Greed Index + VIX,3,1196,0.029102567509218913,0.026659033702614687,-4955.386092954098,-4935.039141216055,Skewness,2.130656379543121e-08,True
model_0300,Skewness + Std + Fear and Greed Index + VIX + T-4 Return,5,1196,0.030240150537946597,0.02616552932171945,-4952.788246204797,-4922.267818597734,Skewness,2.1643255449237757e-08,True
model_0297,Skewness + Std + Fear and Greed Index + VIX + T-1 Return,5,1196,0.030638635621504706,0.026565688712351432,-4953.279796875527,-4922.759369268463,Skewness,2.2508932271222972e-08,True
model_0160,Skewness + Fear and Greed Index + VIX + T-4 Return,4,1196,0.02974988813962054,0.02649128155066882,-4954.183760812898,-4928.750071140345,Skewness,2.275563554243831e-08,True
model_0157,Skewness + Fear and Greed Index + VIX + T-1 Return,4,1196,0.030224157474063373,0.02696714372922393,-4954.7685222012815,-4929.334832528729,Skewness,2.3596220927669113e-08,True
model_0374,Skewness + Fear and Greed Index + VIX + T-1 Return + T-4 Return,5,1196,0.030860235685187587,0.026788219868738805,-4953.553238735732,-4923.032811128668,Skewness,2.5173279227390107e-08,True
model_0177,Skewness + Mean + Std + Kurtosis + Median,5,1196,0.03732374500660185,0.03327888679234392,-4961.5564708419,-4931.036043234836,Skewness,4.918927886816559e-07,True
model_0065,Skewness + Mean + Kurtosis + Median,4,1196,0.034381602972082925,0.031138552100452577,-4959.906816365937,-4934.473126693384,Skewness,8.393609118500136e-07,True
model_0210,Skewness + Mean + Kurtosis + Median + T-4 Return,5,1196,0.03493530283959412,0.030880409154046218,-4958.592817151556,-4928.072389544493,Skewness,8.735689200217254e-07,True
model_0208,Skewness + Mean + Kurtosis + Median + T-2 Return,5,1196,0.03697794118241571,0.03293163001091326,-4961.12693172333,-4930.6065041162665,Skewness,8.811828977963398e-07,True
model_0206,Skewness + Mean + Kurtosis + Median + VIX,5,1196,0.03563210065907596,0.03158013469545862,-4959.456667207621,-4928.936239600557,Skewness,9.743392071655415e-07,True
model_0188,Skewness + Mean + Std + Median + T-3 Return,5,1196,0.03648571444586424,0.032437335094796405,-4960.515779806633,-4929.995352199569,Skewness,2.97756919721035e-10,False
model_0184,Skewness + Mean + Std + Median + Fear and Greed Index,5,1196,0.036485434317059195,0.03243705378897965,-4960.515432085786,-4929.995004478723,Skewness,3.4326139381516564e-10,False
model_0186,Skewness + Mean + Std + Median + T-1 Return,5,1196,0.03661581853013873,0.03256798583488718,-4960.67728752247,-4930.156859915406,Skewness,3.701601648281618e-10,False
model_0228,Skewness + Mean + Median + Fear and Greed Index + T-2 Return,5,1196,0.036520684637165735,0.032472452219674874,-4960.559188719647,-4930.038761112583,Skewness,7.96608811708728e-10,False
model_0238,Skewness + Mean + Median + T-2 Return + T-3 Return,5,1196,0.03644133289159657,0.03239276706340999,-4960.460690725712,-4929.9402631186485,Skewness,8.595685658345832e-10,False
model_0235,Skewness + Mean + Median + T-1 Return + T-2 Return,5,1196,0.036675261601616826,0.03262767866716987,-4960.751085814237,-4930.230658207173,Skewness,1.0119781214139209e-09,False
model_0076,Skewness + Mean + Median + T-3 Return,4,1196,0.03394343434516478,0.030698911874451618,-4959.364230582193,-4933.9305409096405,Skewness,1.0456758030686266e-09,False
model_0240,Skewness + Mean + Median + T-3 Return + T-4 Return,5,1196,0.03448717807135193,0.030430401508626526,-4958.037587198712,-4927.517159591648,Skewness,1.0683281273399628e-09,False
model_0233,Skewness + Mean + Median + VIX + T-3 Return,5,1196,0.03515307741271734,0.03109909874638428,-4958.862734579791,-4928.342306972728,Skewness,1.1293218476552264e-09,False
model_0072,Skewness + Mean + Median + Fear and Greed Index,4,1196,0.033943672874423125,0.03069915120481581,-4959.364525886877,-4933.930836214325,Skewness,1.2063884223008968e-09,False
model_0074,Skewness + Mean + Median + T-1 Return,4,1196,0.03422995900791903,0.03098639883666099,-4959.7190072458825,-4934.28531757333,Skewness,1.270057766920177e-09,False
model_0229,Skewness + Mean + Median + Fear and Greed Index + T-3 Return,5,1196,0.03394367651494812,0.029884616332237823,-4957.364530393931,-4926.844102786868,Skewness,1.274126554420291e-09,False
model_0237,Skewness + Mean + Median + T-1 Return + T-4 Return,5,1196,0.03476104066617436,0.030705414786620477,-4958.376874380817,-4927.856446773753,Skewness,1.2969140442447253e-09,False
model_0230,Skewness + Mean + Median + Fear and Greed Index + T-4 Return,5,1196,0.034501546204786404,0.030444830012369528,-4958.055385424755,-4927.534957817691,Skewness,1.3400692187862092e-09,False
model_0231,Skewness + Mean + Median + VIX + T-1 Return,5,1196,0.03542900142604366,0.03137618210430437,-4959.204811968592,-4928.684384361529,Skewness,1.3706541362171058e-09,False
model_0236,Skewness + Mean + Median + T-1 Return + T-3 Return,5,1196,0.0342301058611445,0.030172249163082143,-4957.719189107468,-4927.1987615004045,Skewness,1.387678801071819e-09,False
model_0227,Skewness + Mean + Median + Fear and Greed Index + T-1 Return,5,1196,0.03423258351801184,0.03017473723027242,-4957.722257417458,-4927.201829810395,Skewness,1.6553071903045717e-09,False
model_0226,Skewness + Mean + Median + Fear and Greed Index + VIX,5,1196,0.03539311940207435,0.03134014931552842,-4959.160321617407,-4928.639894010344,Skewness,2.001900799033742e-09,False
model_0108,Skewness + Std + Fear and Greed Index + T-2 Return,4,1196,0.030842764917379473,0.02758782877940258,-4955.531678532828,-4930.097988860275,Skewness,5.637574279379476e-09,False
model_0044,Skewness + Fear and Greed Index + T-2 Return,3,1196,0.03035644162324147,0.027916063540078584,-4956.931676022049,-4936.584724284006,Skewness,5.79144900603234e-09,False
model_0305,Skewness + Std + Fear and Greed Index + T-2 Return + T-4 Return,5,1196,0.03140670106354515,0.02733698132011464,-4954.2278131879475,-4923.707385580884,Skewness,5.8413959616274716e-09,False
model_0165,Skewness + Fear and Greed Index + T-2 Return + T-4 Return,4,1196,0.030895468304623974,0.027640709172145783,-4955.596719542497,-4930.163029869945,Skewness,6.004511954978039e-09,False
model_0118,Skewness + Std + T-2 Return + T-3 Return,4,1196,0.03083888134798196,0.027583932166950764,-4955.526885977474,-4930.093196304922,Skewness,6.109267490858916e-09,False
model_0054,Skewness + T-2 Return + T-3 Return,3,1196,0.030358068755167666,0.02791769476713546,-4956.933682998116,-4936.586731260073,Skewness,6.178205870194353e-09,False
model_0301,Skewness + Std + Fear and Greed Index + T-1 Return + T-2 Return,5,1196,0.03172200538068892,0.02765361044531367,-4954.617208154862,-4924.0967805477985,Skewness,6.189020071831896e-09,False
model_0304,Skewness + Std + Fear and Greed Index + T-2 Return + T-3 Return,5,1196,0.030844767102436332,0.026772686291942405,-4953.534149355634,-4923.013721748571,Skewness,6.192006400643174e-09,False
model_0161,Skewness + Fear and Greed Index + T-1 Return + T-2 Return,4,1196,0.03128133190997617,0.02802786870900209,-4956.073019834653,-4930.6393301621,Skewness,6.355499796245444e-09,False
model_0164,Skewness + Fear and Greed Index + T-2 Return + T-3 Return,4,1196,0.030358974257977067,0.027102413298306094,-4954.934799886557,-4929.501110214004,Skewness,6.372987343441433e-09,False
model_0316,Skewness + Std + T-2 Return + T-3 Return + T-4 Return,5,1196,0.0313759237226755,0.027306074662686752,-4954.189810535118,-4923.669382928055,Skewness,6.3775996526157245e-09,False
model_0176,Skewness + T-2 Return + T-3 Return + T-4 Return,4,1196,0.030891680654818843,0.027636908801434545,-4955.592045103193,-4930.158355430641,Skewness,6.4495223810766005e-09,False
model_0381,Skewness + Fear and Greed Index + T-2 Return + T-3 Return + T-4 Return,5,1196,0.030896157243995304,0.02682429235846584,-4953.5975697828535,-4923.07714217579,Skewness,6.542667316275877e-09,False
model_0379,Skewness + Fear and Greed Index + T-1 Return + T-2 Return + T-4 Return,5,1196,0.031809919601100245,0.027741894053205707,-4954.725803188306,-4924.205375581242,Skewness,6.584388623879579e-09,False
model_0313,Skewness + Std + T-1 Return + T-2 Return + T-3 Return,5,1196,0.03171110890864137,0.027642668189770125,-4954.60374909939,-4924.083321492327,Skewness,6.772221117075404e-09,False
model_0173,Skewness + T-1 Return + T-2 Return + T-3 Return,4,1196,0.03128432273876003,0.028030869582550966,-4956.076712379109,-4930.643022706557,Skewness,6.8543765188865995e-09,False
model_0192,Skewness + Mean + Std + Fear and Greed Index + T-2 Return,5,1196,0.03129878247345308,0.027228609290568473,-4954.0945648534425,-4923.574137246379,Skewness,6.984031649292243e-09,False
model_0378,Skewness + Fear and Greed Index + T-1 Return + T-2 Return + T-3 Return,5,1196,0.03128459412764251,0.02721436132985955,-4954.077047442489,-4923.556619835425,Skewness,7.010651537813647e-09,False
model_0386,Skewness + T-1 Return + T-2 Return + T-3 Return + T-4 Return,5,1196,0.031798542177514544,0.027730468825319265,-4954.711748800709,-4924.191321193645,Skewness,7.144116559605957e-09,False
model_0202,Skewness + Mean + Std + T-2 Return + T-3 Return,5,1196,0.0312608341735332,0.02719050154401026,-4954.047713175217,-4923.527285568153,Skewness,7.206586173465047e-09,False
model_0023,Skewness + Std + Fear and Greed Index,3,1196,0.02818940644491541,0.02574357441415609,-4954.26174415984,-4933.914792421798,Skewness,7.278540735379125e-09,False
model_0006,Skewness + Fear and Greed Index,2,1196,0.027637565601673297,0.026007452551550347,-4955.582790530968,-4940.322576727436,Skewness,7.521813170502201e-09,False
model_0110,Skewness + Std + Fear and Greed Index + T-4 Return,4,1196,0.02876402807751044,0.025502110455604465,-4952.969135845483,-4927.53544617293,Skewness,7.536602531483367e-09,False
model_0109,Skewness + Std + Fear and Greed Index + T-3 Return,4,1196,0.028191304080165458,0.024927462951971235,-4952.264079567573,-4926.830389895021,Skewness,7.732439148903146e-09,False
model_0046,Skewness + Fear and Greed Index + T-4 Return,3,1196,0.02818556278680906,0.025739721082413514,-4954.2570138080255,-4933.910062069983,Skewness,7.79374092667528e-09,False
model_0306,Skewness + Std + Fear and Greed Index + T-3 Return + T-4 Return,5,1196,0.028768707904404667,0.02468790415610389,-4950.97489869469,-4920.454471087626,Skewness,7.925360765669982e-09,False
model_0107,Skewness + Std + Fear and Greed Index + T-1 Return,4,1196,0.029208965987635782,0.025948542699600896,-4953.517167101688,-4928.083477429135,Skewness,7.964999270195644e-09,False
model_0045,Skewness + Fear and Greed Index + T-3 Return,3,1196,0.02763906635173885,0.02519184923685236,-4953.584636446029,-4933.237684707987,Skewness,8.00419890711289e-09,False
model_0027,Skewness + Std + T-3 Return,3,1196,0.028051108701131144,0.02560492860558039,-4954.091554274585,-4933.7446025365425,Skewness,8.096312023822665e-09,False
model_0010,Skewness + T-3 Return,2,1196,0.027568398012136175,0.02593816900628898,-4955.497717833731,-4940.2375040301995,Skewness,8.18849145467724e-09,False
model_0166,Skewness + Fear and Greed Index + T-3 Return + T-4 Return,4,1196,0.02818951682945403,0.02492566969873844,-4952.2618800092705,-4926.828190336718,Skewness,8.2117193820238e-09,False
model_0043,Skewness + Fear and Greed Index + T-1 Return,3,1196,0.028711253803920034,0.02626673514738631,-4954.9041502824775,-4934.557198544435,Skewness,8.224501519110358e-09,False
model_0303,Skewness + Std + Fear and Greed Index + T-1 Return + T-4 Return,5,1196,0.029770717144000702,0.02569412351855538,-4952.209436415852,-4921.6890088087885,Skewness,8.24083113096763e-09,False
model_0120,Skewness + Std + T-3 Return + T-4 Return,4,1196,0.02854432923139194,0.02528167374602297,-4952.69862475118,-4927.264935078628,Skewness,8.459726933506436e-09,False
model_0103,Skewness + Std + Median + T-2 Return,4,1196,0.031036514151738137,0.02778222872487579,-4955.770800980218,-4930.3371113076655,Skewness,8.492967562885504e-09,False
model_0302,Skewness + Std + Fear and Greed Index + T-1 Return + T-3 Return,5,1196,0.02921010250826439,0.025131153359139513,-4951.518567278882,-4920.9981396718185,Skewness,8.493726867758479e-09,False
model_0163,Skewness + Fear and Greed Index + T-1 Return + T-4 Return,4,1196,0.029247668726577913,0.025987375422552916,-4953.564849246323,-4928.131159573771,Skewness,8.51569320997078e-09,False
model_0056,Skewness + T-3 Return + T-4 Return,3,1196,0.028058311008761105,0.02561214903982345,-4954.100416872113,-4933.75346513407,Skewness,8.555874256600586e-09,False
model_0162,Skewness + Fear and Greed Index + T-1 Return + T-3 Return,4,1196,0.028712088097457844,0.025449996033973243,-4952.905177593361,-4927.471487920809,Skewness,8.784943352442729e-09,False
model_0295,Skewness + Std + Median + T-2 Return + T-4 Return,5,1196,0.03158011681062034,0.027511125704782646,-4954.441962720818,-4923.9215351137545,Skewness,8.790177699349027e-09,False
model_0116,Skewness + Std + T-1 Return + T-3 Return,4,1196,0.02904235926223575,0.025781376421806668,-4953.311927724769,-4927.878238052216,Skewness,8.95132819100965e-09,False
model_0380,Skewness + Fear and Greed Index + T-1 Return + T-3 Return + T-4 Return,5,1196,0.029250458600651452,0.025171679014939885,-4951.568286471328,-4921.0478588642645,Skewness,9.006985851411071e-09,False
model_0052,Skewness + T-1 Return + T-3 Return,3,1196,0.02861719656555084,0.026172441187779616,-4954.78833816056,-4934.441386422517,Skewness,9.058237786775965e-09,False
model_0294,Skewness + Std + Median + T-2 Return + T-3 Return,5,1196,0.0310387101183075,0.026967444194434864,-4953.773511483795,-4923.253083876732,Skewness,9.32526566903813e-09,False
model_0315,Skewness + Std + T-1 Return + T-3 Return + T-4 Return,5,1196,0.029517028266389134,0.025439368721289934,-4951.8967554415,-4921.376327834437,Skewness,9.33918077237009e-09,False
model_0284,Skewness + Std + Median + Fear and Greed Index + T-2 Return,5,1196,0.031047937853916463,0.026976710702042217,-4953.784901437609,-4923.264473830545,Skewness,9.382775630680602e-09,False
model_0063,Skewness + Mean + Std + T-3 Return,4,1196,0.028475134279174363,0.025212246401018712,-4952.613438964364,-4927.179749291811,Skewness,9.42562235181836e-09,False
model_0175,Skewness + T-1 Return + T-3 Return + T-4 Return,4,1196,0.029088310849484045,0.025827482338483088,-4953.3685310167775,-4927.934841344225,Skewness,9.450691837099303e-09,False
model_0291,Skewness + Std + Median + T-1 Return + T-2 Return,5,1196,0.03189034590879847,0.027822658286566493,-4954.825157500397,-4924.304729893333,Skewness,9.65061868111237e-09,False
model_0204,Skewness + Mean + Std + T-3 Return + T-4 Return,5,1196,0.028977410217596367,0.024897483369771156,-4951.231927881109,-4920.711500274046,Skewness,9.708715501379547e-09,False
model_0018,Skewness + Mean + T-2 Return,3,1196,0.030492697705784777,0.02805266254900407,-4957.099751934339,-4936.752800196296,Skewness,9.724980802853649e-09,False
model_0197,Skewness + Mean + Std + VIX + T-3 Return,5,1196,0.02982855291244968,0.025752202294434756,-4952.280732595057,-4921.760304987994,Skewness,9.758020457824369e-09,False
model_0091,Skewness + Mean + T-2 Return + T-4 Return,4,1196,0.031031318190476997,0.02777701531286314,-4955.764387577549,-4930.330697904997,Skewness,1.0073454504907177e-08,False
model_0080,Skewness + Mean + Fear and Greed Index + T-2 Return,4,1196,0.030533822201686545,0.027277848472724964,-4955.150484858344,-4929.716795185791,Skewness,1.0310816410521018e-08,False
model_0090,Skewness + Mean + T-2 Return + T-3 Return,4,1196,0.030494091167492687,0.027237984000968662,-4955.101470932635,-4929.667781260082,Skewness,1.065345951629907e-08,False
model_0260,Skewness + Mean + T-2 Return + T-3 Return + T-4 Return,5,1196,0.03103206218568222,0.026960768329319595,-4953.765305892685,-4923.244878285622,Skewness,1.0988382803133466e-08,False
model_0087,Skewness + Mean + T-1 Return + T-2 Return,4,1196,0.031404041772040925,0.028150990694868927,-4956.224529551487,-4930.790839878934,Skewness,1.1039250788512861e-08,False
model_0248,Skewness + Mean + Fear and Greed Index + T-2 Return + T-3 Return,5,1196,0.030538498812232806,0.02646513116018334,-4953.15625425993,-4922.635826652867,Skewness,1.1049958651143644e-08,False
model_0200,Skewness + Mean + Std + T-1 Return + T-3 Return,5,1196,0.029420502009009586,0.025342436891400366,-4951.777804706301,-4921.257377099238,Skewness,1.1104488463732706e-08,False
model_0254,Skewness + Mean + VIX + T-2 Return + T-3 Return,5,1196,0.031807697390501155,0.027739662505587348,-4954.7230581066515,-4924.202630499588,Skewness,1.1162831847489089e-08,False
model_0059,Skewness + Mean + Std + Fear and Greed Index,4,1196,0.028489449723535953,0.025226609924118737,-4952.631062185551,-4927.197372512998,Skewness,1.1162939506700639e-08,False
model_0022,Skewness + Std + Median,3,1196,0.028248258068487853,0.025802574154230817,-4954.334174604214,-4933.987222866172,Skewness,1.1388200575499051e-08,False
model_0258,Skewness + Mean + T-1 Return + T-2 Return + T-4 Return,5,1196,0.03192339328707383,0.027855844519372508,-4954.8659848373345,-4924.345557230271,Skewness,1.1415640843474658e-08,False
model_0249,Skewness + Mean + Fear and Greed Index + T-2 Return + T-4 Return,5,1196,0.031041682806397963,0.026970429372811466,-4953.777180712325,-4923.256753105262,Skewness,1.1482190175843625e-08,False
model_0193,Skewness + Mean + Std + Fear and Greed Index + T-3 Return,5,1196,0.028489967661959104,0.024407992736169004,-4950.631699805513,-4920.111272198449,Skewness,1.167327430829701e-08,False
model_0039,Skewness + Median + T-2 Return,3,1196,0.0303942189012274,0.02795393589510642,-4956.978273046533,-4936.63132130849,Skewness,1.1716738323633128e-08,False
model_0105,Skewness + Std + Median + T-4 Return,4,1196,0.028746769370732617,0.025484793785075954,-4952.947883306958,-4927.514193634405,Skewness,1.1803716344408144e-08,False
model_0155,Skewness + Median + T-2 Return + T-4 Return,4,1196,0.030930598454164127,0.02767595730707484,-4955.640075464414,-4930.206385791861,Skewness,1.2155381393687455e-08,False
model_0257,Skewness + Mean + T-1 Return + T-2 Return + T-3 Return,5,1196,0.031406682077623316,0.02733696225442006,-4954.227789744505,-4923.707362137441,Skewness,1.2160354890938463e-08,False
model_0245,Skewness + Mean + Fear and Greed Index + T-1 Return + T-2 Return,5,1196,0.03142401574322162,0.027354368750546088,-4954.249193205765,-4923.728765598701,Skewness,1.2227860018156664e-08,False
model_0104,Skewness + Std + Median + T-3 Return,4,1196,0.02824826039454076,0.02498461055539558,-4952.334177467043,-4926.900487794491,Skewness,1.2275262898922958e-08,False
model_0112,Skewness + Std + VIX + T-2 Return,4,1196,0.031554630026520036,0.02830208470335127,-4956.410486918629,-4930.976797246077,Skewness,1.2294086733466123e-08,False
model_0194,Skewness + Mean + Std + Fear and Greed Index + T-4 Return,5,1196,0.02902606154408205,0.024946339113595006,-4951.291852794097,-4920.771425187034,Skewness,1.2377939104163043e-08,False
model_0296,Skewness + Std + Median + T-3 Return + T-4 Return,5,1196,0.028746902358529725,0.024666006990288314,-4950.948047067975,-4920.427619460911,Skewness,1.2669906091353195e-08,False
model_0311,Skewness + Std + VIX + T-2 Return + T-4 Return,5,1196,0.032069367409567784,0.028002431978515596,-4955.046340620401,-4924.525913013337,Skewness,1.2735576015708945e-08,False
model_0148,Skewness + Median + VIX + T-2 Return,4,1196,0.03155192465328438,0.028299370244059485,-4956.407145871245,-4930.9734561986925,Skewness,1.283538921823151e-08,False
model_0154,Skewness + Median + T-2 Return + T-3 Return,4,1196,0.030395946939191232,0.027139510153092794,-4954.9804045677,-4929.5467148951475,Skewness,1.2843296217346219e-08,False
model_0144,Skewness + Median + Fear and Greed Index + T-2 Return,4,1196,0.030408242562678933,0.02715184707170548,-4954.995571231749,-4929.561881559196,Skewness,1.287331527178807e-08,False
model_0102,Skewness + Std + Median + T-1 Return,4,1196,0.029221414123694278,0.025961032643001314,-4953.532503117015,-4928.098813444462,Skewness,1.2918119006787265e-08,False
model_0002,Skewness + Mean,2,1196,0.02770505013768909,0.02607505022174228,-4955.6657989886635,-4940.405585185132,Skewness,1.2951111737729253e-08,False
model_0151,Skewness + Median + T-1 Return + T-2 Return,4,1196,0.031316971418318684,0.028063627913426314,-4956.117021914403,-4930.683332241851,Skewness,1.2981648885907237e-08,False
model_0371,Skewness + Median + T-2 Return + T-3 Return + T-4 Return,5,1196,0.030931594108901006,0.026859878117761915,-4953.641304275968,-4923.120876668904,Skewness,1.326784072441061e-08,False
model_0366,Skewness + Median + VIX + T-2 Return + T-4 Return,5,1196,0.03206152812162222,0.027994559752385406,-4955.0366542336915,-4924.516226626628,Skewness,1.329521615397479e-08,False
model_0289,Skewness + Std + Median + VIX + T-3 Return,5,1196,0.02942229305302635,0.025344235460812214,-4951.780011728625,-4921.259584121562,Skewness,1.3326029373742507e-08,False
model_0293,Skewness + Std + Median + T-1 Return + T-4 Return,5,1196,0.029701491556910598,0.025624607067653904,-4952.124105195587,-4921.603677588523,Skewness,1.3368213592600052e-08,False
model_0310,Skewness + Std + VIX + T-2 Return + T-3 Return,5,1196,0.03155782558760911,0.027488740821170476,-4954.41443334399,-4923.894005736926,Skewness,1.3404859199133457e-08,False
model_0020,Skewness + Mean + T-4 Return,3,1196,0.028198832276031927,0.02575302396800183,-4954.273344515673,-4933.92639277763,Skewness,1.3432961106215296e-08,False
model_0369,Skewness + Median + T-1 Return + T-2 Return + T-4 Return,5,1196,0.03183415993221117,0.027766236234447406,-4954.755747513834,-4924.23531990677,Skewness,1.3448373266697152e-08,False
model_0307,Skewness + Std + VIX + T-1 Return + T-2 Return,5,1196,0.03242595464289766,0.028360517477531655,-4955.4870301632845,-4924.966602556221,Skewness,1.3531620849645061e-08,False
model_0191,Skewness + Mean + Std + Fear and Greed Index + T-1 Return,5,1196,0.029450942145375025,0.0253730049274985,-4951.815315259618,-4921.294887652554,Skewness,1.3577637471210718e-08,False
model_0359,Skewness + Median + Fear and Greed Index + T-2 Return + T-3 Return,5,1196,0.03041182935471254,0.02633792947805169,-4952.999995579598,-4922.479567972535,Skewness,1.3781817646326654e-08,False
model_0019,Skewness + Mean + T-3 Return,3,1196,0.027705174655603848,0.025258123920676723,-4953.665952155597,-4933.319000417554,Skewness,1.392365204424213e-08,False
model_0292,Skewness + Std + Median + T-1 Return + T-3 Return,5,1196,0.029221594430967057,0.025142693567231644,-4951.532725255741,-4921.012297648677,Skewness,1.4006017550566569e-08,False
model_0365,Skewness + Median + VIX + T-2 Return + T-3 Return,5,1196,0.03155299494550756,0.027483889882253365,-4954.408467645989,-4923.888040038925,Skewness,1.4011948428072548e-08,False
model_0170,Skewness + VIX + T-2 Return + T-3 Return,4,1196,0.031210418894704217,0.027956717530790542,-4955.985472371215,-4930.5517826986625,Skewness,1.4079649970901843e-08,False
model_0362,Skewness + Median + VIX + T-1 Return + T-2 Return,5,1196,0.03246003662562691,0.028394742661869032,-4955.529159000308,-4925.0087313932445,Skewness,1.4200505516336063e-08,False
model_0360,Skewness + Median + Fear and Greed Index + T-2 Return + T-4 Return,5,1196,0.0309308755835056,0.02685915657335225,-4953.640417490215,-4923.119989883152,Skewness,1.4292277067833881e-08,False
model_0368,Skewness + Median + T-1 Return + T-2 Return + T-3 Return,5,1196,0.031320038399747285,0.02724995452747736,-4954.1208086180895,-4923.600381011026,Skewness,1.4306791631906868e-08,False
model_0092,Skewness + Mean + T-3 Return + T-4 Return,4,1196,0.028199280137409244,0.024935465796980694,-4952.27389570078,-4926.840206028227,Skewness,1.4380559156078043e-08,False
model_0385,Skewness + VIX + T-2 Return + T-3 Return + T-4 Return,5,1196,0.03171943021030521,0.02765102445488632,-4954.61402735379,-4924.093599746727,Skewness,1.4535556804955615e-08,False
model_0085,Skewness + Mean + VIX + T-3 Return,4,1196,0.029026958728336827,0.02576592416487189,-4953.292957903947,-4927.859268231395,Skewness,1.4580538369867493e-08,False
model_0017,Skewness + Mean + T-1 Return,3,1196,0.028739384127263845,0.02629493626852386,-4954.938789162065,-4934.591837424023,Skewness,1.4672481023240369e-08,False
model_0298,Skewness + Std + Fear and Greed Index + VIX + T-2 Return,5,1196,0.03188135707795947,0.027813631687530704,-4954.814052775092,-4924.2936251680285,Skewness,1.4687932943913028e-08,False
model_0100,Skewness + Std + Median + Fear and Greed Index,4,1196,0.02829336716617914,0.025029868819130163,-4952.389694682802,-4926.956005010249,Skewness,1.477281328568351e-08,False
model_0356,Skewness + Median + Fear and Greed Index + T-1 Return + T-2 Return,5,1196,0.03132093273079106,0.027250852616214516,-4954.121912822228,-4923.601485215165,Skewness,1.47889315756328e-08,False
model_0256,Skewness + Mean + VIX + T-3 Return + T-4 Return,5,1196,0.029494465568476014,0.025416711222125077,-4951.868950035524,-4921.3485224284605,Skewness,1.504602234315722e-08,False
model_0089,Skewness + Mean + T-1 Return + T-4 Return,4,1196,0.029214514330096253,0.02595410967629297,-4953.524002595951,-4928.090312923398,Skewness,1.519470700966924e-08,False
model_0158,Skewness + Fear and Greed Index + VIX + T-2 Return,4,1196,0.03146134967443637,0.028208491067129637,-4956.295294124048,-4930.861604451496,Skewness,1.5335687418778623e-08,False
model_0285,Skewness + Std + Median + Fear and Greed Index + T-3 Return,5,1196,0.02829437351899977,0.02421157676907959,-4950.390933326808,-4919.870505719745,Skewness,1.5422214970129595e-08,False
model_0382,Skewness + VIX + T-1 Return + T-2 Return + T-3 Return,5,1196,0.03212869056394596,0.028062004389844852,-4955.119644083031,-4924.599216475967,Skewness,1.5520898614352495e-08,False
model_0005,Skewness + Median,2,1196,0.027604960746537066,0.025974793036137367,-4955.542687425798,-4940.2824736222665,Skewness,1.5689480850105364e-08,False
model_0088,Skewness + Mean + T-1 Return + T-3 Return,4,1196,0.028739408208661166,0.02547740790037789,-4952.938818815642,-4927.505129143089,Skewness,1.5874866359803967e-08,False
model_0242,Skewness + Mean + Fear and Greed Index + VIX + T-2 Return,5,1196,0.031885687824979914,0.027817980630967187,-4954.819402930322,-4924.298975323259,Skewness,1.5970114688627162e-08,False
model_0375,Skewness + Fear and Greed Index + VIX + T-2 Return + T-3 Return,5,1196,0.03146266140013587,0.02739317678417008,-4954.29691390969,-4923.776486302627,Skewness,1.6019149932702757e-08,False
model_0041,Skewness + Median + T-4 Return,3,1196,0.028096544801779366,0.02565047905883089,-4954.147465492823,-4933.800513754781,Skewness,1.6297659606130856e-08,False
model_0286,Skewness + Std + Median + Fear and Greed Index + T-4 Return,5,1196,0.02884570245910345,0.024765222217335014,-4951.069715591972,-4920.549287984909,Skewness,1.6328558078406477e-08,False
model_0259,Skewness + Mean + T-1 Return + T-3 Return + T-4 Return,5,1196,0.029214539838421483,0.025135609333540865,-4951.524034022005,-4921.003606414942,Skewness,1.6370515934842245e-08,False
model_0376,Skewness + Fear and Greed Index + VIX + T-2 Return + T-4 Return,5,1196,0.03208677273709015,0.028019910437666162,-4955.067847284393,-4924.547419677329,Skewness,1.6404694718521276e-08,False
model_0024,Skewness + Std + VIX,3,1196,0.028774702295494725,0.02633034332476203,-4954.982280369814,-4934.635328631772,Skewness,1.6468730748647923e-08,False
model_0015,Skewness + Mean + Fear and Greed Index,3,1196,0.02771866981711546,0.025271653046521014,-4953.682552393259,-4933.335600655217,Skewness,1.6470592982709614e-08,False
model_0252,Skewness + Mean + VIX + T-1 Return + T-3 Return,5,1196,0.030031204530161837,0.02595570538953229,-4952.530581889813,-4922.01015428275,Skewness,1.6587702982992443e-08,False
model_0040,Skewness + Median + T-3 Return,3,1196,0.02760500734284388,0.025157704508975254,-4953.542744737058,-4933.195792999015,Skewness,1.6880833941655733e-08,False
model_0114,Skewness + Std + VIX + T-4 Return,4,1196,0.029245623410926957,0.025985323237663893,-4953.562329350297,-4928.128639677744,Skewness,1.7081999272972947e-08,False
model_0372,Skewness + Fear and Greed Index + VIX + T-1 Return + T-2 Return,5,1196,0.032434778254609165,0.02836937816324203,-4955.497936912775,-4924.9775093057115,Skewness,1.7105650585522833e-08,False
model_0037,Skewness + Median + VIX,3,1196,0.02876571779079773,0.026321336208056545,-4954.971216595072,-4934.62426485703,Skewness,1.7173569157111715e-08,False
model_0081,Skewness + Mean + Fear and Greed Index + T-3 Return,4,1196,0.027719448578774064,0.024454022713379486,-4951.683510345746,-4926.249820673193,Skewness,1.719737386116991e-08,False
model_0283,Skewness + Std + Median + Fear and Greed Index + T-1 Return,5,1196,0.029289553242670907,0.02521093792016116,-4951.616453512778,-4921.096025905715,Skewness,1.7266179887384642e-08,False
model_0038,Skewness + Median + T-1 Return,3,1196,0.02865149506681397,0.026206826010774176,-4954.830568403452,-4934.4836166654095,Skewness,1.7326461747579792e-08,False
model_0156,Skewness + Median + T-3 Return + T-4 Return,4,1196,0.028096826765642624,0.024832668333285346,-4952.147812470529,-4926.714122797976,Skewness,1.746134267491668e-08,False
model_0113,Skewness + Std + VIX + T-3 Return,4,1196,0.028774768490625546,0.025512886940636026,-4952.982361884761,-4927.548672212209,Skewness,1.7653190903232717e-08,False
model_0150,Skewness + Median + VIX + T-4 Return,4,1196,0.029231670372760865,0.025971323337908636,-4953.545138890878,-4928.111449218325,Skewness,1.781109212493805e-08,False
model_0153,Skewness + Median + T-1 Return + T-4 Return,4,1196,0.02912452133681942,0.025863814439545885,-4953.413137082339,-4927.979447409786,Skewness,1.7974175989828225e-08,False
model_0111,Skewness + Std + VIX + T-1 Return,4,1196,0.029766140843441757,0.026507588839557394,-4954.203795231179,-4928.770105558627,Skewness,1.8066992969364284e-08,False
model_0312,Skewness + Std + VIX + T-3 Return + T-4 Return,5,1196,0.029245625564535582,0.02516682567194961,-4951.562332003611,-4921.041904396548,Skewness,1.8242007129781503e-08,False
model_0082,Skewness + Mean + Fear and Greed Index + T-4 Return,4,1196,0.028245995677964375,0.024982338232718226,-4952.331390131802,-4926.89770045925,Skewness,1.830648449825404e-08,False
model_0149,Skewness + Median + VIX + T-3 Return,4,1196,0.028765963138866035,0.025504052015906664,-4952.971518722307,-4927.537829049755,Skewness,1.840307956061329e-08,False
model_0049,Skewness + VIX + T-3 Return,3,1196,0.028426144293860145,0.025980908079834664,-4954.553131145926,-4934.206179407884,Skewness,1.853925239459378e-08,False
model_0309,Skewness + Std + VIX + T-1 Return + T-4 Return,5,1196,0.03021919930480088,0.026144490058182424,-4952.76240743226,-4922.241979825197,Skewness,1.8716425189841547e-08,False
model_0152,Skewness + Median + T-1 Return + T-3 Return,4,1196,0.028651575696528098,0.025389280400798575,-4952.830667681047,-4927.396978008494,Skewness,1.8758163937062667e-08,False
model_0147,Skewness + Median + VIX + T-1 Return,4,1196,0.02979658078387959,0.02653813101321245,-4954.241318906045,-4928.807629233493,Skewness,1.8938775607380433e-08,False
model_0250,Skewness + Mean + Fear and Greed Index + T-3 Return + T-4 Return,5,1196,0.02824881641322574,0.024165828246894727,-4950.334861796703,-4919.8144341896395,Skewness,1.89464906693215e-08,False
model_0367,Skewness + Median + VIX + T-3 Return + T-4 Return,5,1196,0.029232309034392223,0.025153453189998953,-4951.545925731093,-4921.02549812403,Skewness,1.9009235230837774e-08,False
model_0172,Skewness + VIX + T-3 Return + T-4 Return,4,1196,0.028892459984156682,0.02563097370366685,-4953.127300000927,-4927.693610328374,Skewness,1.9163539685545958e-08,False
model_0370,Skewness + Median + T-1 Return + T-3 Return + T-4 Return,5,1196,0.029124522213242243,0.02504521348304578,-4951.413138161984,-4920.89271055492,Skewness,1.9377683581767333e-08,False
model_0079,Skewness + Mean + Fear and Greed Index + T-1 Return,4,1196,0.028769755545661413,0.0255078571595847,-4952.976188788646,-4927.5424991160935,Skewness,1.9392765579648116e-08,False
model_0308,Skewness + Std + VIX + T-1 Return + T-3 Return,5,1196,0.029766659962858988,0.02569004929043406,-4952.20443514596,-4921.684007538896,Skewness,1.9469571054982487e-08,False
model_0364,Skewness + Median + VIX + T-1 Return + T-4 Return,5,1196,0.03024476723300995,0.026170165414661217,-4952.793939965416,-4922.2735123583525,Skewness,1.961693662710728e-08,False
model_0353,Skewness + Median + Fear and Greed Index + VIX + T-2 Return,5,1196,0.03166944636436175,0.02760083059278351,-4954.552289941422,-4924.031862334358,Skewness,2.019015562327612e-08,False
model_0036,Skewness + Median + Fear and Greed Index,3,1196,0.027645392174107886,0.02519819097991527,-4953.592417207167,-4933.245465469125,Skewness,2.0286264430253633e-08,False
model_0246,Skewness + Mean + Fear and Greed Index + T-1 Return + T-3 Return,5,1196,0.02877014631015884,0.024689348605579697,-4950.976669987039,-4920.456242379975,Skewness,2.0294866518464024e-08,False
model_0168,Skewness + VIX + T-1 Return + T-3 Return,4,1196,0.029466305476244736,0.02620674646860821,-4953.834247521726,-4928.400557849173,Skewness,2.0376591447792805e-08,False
model_0363,Skewness + Median + VIX + T-1 Return + T-3 Return,5,1196,0.02979658079071701,0.025720095836056167,-4952.2413189144745,-4921.720891307411,Skewness,2.0420091856702536e-08,False
model_0299,Skewness + Std + Fear and Greed Index + VIX + T-3 Return,5,1196,0.02958693120323297,0.025509565367952458,-4951.982905251439,-4921.462477644375,Skewness,2.0555775965272232e-08,False
model_0384,Skewness + VIX + T-1 Return + T-3 Return + T-4 Return,5,1196,0.029914470090869005,0.02583848046940207,-4952.386653559831,-4921.866225952767,Skewness,2.103791091268068e-08,False
model_0145,Skewness + Median + Fear and Greed Index + T-3 Return,4,1196,0.02764665138936706,0.024380981032992133,-4951.5939660479025,-4926.16027637535,Skewness,2.1151477143086032e-08,False
model_0247,Skewness + Mean + Fear and Greed Index + T-1 Return + T-4 Return,5,1196,0.02928906738199588,0.025210450018054664,-4951.6158548901685,-4921.095427283105,Skewness,2.1515193141291984e-08,False
model_0159,Skewness + Fear and Greed Index + VIX + T-3 Return,4,1196,0.029119853939535978,0.025859131366704813,-4953.407387432816,-4927.973697760263,Skewness,2.1605543031664148e-08,False
model_0146,Skewness + Median + Fear and Greed Index + T-4 Return,4,1196,0.028187951500400432,0.02492409911249238,-4952.259953571892,-4926.826263899339,Skewness,2.247921970807303e-08,False
model_0377,Skewness + Fear and Greed Index + VIX + T-3 Return + T-4 Return,5,1196,0.02977584787579457,0.025699275808045874,-4952.215761077002,-4921.695333469938,Skewness,2.283965706723511e-08,False
model_0282,Skewness + Std + Median + Fear and Greed Index + VIX,5,1196,0.02990699695675325,0.02583097593556316,-4952.377440110397,-4921.857012503334,Skewness,2.3031494554964e-08,False
model_0143,Skewness + Median + Fear and Greed Index + T-1 Return,4,1196,0.028715060747126375,0.025452978667351744,-4952.908837985301,-4927.475148312748,Skewness,2.3106715360924886e-08,False
model_0361,Skewness + Median + Fear and Greed Index + T-3 Return + T-4 Return,5,1196,0.028191675807260785,0.024108447554350154,-4950.264537050299,-4919.744109443235,Skewness,2.322795905047117e-08,False
model_0373,Skewness + Fear and Greed Index + VIX + T-1 Return + T-3 Return,5,1196,0.03023926069609073,0.026164635741032338,-4952.787148767767,-4922.266721160703,Skewness,2.3992844697150204e-08,False
model_0357,Skewness + Median + Fear and Greed Index + T-1 Return + T-3 Return,5,1196,0.02871576990424607,0.024634743727373176,-4950.909711212292,-4920.389283605228,Skewness,2.4155238579503795e-08,False
model_0078,Skewness + Mean + Fear and Greed Index + VIX,4,1196,0.029409809554211352,0.026150060803763697,-4953.764628963844,-4928.3309392912915,Skewness,2.543132145145648e-08,False
model_0358,Skewness + Median + Fear and Greed Index + T-1 Return + T-4 Return,5,1196,0.02924818040671462,0.02516939124875961,-4951.565479653879,-4921.045052046816,Skewness,2.5560878404160276e-08,False
model_0243,Skewness + Mean + Fear and Greed Index + VIX + T-3 Return,5,1196,0.029423980087168622,0.02534592958333326,-4951.782090588023,-4921.261662980959,Skewness,2.5732235655020306e-08,False
model_0244,Skewness + Mean + Fear and Greed Index + VIX + T-4 Return,5,1196,0.030020433036813454,0.025944888637808527,-4952.5173003960435,-4921.99687278898,Skewness,2.8718578330330486e-08,False
model_0241,Skewness + Mean + Fear and Greed Index + VIX + T-1 Return,5,1196,0.030488222281112476,0.02641464338313393,-4953.0942309903085,-4922.573803383245,Skewness,3.0033414359173225e-08,False
model_0142,Skewness + Median + Fear and Greed Index + VIX,4,1196,0.029229644359930917,0.02596929052066954,-4953.542642817672,-4928.108953145119,Skewness,3.1824200145109666e-08,False
model_0354,Skewness + Median + Fear and Greed Index + VIX + T-3 Return,5,1196,0.029245003942036885,0.02516620143759163,-4951.561566145337,-4921.041138538273,Skewness,3.216156598465731e-08,False
model_0355,Skewness + Median + Fear and Greed Index + VIX + T-4 Return,5,1196,0.029853460546327537,0.025777214582236474,-4952.311438417842,-4921.791010810778,Skewness,3.583432657568414e-08,False
model_0352,Skewness + Median + Fear and Greed Index + VIX + T-1 Return,5,1196,0.030334969390997557,0.026260746573312677,-4952.905191542052,-4922.384763934989,Skewness,3.6422618178671845e-08,False
model_0209,Skewness + Mean + Kurtosis + Median + T-3 Return,5,1196,0.03438171797445677,0.030324498302080505,-4957.906958806106,-4927.386531199042,Skewness,8.856746317460294e-07,False
model_0205,Skewness + Mean + Kurtosis + Median + Fear and Greed Index,5,1196,0.034381611755298414,0.03032439163662326,-4957.906827244692,-4927.3863996376285,Skewness,9.18704150619484e-07,False
model_0207,Skewness + Mean + Kurtosis + Median + T-1 Return,5,1196,0.03474623424735346,0.03069054615595579,-4958.358528311258,-4927.838100704194,Skewness,1.3308891114115293e-06,False
model_0030,Skewness + Kurtosis + Fear and Greed Index,3,1196,0.027717071756847567,0.02527005096428936,-4953.680586626305,-4933.333634888262,Skewness,2.4259578800551798e-06,False
model_0057,Skewness + Mean + Std + Kurtosis,4,1196,0.028619523879522935,0.02535712093705278,-4952.791203633197,-4927.357513960645,Skewness,2.4654854197555065e-06,False
model_0004,Skewness + Kurtosis,2,1196,0.027649819648082552,0.02601972714120593,-4955.597863030004,-4940.337649226472,Skewness,2.471872390847215e-06,False
model_0130,Skewness + Kurtosis + Fear and Greed Index + T-3 Return,4,1196,0.02771834684200758,0.024452917276405528,-4951.682155102731,-4926.248465430178,Skewness,2.5156220410787697e-06,False
model_0131,Skewness + Kurtosis + Fear and Greed Index + T-4 Return,4,1196,0.028267739968249384,0.025004155551686003,-4952.358152524374,-4926.924462851822,Skewness,2.5217063271766717e-06,False
model_0181,Skewness + Mean + Std + Kurtosis + T-2 Return,5,1196,0.03147477431298906,0.027405340591615035,-4954.311871654515,-4923.7914440474515,Skewness,2.5234673027000527e-06,False
model_0033,Skewness + Kurtosis + T-2 Return,3,1196,0.030492458201962447,0.02805242244240369,-4957.099456478559,-4936.752504740516,Skewness,2.5361662870281174e-06,False
model_0183,Skewness + Mean + Std + Kurtosis + T-4 Return,5,1196,0.029126325557169985,0.025047024404048823,-4951.415359663496,-4920.8949320564325,Skewness,2.5707037935684924e-06,False
model_0034,Skewness + Kurtosis + T-3 Return,3,1196,0.02764981989271731,0.025202629842111857,-4953.597863330907,-4933.250911592864,Skewness,2.5785814144667028e-06,False
model_0182,Skewness + Mean + Std + Kurtosis + T-3 Return,5,1196,0.028619527757495544,0.024538097201854736,-4950.791208407903,-4920.270780800839,Skewness,2.5826904104441057e-06,False
model_0129,Skewness + Kurtosis + Fear and Greed Index + T-2 Return,4,1196,0.03049342646507547,0.027237317066133637,-4955.100650944009,-4929.666961271457,Skewness,2.5926622287220032e-06,False
model_0341,Skewness + Kurtosis + Fear and Greed Index + T-3 Return + T-4 Return,5,1196,0.028271322976838764,0.024188429375901155,-4950.362562469737,-4919.842134862673,Skewness,2.5946294767615973e-06,False
model_0035,Skewness + Kurtosis + T-4 Return,3,1196,0.028142814167466557,0.025696864874263925,-4954.204404768377,-4933.857453030334,Skewness,2.599161568071745e-06,False
model_0140,Skewness + Kurtosis + T-2 Return + T-4 Return,4,1196,0.03103175824904425,0.027777456849376825,-4955.764930742852,-4930.331241070299,Skewness,2.671920592240614e-06,False
model_0139,Skewness + Kurtosis + T-2 Return + T-3 Return,4,1196,0.030494985034255406,0.02723888086980286,-4955.102573623327,-4929.668883950774,Skewness,2.6838280032209126e-06,False
model_0340,Skewness + Kurtosis + Fear and Greed Index + T-2 Return + T-4 Return,5,1196,0.031035821194580482,0.026964543132372842,-4953.769945657518,-4923.249518050455,Skewness,2.6939378458414558e-06,False
model_0141,Skewness + Kurtosis + T-3 Return + T-4 Return,4,1196,0.028142900937991544,0.024878897246767284,-4952.204511551095,-4926.770821878542,Skewness,2.7028486953104184e-06,False
model_0339,Skewness + Kurtosis + Fear and Greed Index + T-2 Return + T-3 Return,5,1196,0.030496494287494236,0.02642295014584506,-4953.104435468546,-4922.584007861483,Skewness,2.766424037288963e-06,False
model_0178,Skewness + Mean + Std + Kurtosis + Fear and Greed Index,5,1196,0.02863269854985906,0.02455132333368204,-4950.807424890435,-4920.286997283371,Skewness,2.7842262858963213e-06,False
model_0013,Skewness + Mean + Kurtosis,3,1196,0.02778609947268429,0.025339252407598822,-4953.765500262526,-4933.418548524483,Skewness,2.8168887804980927e-06,False
model_0351,Skewness + Kurtosis + T-2 Return + T-3 Return + T-4 Return,5,1196,0.031033391918803166,0.026962103649554425,-4953.766947187348,-4923.246519580284,Skewness,2.8183699212123575e-06,False
model_0179,Skewness + Mean + Std + Kurtosis + VIX,5,1196,0.03000230288908534,0.025926682312989113,-4952.494945848816,-4921.974518241753,Skewness,2.8246750747165944e-06,False
model_0213,Skewness + Mean + Kurtosis + Fear and Greed Index + T-2 Return,5,1196,0.030673483630773823,0.026600683141827508,-4953.322793192267,-4922.802365585204,Skewness,2.8547186615823265e-06,False
model_0069,Skewness + Mean + Kurtosis + T-2 Return,4,1196,0.030628757419491337,0.02737310253257108,-4955.267609192125,-4929.833919519572,Skewness,2.886555660100034e-06,False
model_0071,Skewness + Mean + Kurtosis + T-4 Return,4,1196,0.02828309999363643,0.025019567164060064,-4952.377057665543,-4926.943367992991,Skewness,2.9382864670866972e-06,False
model_0070,Skewness + Mean + Kurtosis + T-3 Return,4,1196,0.027786173817969773,0.024520972050775636,-4951.7655917207585,-4926.331902048206,Skewness,2.944167037497878e-06,False
model_0224,Skewness + Mean + Kurtosis + T-2 Return + T-4 Return,5,1196,0.031172249630916915,0.02710154479743343,-4953.93835219041,-4923.417924583347,Skewness,3.0156926855925434e-06,False
model_0094,Skewness + Std + Kurtosis + Fear and Greed Index,4,1196,0.028317273313684055,0.025053855255963375,-4952.419119308676,-4926.985429636124,Skewness,3.0266996328583507e-06,False
model_0225,Skewness + Mean + Kurtosis + T-3 Return + T-4 Return,5,1196,0.02828344630225199,0.02420060363965637,-4950.377483906127,-4919.8570562990635,Skewness,3.060748704435206e-06,False
model_0223,Skewness + Mean + Kurtosis + T-2 Return + T-3 Return,5,1196,0.030630451677577164,0.026557470382104764,-4953.269699551683,-4922.749271944619,Skewness,3.0636397875511324e-06,False
model_0093,Skewness + Std + Kurtosis + Median,4,1196,0.028382652651632756,0.025119454171873334,-4952.499594464584,-4927.065904792032,Skewness,3.0978799613967956e-06,False
model_0021,Skewness + Std + Kurtosis,3,1196,0.02817832986725244,0.02573246995920031,-4954.248112376573,-4933.90116063853,Skewness,3.0991990229976057e-06,False
model_0270,Skewness + Std + Kurtosis + Fear and Greed Index + T-3 Return,5,1196,0.02831886770790737,0.024236173874747302,-4950.421081777499,-4919.900654170436,Skewness,3.1310983282261585e-06,False
model_0264,Skewness + Std + Kurtosis + Median + T-2 Return,5,1196,0.03124010601123739,0.027169686288595507,-4954.022122574818,-4923.501694967755,Skewness,3.1588235416957176e-06,False
model_0271,Skewness + Std + Kurtosis + Fear and Greed Index + T-4 Return,5,1196,0.02889668315966265,0.024816417122518364,-4951.132501205407,-4920.612073598343,Skewness,3.1619160208658323e-06,False
model_0066,Skewness + Mean + Kurtosis + Fear and Greed Index,4,1196,0.027798840650995915,0.024533681425642384,-4951.781174332919,-4926.347484660367,Skewness,3.1759081941111733e-06,False
model_0097,Skewness + Std + Kurtosis + T-2 Return,4,1196,0.031030357401948816,0.027776051297505266,-4955.763201674917,-4930.329512002364,Skewness,3.1849949550794775e-06,False
model_0269,Skewness + Std + Kurtosis + Fear and Greed Index + T-2 Return,5,1196,0.031036944542373046,0.026965671200114172,-4953.771332215215,-4923.250904608151,Skewness,3.2018813359670727e-06,False
model_0067,Skewness + Mean + Kurtosis + VIX,4,1196,0.02912840581327314,0.025867711962100248,-4953.417922292426,-4927.984232619873,Skewness,3.2319574507319726e-06,False
model_0266,Skewness + Std + Kurtosis + Median + T-4 Return,5,1196,0.0288856380665925,0.02480532562149418,-4951.118898269488,-4920.598470662425,Skewness,3.233110798883981e-06,False
model_0098,Skewness + Std + Kurtosis + T-3 Return,4,1196,0.028178467149298503,0.024914582907986316,-4952.248281326642,-4926.81459165409,Skewness,3.2436142964933712e-06,False
model_0265,Skewness + Std + Kurtosis + Median + T-3 Return,5,1196,0.028382657079995766,0.024300231269407502,-4950.499599915621,-4919.979172308557,Skewness,3.2465907201688338e-06,False
model_0099,Skewness + Std + Kurtosis + T-4 Return,4,1196,0.02867584882009977,0.02541363504619576,-4952.860555018892,-4927.42686534634,Skewness,3.260339729805841e-06,False
model_0214,Skewness + Mean + Kurtosis + Fear and Greed Index + T-3 Return,5,1196,0.02779945644183457,0.023714580208396896,-4949.781931877867,-4919.261504270803,Skewness,3.266307158397019e-06,False
model_0217,Skewness + Mean + Kurtosis + VIX + T-2 Return,5,1196,0.03196948691403667,0.027902131817036824,-4954.922932076765,-4924.402504469702,Skewness,3.3115379876545826e-06,False
model_0280,Skewness + Std + Kurtosis + T-2 Return + T-4 Return,5,1196,0.03157451119514709,0.027505496536303187,-4954.435039797384,-4923.91461219032,Skewness,3.3571964228532575e-06,False
model_0219,Skewness + Mean + Kurtosis + VIX + T-4 Return,5,1196,0.029598709322299244,0.02552139297491396,-4951.997421457313,-4921.4769938502495,Skewness,3.3631982457917773e-06,False
model_0218,Skewness + Mean + Kurtosis + VIX + T-3 Return,5,1196,0.02912871674754336,0.025049425641440637,-4951.41830532706,-4920.897877719996,Skewness,3.3662744750038105e-06,False
model_0279,Skewness + Std + Kurtosis + T-2 Return + T-3 Return,5,1196,0.031034162138211863,0.026962877105179195,-4953.76789787313,-4923.247470266067,Skewness,3.3818800651739134e-06,False
model_0029,Skewness + Kurtosis + Median,3,1196,0.027685060751458268,0.02523795939428919,-4953.641210708961,-4933.294258970918,Skewness,3.3942226882141792e-06,False
model_0281,Skewness + Std + Kurtosis + T-3 Return + T-4 Return,5,1196,0.028675852468297847,0.024594658571105876,-4950.86055951095,-4920.340131903887,Skewness,3.4014380422669508e-06,False
model_0124,Skewness + Kurtosis + Median + T-2 Return,4,1196,0.03052902791814638,0.02727303808747683,-4955.144570315818,-4929.710880643265,Skewness,3.4646698185918067e-06,False
model_0215,Skewness + Mean + Kurtosis + Fear and Greed Index + T-4 Return,5,1196,0.028328709164198718,0.024246056681695327,-4950.433195258908,-4919.912767651845,Skewness,3.4678934344675054e-06,False
model_0319,Skewness + Kurtosis + Median + Fear and Greed Index + T-2 Return,5,1196,0.030544706177721537,0.026471364607039694,-4953.163912153393,-4922.643484546329,Skewness,3.53282941985438e-06,False
model_0126,Skewness + Kurtosis + Median + T-4 Return,4,1196,0.028179809715835558,0.024915929983562957,-4952.249933595739,-4926.816243923186,Skewness,3.543190147913041e-06,False
model_0125,Skewness + Kurtosis + Median + T-3 Return,4,1196,0.027685078639952176,0.02441953734235336,-4951.641232712777,-4926.207543040225,Skewness,3.549867770060893e-06,False
model_0261,Skewness + Std + Kurtosis + Median + Fear and Greed Index,5,1196,0.02842665537200495,0.02434441442818991,-4950.5537602793875,-4920.033332672324,Skewness,3.5834629421896093e-06,False
model_0262,Skewness + Std + Kurtosis + Median + VIX,5,1196,0.0295785654549503,0.02550116446946693,-4951.972594805154,-4921.45216719809,Skewness,3.5875495203748697e-06,False
model_0330,Skewness + Kurtosis + Median + T-2 Return + T-4 Return,5,1196,0.03107020956084816,0.02699907598757445,-4953.812392237892,-4923.291964630828,Skewness,3.622488729036976e-06,False
model_0329,Skewness + Kurtosis + Median + T-2 Return + T-3 Return,5,1196,0.030531096405653546,0.026457697651055434,-4953.147122134046,-4922.626694526983,Skewness,3.6790778191978438e-06,False
model_0331,Skewness + Kurtosis + Median + T-3 Return + T-4 Return,5,1196,0.02818001069454168,0.02409673342855234,-4950.250180936307,-4919.729753329243,Skewness,3.6933247611758714e-06,False
model_0121,Skewness + Kurtosis + Median + Fear and Greed Index,4,1196,0.027724526747843203,0.02445911793759248,-4951.689757005785,-4926.256067333233,Skewness,3.910112815685537e-06,False
model_0122,Skewness + Kurtosis + Median + VIX,4,1196,0.02886224742205601,0.02560065967200409,-4953.090091287472,-4927.65640161492,Skewness,3.930758754798046e-06,False
model_0323,Skewness + Kurtosis + Median + VIX + T-2 Return,5,1196,0.03170780450391453,0.027639349900989818,-4954.599667609512,-4924.079240002448,Skewness,4.012677377932508e-06,False
model_0320,Skewness + Kurtosis + Median + Fear and Greed Index + T-3 Return,5,1196,0.02772558544519721,0.023640398829420706,-4949.691059314399,-4919.170631707336,Skewness,4.013755808987916e-06,False
model_0128,Skewness + Kurtosis + Fear and Greed Index + T-1 Return,4,1196,0.028883048636713315,0.025621530748003662,-4953.11570919709,-4927.682019524537,Skewness,4.076494592380343e-06,False
model_0325,Skewness + Kurtosis + Median + VIX + T-4 Return,5,1196,0.029331389600391722,0.02525295006089756,-4951.668000668041,-4921.147573060977,Skewness,4.09252098233842e-06,False
model_0324,Skewness + Kurtosis + Median + VIX + T-3 Return,5,1196,0.028862413253538444,0.024782003225191973,-4951.090295516448,-4920.569867909385,Skewness,4.0969629989014046e-06,False
model_0032,Skewness + Kurtosis + T-1 Return,3,1196,0.028790754951183217,0.026346436381429528,-4955.002048321609,-4934.655096583567,Skewness,4.163965967038457e-06,False
model_0136,Skewness + Kurtosis + T-1 Return + T-2 Return,4,1196,0.03152286336606247,0.028270211353857766,-4956.371256721467,-4930.937567048914,Skewness,4.178771165701382e-06,False
model_0180,Skewness + Mean + Std + Kurtosis + T-1 Return,5,1196,0.029671266677462893,0.025594255192914472,-4952.086850276101,-4921.566422669038,Skewness,4.1900894654917815e-06,False
model_0338,Skewness + Kurtosis + Fear and Greed Index + T-1 Return + T-4 Return,5,1196,0.02942278169727608,0.025344726158189057,-4951.780613863483,-4921.26018625642,Skewness,4.223043498254814e-06,False
model_0336,Skewness + Kurtosis + Fear and Greed Index + T-1 Return + T-2 Return,5,1196,0.03152315941275463,0.027453928990119114,-4954.371622318017,-4923.851194710954,Skewness,4.232663413024719e-06,False
model_0337,Skewness + Kurtosis + Fear and Greed Index + T-1 Return + T-3 Return,5,1196,0.028883619656723702,0.024803298730911583,-4951.1164124492925,-4920.595984842229,Skewness,4.2379000171392514e-06,False
model_0321,Skewness + Kurtosis + Median + Fear and Greed Index + T-4 Return,5,1196,0.028269912622822968,0.02418701309602811,-4950.360826612578,-4919.840399005515,Skewness,4.2656898308652326e-06,False
model_0138,Skewness + Kurtosis + T-1 Return + T-4 Return,4,1196,0.029265717516959944,0.026005484830199044,-4953.587086178727,-4928.153396506174,Skewness,4.353707884892595e-06,False
model_0137,Skewness + Kurtosis + T-1 Return + T-3 Return,4,1196,0.028791085252170556,0.02552925850238774,-4953.002455072318,-4927.568765399766,Skewness,4.3636894204345885e-06,False
model_0349,Skewness + Kurtosis + T-1 Return + T-2 Return + T-4 Return,5,1196,0.03204334097950223,0.02797629619370179,-4955.014182125952,-4924.493754518889,Skewness,4.376124036009995e-06,False
model_0348,Skewness + Kurtosis + T-1 Return + T-2 Return + T-3 Return,5,1196,0.031527237590803,0.02745802430336941,-4954.376658588385,-4923.8562309813215,Skewness,4.44000735535129e-06,False
model_0350,Skewness + Kurtosis + T-1 Return + T-3 Return + T-4 Return,5,1196,0.029265788183212238,0.02518707300751144,-4951.5871732435835,-4921.06674563652,Skewness,4.548302390758233e-06,False
model_0031,Skewness + Kurtosis + VIX,3,1196,0.028523316501108176,0.026078324848006984,-4954.672755373521,-4934.325803635478,Skewness,4.709576655368827e-06,False
model_0068,Skewness + Mean + Kurtosis + T-1 Return,4,1196,0.02891189259647975,0.025650471580850764,-4953.151233124626,-4927.717543452073,Skewness,4.800159138481426e-06,False
model_0220,Skewness + Mean + Kurtosis + T-1 Return + T-2 Return,5,1196,0.03164474557252295,0.027576026016104982,-4954.521782001601,-4924.001354394538,Skewness,4.808843720587291e-06,False
model_0211,Skewness + Mean + Kurtosis + Fear and Greed Index + VIX,5,1196,0.02951093261411064,0.02543324745702713,-4951.889243329034,-4921.36881572197,Skewness,4.811071258616743e-06,False
model_0133,Skewness + Kurtosis + VIX + T-2 Return,4,1196,0.031364758028445405,0.02811157501594641,-4956.176023872514,-4930.742334199961,Skewness,4.828953809575078e-06,False
model_0135,Skewness + Kurtosis + VIX + T-4 Return,4,1196,0.028992734079690385,0.025731584571981547,-4953.250802296464,-4927.817112623911,Skewness,4.903842527628799e-06,False
model_0134,Skewness + Kurtosis + VIX + T-3 Return,4,1196,0.028523322465419665,0.02526059642835976,-4952.672762716277,-4927.239073043725,Skewness,4.904109162380258e-06,False
model_0222,Skewness + Mean + Kurtosis + T-1 Return + T-4 Return,5,1196,0.029390682337253837,0.02531249192690621,-4951.741059875364,-4921.2206322683005,Skewness,4.979732454595175e-06,False
model_0268,Skewness + Std + Kurtosis + Fear and Greed Index + T-1 Return,5,1196,0.029443405472588724,0.02536543658801982,-4951.806027912852,-4921.285600305789,Skewness,4.9797631213660975e-06,False
model_0346,Skewness + Kurtosis + VIX + T-2 Return + T-4 Return,5,1196,0.03187939609588919,0.027811662466039944,-4954.811630208192,-4924.291202601128,Skewness,5.035966332056293e-06,False
model_0221,Skewness + Mean + Kurtosis + T-1 Return + T-3 Return,5,1196,0.028911982219333332,0.024831780463952402,-4951.151343504866,-4920.630915897803,Skewness,5.041977113557315e-06,False
model_0096,Skewness + Std + Kurtosis + T-1 Return,4,1196,0.029273626750537907,0.02601342062711398,-4953.596830845284,-4928.163141172731,Skewness,5.091083242070599e-06,False
model_0347,Skewness + Kurtosis + VIX + T-3 Return + T-4 Return,5,1196,0.028992785311233726,0.024912923064642323,-4951.250865398903,-4920.73043779184,Skewness,5.091406606186421e-06,False
model_0345,Skewness + Kurtosis + VIX + T-2 Return + T-3 Return,5,1196,0.0313674833213865,0.0272975987975268,-4954.179388869782,-4923.658961262719,Skewness,5.09896119356095e-06,False
model_0276,Skewness + Std + Kurtosis + T-1 Return + T-2 Return,5,1196,0.0320167868241259,0.027949630466244102,-4954.981372460438,-4924.460944853375,Skewness,5.119552670384849e-06,False
model_0263,Skewness + Std + Kurtosis + Median + T-1 Return,5,1196,0.029461347382083614,0.02538345388368901,-4951.828137620026,-4921.307710012962,Skewness,5.146475630130119e-06,False
model_0333,Skewness + Kurtosis + Fear and Greed Index + VIX + T-2 Return,5,1196,0.03161444812839331,0.027545601271789955,-4954.48436270103,-4923.963935093966,Skewness,5.305689202762952e-06,False
model_0278,Skewness + Std + Kurtosis + T-1 Return + T-4 Return,5,1196,0.029753194002257177,0.02567652675016585,-4952.187835863652,-4921.667408256589,Skewness,5.325980857972091e-06,False
model_0277,Skewness + Std + Kurtosis + T-1 Return + T-3 Return,5,1196,0.029274442418092406,0.025195763604723087,-4951.59783580284,-4921.077408195776,Skewness,5.351484215016277e-06,False
model_0127,Skewness + Kurtosis + Fear and Greed Index + VIX,4,1196,0.02920029045169681,0.02593983802668154,-4953.506479019229,-4928.0727893466765,Skewness,5.428786375190771e-06,False
model_0095,Skewness + Std + Kurtosis + VIX,4,1196,0.028912435049104568,0.025651015855314818,-4953.1519012138715,-4927.718211541319,Skewness,5.438109095415096e-06,False
model_0334,Skewness + Kurtosis + Fear and Greed Index + VIX + T-3 Return,5,1196,0.029216857478082336,0.025137936711183584,-4951.526889339125,-4921.006461732061,Skewness,5.438898340712738e-06,False
model_0216,Skewness + Mean + Kurtosis + VIX + T-1 Return,5,1196,0.030231788243737623,0.026157131891820562,-4952.7779330734,-4922.257505466337,Skewness,5.457396242155106e-06,False
model_0212,Skewness + Mean + Kurtosis + Fear and Greed Index + T-1 Return,5,1196,0.028941334049011003,0.02486125562064556,-4951.187494006362,-4920.667066399298,Skewness,5.575985933219833e-06,False
model_0273,Skewness + Std + Kurtosis + VIX + T-2 Return,5,1196,0.03176208349478127,0.027693856954843388,-4954.666712963149,-4924.146285356085,Skewness,5.582840961994164e-06,False
model_0326,Skewness + Kurtosis + Median + T-1 Return + T-2 Return,5,1196,0.03155674384535545,0.027487654533781325,-4954.413097422191,-4923.892669815127,Skewness,5.651557472446612e-06,False
model_0123,Skewness + Kurtosis + Median + T-1 Return,4,1196,0.02882324861142005,0.02556152988299487,-4953.042063455284,-4927.608373782731,Skewness,5.65723536596889e-06,False
model_0275,Skewness + Std + Kurtosis + VIX + T-4 Return,5,1196,0.029387496205269703,0.025309292407812878,-4951.737133880085,-4921.216706273021,Skewness,5.666902506090226e-06,False
model_0274,Skewness + Std + Kurtosis + VIX + T-3 Return,5,1196,0.02891257870042596,0.02483237945126815,-4951.152078136117,-4920.631650529053,Skewness,5.678551817360943e-06,False
model_0335,Skewness + Kurtosis + Fear and Greed Index + VIX + T-4 Return,5,1196,0.029851512222703658,0.025775258072378904,-4952.309036520169,-4921.788608913105,Skewness,5.786030156108342e-06,False
model_0328,Skewness + Kurtosis + Median + T-1 Return + T-4 Return,5,1196,0.02929988707258835,0.025221315169531966,-4951.629185761008,-4921.108758153944,Skewness,5.8744421218772575e-06,False
model_0317,Skewness + Kurtosis + Median + Fear and Greed Index + VIX,5,1196,0.029326881376163683,0.02524842289455098,-4951.662445915784,-4921.14201830872,Skewness,5.8963175663441785e-06,False
model_0327,Skewness + Kurtosis + Median + T-1 Return + T-3 Return,5,1196,0.02882343417091604,0.024742860364911468,-4951.042291971028,-4920.521864363965,Skewness,5.945311893720678e-06,False
model_0267,Skewness + Std + Kurtosis + Fear and Greed Index + VIX,5,1196,0.029714778158651534,0.025637949495452617,-4952.1404825107575,-4921.620054903694,Skewness,6.472290473382431e-06,False
model_0322,Skewness + Kurtosis + Median + VIX + T-1 Return,5,1196,0.029991241038772154,0.02591557398431321,-4952.4813067468085,-4921.960879139745,Skewness,6.512621343865246e-06,False
model_0318,Skewness + Kurtosis + Median + Fear and Greed Index + T-1 Return,5,1196,0.02888632071632835,0.0248060111395062,-4951.119739004013,-4920.59931139695,Skewness,6.68452713388123e-06,False
model_0132,Skewness + Kurtosis + VIX + T-1 Return,4,1196,0.02966213247796856,0.02640323115967458,-4954.075591770811,-4928.6419020982585,Skewness,7.779590763934917e-06,False
model_0342,Skewness + Kurtosis + VIX + T-1 Return + T-2 Return,5,1196,0.03239317234655248,0.02832759744044555,-4955.44650927247,-4924.926081665407,Skewness,7.807673412480001e-06,False
model_0344,Skewness + Kurtosis + VIX + T-1 Return + T-4 Return,5,1196,0.030113997975111828,0.026038846706099683,-4952.632672995135,-4922.112245388072,Skewness,8.05984999545549e-06,False
model_0343,Skewness + Kurtosis + VIX + T-1 Return + T-3 Return,5,1196,0.02966253662049967,0.025585488455039607,-4952.076089900983,-4921.555662293919,Skewness,8.136940038276016e-06,False
model_0272,Skewness + Std + Kurtosis + VIX + T-1 Return,5,1196,0.030012117992230358,0.025936538656063268,-4952.507047859767,-4921.986620252704,Skewness,8.816461556765391e-06,False
model_0332,Skewness + Kurtosis + Fear and Greed Index + VIX + T-1 Return,5,1196,0.03042561195319038,0.026351769986607154,-4953.016996720328,-4922.496569113265,Skewness,9.171050015318109e-06,False
