date,5000,8000,10000,11000,12000,13000,14000,15000,16000,17000,18000,18500,19000,19500,20000,20500,21000,21500,22000,22500,23000,23500,24000,24500,25000,25500,26000,26500,27000,27500,28000,28500,29000,30000,31000,32000,34000,35000,36000,38000,40000,42000,45000,50000,55000,60000,65000,70000,80000,100000,120000,140000,150000,200000,250000,300000
2022-03-24,0,0,0,0,0,0,0,0,0,0,0,0,0,0,1386.54117,0,0,0,0,0,0,0,0,0,0,0,0,0,0,0,0,0,0,3956.7213,0,0,0,0,0,0,0,0,0,13897.727675,0,0,0,0,0,0,0,0,0,0,0,0
2022-03-25,0,0,0,0,0,0,0,0,0,0,0,0,0,0,1252.195,0,0,0,0,0,0,0,0,0,0,0,0,0,0,0,0,0,0,3573.133375,0,0,0,0,0,0,7812.621179999999,0,0,13833.729855,0,20435.97271,0,28329.39918,0,0,0,0,0,0,0,0
2022-03-26,0,0,0,0,0,0,0,0,0,0,0,0,0,0,1328.6163,0,0,0,0,0,0,0,0,0,0,0,0,0,0,0,0,0,0,3765.239900000001,0,0,0,0,0,0,7621.720759999999,0,0,0,0,0,0,0,0,0,0,0,0,0,0,0
2022-03-27,0,0,0,0,0,0,0,0,0,0,0,0,0,0,1202.92182,0,0,0,0,0,0,0,0,0,0,0,0,0,0,0,0,0,0,3598.861175,0,0,0,0,0,0,7575.9259,0,0,0,0,0,0,0,0,0,0,0,0,0,0,0
2022-03-28,0,0,0,0,0,0,0,0,0,0,0,0,0,0,1184.90675,0,0,0,0,0,0,0,0,0,0,0,0,0,0,0,0,0,0,3409.965,0,0,0,0,0,0,7120.26216,0,0,12299.739345,0,0,0,0,0,0,0,0,0,0,0,0
2022-03-29,0,0,0,0,0,0,0,0,0,0,0,0,0,0,1045.89584,0,0,0,0,0,0,0,0,0,0,0,0,0,0,0,0,0,0,0,0,0,0,0,0,0,6960.495569999999,0,0,11912.84647,0,18165.6228,0,0,0,0,0,0,0,0,0,0
2022-03-30,0,0,0,0,0,0,0,0,0,0,0,0,0,0,1086.38338,0,0,0,0,0,0,0,0,0,0,0,0,0,0,0,0,0,0,3269.4939300000005,0,0,0,0,0,0,7082.1786,0,0,12274.21665,0,0,0,0,0,0,0,0,0,0,0,0
2022-03-31,0,0,0,0,0,0,0,0,0,0,0,0,0,0,1127.801885,0,0,0,0,0,0,0,0,0,0,0,0,0,0,0,0,0,0,3244.2760000000003,0,0,0,0,0,0,0,0,0,12232.684040000002,0,0,0,0,0,0,0,0,0,0,0,0
2022-04-01,0,0,0,0,0,0,0,0,0,0,0,0,0,0,0,0,0,0,0,0,0,0,0,0,0,0,0,0,0,0,0,0,0,3473.8372899999995,0,0,0,0,0,0,7402.13836,0,0,0,0,0,0,27218.248310000003,0,0,0,0,0,0,0,0
2022-04-02,0,0,0,0,0,0,0,0,0,0,0,0,0,0,0,0,0,0,0,0,0,0,0,0,0,0,0,0,0,0,0,0,0,0,0,0,0,0,0,0,0,0,0,0,0,0,0,0,0,0,0,0,0,0,0,0
2022-04-03,0,0,0,0,0,0,0,0,0,0,0,0,0,0,0,0,0,0,0,0,0,0,0,0,0,0,0,0,0,0,0,0,0,3000.28625,0,0,0,0,0,0,0,0,0,12331.55787,0,0,0,0,0,0,0,0,0,0,0,0
2022-04-04,0,0,0,0,0,0,0,0,0,0,0,0,0,0,0,0,0,0,0,0,0,0,0,0,0,0,0,0,0,0,0,0,0,0,0,0,0,0,0,0,6742.66095,0,0,0,0,0,0,0,0,0,0,0,0,0,0,0
2022-04-05,0,0,0,0,0,0,0,0,0,0,0,0,0,0,1187.50164,0,0,0,0,0,0,0,0,0,0,0,0,0,0,0,0,0,0,3171.3527200000003,0,0,0,0,0,0,7299.376,0,0,12340.213115,0,0,0,0,0,0,0,0,0,0,0,0
2022-04-06,0,0,0,0,0,0,0,0,0,0,0,0,0,0,1275.59829,0,0,0,0,0,0,0,0,0,0,0,0,0,0,0,0,0,0,3618.7503,0,0,0,0,0,0,8009.395549999999,0,0,0,0,0,0,0,0,0,0,0,0,0,0,0
2022-04-07,0,0,0,0,0,0,0,0,0,0,0,0,0,0,1329.97781,0,0,0,0,0,0,0,0,0,0,0,0,0,0,0,0,0,0,3727.287855000001,0,0,0,0,0,0,0,0,0,0,0,0,0,0,0,0,0,0,0,0,0,0
2022-04-08,0,0,0,0,0,0,0,0,0,0,0,0,0,0,1329.17778,0,0,0,0,0,0,0,0,0,0,0,0,0,0,0,0,0,0,3864.46143,0,0,0,0,0,0,8553.443570000001,0,0,13604.8367,0,20605.62728,0,0,0,0,0,0,0,0,0,0
2022-04-09,0,0,0,0,0,0,0,0,0,0,0,0,0,0,1313.98739,0,0,0,0,0,0,0,0,0,0,0,0,0,0,0,0,0,0,3987.50688,0,0,0,0,0,0,8309.98155,0,0,0,0,0,0,0,0,0,0,0,0,0,0,0
2022-04-10,0,0,0,0,0,0,0,0,0,0,0,0,0,0,1195.99144,0,0,0,0,0,0,0,0,0,0,0,0,0,0,0,0,0,0,0,0,0,0,0,0,0,7864.419575,0,0,0,0,0,0,0,0,0,0,0,0,0,0,0
2022-04-11,0,0,0,0,0,0,0,0,0,0,0,0,0,0,0,0,0,0,0,0,0,0,0,0,0,0,0,0,0,0,0,0,0,4391.9018,0,0,0,0,0,0,9496.67048,0,0,15303.9642,0,0,0,0,0,0,0,0,0,0,0,0
2022-04-12,0,0,0,0,0,0,0,0,0,0,0,0,0,0,1491.8339999999998,0,0,0,0,0,0,0,0,0,0,0,0,0,0,0,0,0,0,4530.0579,0,0,0,0,0,0,9429.90272,0,0,15354.9146,0,0,0,0,0,0,0,0,0,0,0,0
2022-04-13,0,0,0,0,0,0,0,0,0,0,0,0,0,0,1504.32,0,0,0,0,0,0,0,0,0,0,0,0,0,0,0,0,0,0,4172.8251,0,0,0,0,0,0,0,0,0,0,0,0,0,0,0,0,0,0,0,0,0,0
2022-04-14,0,0,0,0,0,0,0,0,0,0,0,0,0,0,0,0,0,0,0,0,0,0,0,0,0,0,0,0,0,0,0,0,0,0,0,0,0,0,0,0,8554.60413,0,0,0,0,0,0,0,0,0,0,0,0,0,0,0
2022-04-15,0,0,0,0,0,0,0,0,0,0,0,0,0,0,0,0,0,0,0,0,0,0,0,0,0,0,0,0,0,0,0,0,0,0,0,0,0,0,0,0,8857.42326,0,0,15313.797055,0,22716.39156,0,0,0,0,0,0,0,0,0,0
2022-04-16,0,0,0,0,0,0,0,0,0,0,0,0,0,0,1396.239495,0,0,0,0,0,0,0,0,0,0,0,0,0,0,0,0,0,0,4211.02136,0,0,0,0,0,0,0,0,0,0,0,0,0,0,0,0,0,0,0,0,0,0
2022-04-17,0,0,0,0,0,0,0,0,0,0,0,0,0,0,1407.2224849999998,0,0,0,0,0,0,0,0,0,0,0,0,0,0,0,0,0,0,3973.66927,0,0,0,0,0,0,9050.85444,0,0,0,0,0,0,0,0,0,0,0,0,0,0,0
2022-04-18,0,0,0,0,0,0,0,0,0,0,0,0,0,0,1501.681125,0,0,0,0,0,0,0,0,0,0,0,0,0,0,0,0,0,0,4084.484,0,0,0,0,0,0,8648.9216,0,0,0,0,0,0,0,0,0,0,0,0,0,0,0
2022-04-19,0,0,0,0,0,0,0,0,0,0,0,0,0,0,1326.079625,0,0,0,0,0,0,0,0,0,0,0,0,0,0,0,0,0,0,3922.78465,0,0,0,0,0,0,8308.592,0,0,0,0,0,0,0,0,0,0,0,0,0,0,0
2022-04-20,0,0,0,0,0,0,0,0,0,0,0,0,0,0,1363.83455,0,0,0,0,0,0,0,0,0,0,0,0,0,0,0,0,0,0,3852.73828,0,0,0,0,0,0,8286.36534,0,0,14666.58816,0,21541.07844,0,0,0,0,0,0,0,0,0,0
2022-04-21,0,0,0,0,0,0,0,0,0,0,0,0,0,0,1446.21249,0,0,0,0,0,0,0,0,0,0,0,0,0,0,0,0,0,0,3953.402995,0,0,0,0,0,0,0,0,0,0,0,21246.02,0,28606.59538,0,0,0,0,0,0,0,0
2022-04-22,0,0,0,0,0,0,0,0,0,0,0,0,0,0,1501.87818,0,0,0,0,0,0,0,0,0,0,0,0,0,0,0,0,0,0,4343.185,0,0,0,0,0,0,0,0,0,0,0,0,0,0,0,0,0,0,0,0,0,0
2022-04-23,0,0,0,0,0,0,0,0,0,0,0,0,0,0,0,0,0,0,0,0,0,0,0,0,0,0,0,0,0,0,0,0,0,4213.85192,0,0,0,0,0,0,0,0,0,0,0,0,0,0,0,0,0,0,0,0,0,0
2022-04-24,0,0,0,0,0,0,0,0,0,0,0,0,0,0,0,0,0,0,0,0,0,0,0,0,0,0,0,0,0,0,0,0,0,4189.2312,0,0,0,0,0,0,0,0,0,0,0,0,0,0,0,0,0,0,0,0,0,0
2022-04-25,0,0,0,0,0,0,0,0,0,0,0,0,0,0,1520.09509,0,0,0,0,0,0,0,0,0,0,0,0,0,0,0,0,0,0,4332.3852,0,0,0,0,0,0,9092.2581,0,0,0,0,0,0,0,0,0,0,0,0,0,0,0
2022-04-26,0,0,0,0,0,0,0,0,0,0,0,0,0,0,1448.775375,0,0,0,0,0,0,0,0,0,0,0,0,0,0,0,0,0,0,4556.273999999999,0,0,0,0,0,0,9478.30203,0,0,0,0,0,0,0,0,0,0,0,0,0,0,0
2022-04-27,0,0,0,0,0,0,0,0,0,0,0,0,0,0,1492.83988,0,0,0,0,0,0,0,0,0,0,0,0,0,0,0,0,0,0,4312.617492,0,0,0,0,0,0,9083.96634,0,0,0,0,0,0,0,0,0,0,0,0,0,0,0
2022-04-28,0,0,0,0,0,0,0,0,0,0,0,0,0,0,1410.9281999999998,0,0,0,0,0,0,0,0,0,0,0,0,0,0,0,0,0,0,0,0,0,0,0,0,0,8945.73631,0,0,15166.73318,0,0,0,0,0,0,0,0,0,0,0,0
2022-04-29,0,0,0,0,0,0,0,0,0,0,0,0,0,0,1459.178625,0,0,0,0,0,0,0,0,0,0,0,0,0,0,0,0,0,0,4135.451244999999,0,0,0,0,0,0,0,0,0,15160.074520000002,0,22576.7196,0,0,0,0,0,0,0,0,0,0
2022-04-30,0,0,0,0,0,0,0,0,0,0,0,0,0,0,0,0,0,0,0,0,0,0,0,0,0,0,0,0,0,0,0,0,0,4280.07022,0,0,0,0,0,0,9091.282034999998,0,0,15473.728,0,0,0,0,0,0,0,0,0,0,0,0
2022-05-01,0,0,0,0,0,0,0,0,0,0,0,0,0,0,1407.59433,0,0,0,0,0,0,0,0,0,0,0,0,0,0,0,0,0,0,4190.20525,0,0,0,0,0,0,0,0,0,0,0,0,0,0,0,0,0,0,0,0,0,0
2022-05-02,0,0,0,0,0,0,0,0,0,0,0,0,0,0,1449.74522,0,0,0,0,0,0,0,0,0,0,0,0,0,0,0,0,0,0,0,0,0,0,0,0,0,9159.141735,0,0,0,0,0,0,0,0,0,0,0,0,0,0,0
2022-05-03,0,0,0,0,0,0,0,0,0,0,0,0,0,0,1455.3735350000002,0,0,0,0,0,0,0,0,0,0,0,0,0,0,0,0,0,0,4484.875569999999,0,0,0,0,0,0,0,0,0,0,0,0,0,0,0,0,0,0,0,0,0,0
2022-05-04,0,0,0,0,0,0,0,0,0,0,0,0,0,0,1255.767975,0,0,0,0,0,0,0,0,0,0,0,0,0,0,0,0,0,0,4188.046275,0,0,0,0,0,0,8621.06063,0,0,0,0,0,0,0,0,0,0,0,0,0,0,0
2022-05-05,0,0,0,0,0,0,0,0,0,0,0,0,0,0,1457.2063500000002,0,0,0,0,0,0,0,0,0,0,0,0,0,0,0,0,0,0,4767.036120000001,0,0,0,0,0,0,10129.74507,0,0,16479.63605,0,0,0,0,0,0,0,0,0,0,0,0
2022-05-06,0,0,0,0,0,0,0,0,0,0,0,0,0,0,1478.0155600000005,0,0,0,0,0,0,0,0,0,0,0,0,0,0,0,0,0,0,4803.13352,0,0,0,0,0,0,10105.28137,0,0,0,0,0,0,0,0,0,0,0,0,0,0,0
2022-05-07,0,0,0,0,0,0,0,0,0,0,0,0,0,0,1495.181505,0,0,0,0,0,0,0,0,0,0,0,0,0,0,0,0,0,0,4807.0892,0,0,0,0,0,0,8967.905745,0,0,0,0,0,0,0,0,0,0,0,0,0,0,0
2022-05-08,0,0,0,0,0,0,0,0,0,0,0,0,0,0,1620.97488,0,0,0,0,0,0,0,0,0,0,0,0,0,0,0,0,0,0,5172.55088,0,0,0,0,0,0,10688.6326,0,0,18578.956,0,0,0,0,0,0,0,0,0,0,0,0
2022-05-09,0,0,0,0,0,0,0,1068.340455,0,0,0,0,0,0,2319.516285,0,0,0,0,0,0,0,0,0,3733.6248,0,0,0,0,0,0,0,0,6719.453820000001,0,6555.421620000001,0,0,0,0,11544.76295,0,0,20993.582540000003,0,0,0,0,0,0,0,0,0,0,0,0
2022-05-10,0,0,0,0,0,0,0,992.63052,0,0,0,0,0,0,2050.21056,0,0,0,0,0,0,0,3760.77051,0,0,0,4234.082420000001,0,0,0,5291.24103,0,0,6062.5979,0,0,0,0,0,0,0,0,0,21202.48041,0,0,0,0,0,0,0,0,0,0,0,0
2022-05-11,0,0,933.1439,0,0,0,0,1571.74765,0,0,0,0,0,0,3229.4383,0,0,0,0,0,0,0,3857.2011,0,0,0,4680.2311,0,0,0,6942.782399999999,0,0,7823.5578,0,7354.81579,0,0,0,0,15369.57972,0,0,22871.063390000003,0,0,0,0,0,0,0,0,0,0,0,0
2022-05-12,0,0,768.37167,0,0,0,0,1728.5586,0,0,0,0,0,0,3592.38296,0,0,0,4938.464354999999,0,0,0,5444.958460000001,0,5749.9906,0,6202.075,0,0,0,0,0,0,8836.92315,0,10037.5776,0,12117.35565,0,0,15513.635500000002,0,0,24349.630760000004,0,0,0,0,0,0,0,0,0,0,0,0
2022-05-13,0,0,612.4418000000001,0,0,0,0,1494.05317,0,0,0,0,0,0,3075.74583,0,0,0,3389.407105,0,0,0,4149.60072,0,4843.45316,0,5138.28063,0,0,0,6178.298000000001,0,0,7350.695799999999,0,0,0,0,0,0,13650.8085,0,0,0,0,0,0,0,0,0,0,0,0,0,0,0
2022-05-14,0,0,722.6625,0,0,0,0,0,0,0,0,0,0,0,2970.8200600000005,0,0,0,3664.75461,0,0,0,4503.68811,0,0,0,5212.7877,0,0,0,0,0,0,7781.4756,0,0,0,0,0,0,0,0,0,0,0,0,0,0,0,0,0,0,0,0,0,0
2022-05-15,0,0,622.55844,0,0,0,0,1404.523665,0,0,0,0,0,0,2661.4188500000005,0,0,0,0,0,0,0,4061.45411,0,4623.726,0,5230.881249999999,0,0,0,0,0,0,0,0,0,0,0,0,0,0,0,0,20827.15495,0,0,0,0,0,0,0,0,0,0,0,0
2022-05-16,0,0,710.7948,0,0,0,0,1600.4034,0,0,0,0,0,0,0,0,0,0,3498.1631500000003,0,0,0,4400.483085,0,0,0,0,0,0,0,0,0,0,7345.01218,0,0,0,0,0,0,0,0,0,22159.49915,0,0,0,0,0,0,0,0,0,0,0,0
2022-05-17,0,0,626.64,0,0,0,0,0,0,0,0,0,0,0,2745.1431,0,0,0,0,0,0,0,4244.043375,0,0,0,0,0,0,0,5949.09315,0,0,0,0,0,0,0,0,0,0,0,0,21450.0585,0,0,0,0,0,0,0,0,0,0,0,0
2022-05-18,0,0,718.0001850000001,0,0,0,0,1530.89664,0,0,0,0,0,0,2848.82612,0,0,0,0,0,0,0,0,0,0,0,0,0,0,0,0,0,0,0,0,0,0,0,0,0,0,0,0,22645.7845,0,0,0,0,0,0,0,0,0,0,0,0
2022-05-19,0,0,706.55899,0,0,0,0,1608.93867,0,0,0,0,0,0,3000.409,0,0,0,3660.53802,0,0,0,4391.09397,0,0,0,0,0,0,0,6300.98132,0,0,7158.89665,0,0,0,0,0,0,14452.88,0,0,21357.91476,0,31147.10046,0,0,0,0,0,0,0,0,0,0
2022-05-20,0,0,748.6427,0,0,0,0,1666.30323,0,0,0,0,0,0,3171.9842000000003,0,0,0,0,0,0,0,4540.141275,0,4974.376715,0,0,0,0,0,6126.74686,0,0,7244.622969999999,0,0,0,0,0,0,0,0,0,22518.1008,0,0,0,0,0,0,0,0,0,0,0,0
2022-05-21,0,0,0,0,0,0,0,1602.82102,0,0,0,0,0,0,3041.392035,0,0,0,0,0,0,0,4550.72124,0,5049.583905,0,0,0,0,0,0,0,0,7526.6048,0,0,0,0,0,0,0,0,0,21911.9402,0,0,0,0,0,0,0,0,0,0,0,0
2022-05-22,0,0,635.85438,0,0,0,0,1503.6657800000005,0,0,0,0,0,0,2808.96816,0,0,0,3516.3860749999994,0,0,0,0,0,4740.666525000001,0,0,0,0,0,0,0,0,0,0,0,0,0,0,0,0,0,0,0,0,30427.197900000003,0,0,0,0,0,0,0,0,0,0
2022-05-23,0,0,629.7915449999999,0,0,0,0,1494.2367599999998,0,0,0,0,0,0,2940.8610000000003,0,0,0,3374.8983900000003,0,0,0,0,0,4617.31768,0,0,0,0,0,0,0,0,6811.42796,0,0,0,0,0,0,0,0,0,0,0,0,0,0,0,0,0,0,0,0,0,0
2022-05-24,0,0,0,0,0,0,0,1492.1681999999998,0,0,0,0,0,0,0,0,0,0,0,0,0,0,0,0,4920.05472,0,0,0,0,0,0,0,0,7592.87004,0,0,0,0,0,0,0,0,0,0,0,0,0,0,0,0,0,0,0,0,0,0
2022-05-25,0,0,655.05176,0,0,0,0,1476.7005,0,0,0,0,0,0,0,0,0,0,0,0,0,0,4270.9473,0,4693.42476,0,0,0,0,0,0,0,0,0,0,8187.910500000001,0,0,0,0,0,0,0,0,0,0,0,0,0,0,0,0,0,0,0,0
2022-05-26,0,0,666.4680099999999,0,0,0,0,1562.07481,0,0,0,0,0,0,2734.990975,0,0,0,0,0,0,0,4494.3521,0,4943.787310000001,0,5195.70933,0,0,0,0,0,0,7109.1312,0,0,0,0,0,0,0,0,0,0,0,0,0,0,0,0,0,0,0,0,0,0
2022-05-27,0,0,619.1026049999999,0,0,0,0,1451.22052,0,0,0,0,0,0,2821.8030850000005,0,0,0,3536.4512750000004,0,0,0,0,0,4684.128,0,5294.6319300000005,0,0,0,6585.685725,0,0,0,0,0,0,0,0,0,0,0,0,0,0,0,0,0,0,0,0,0,0,0,0,0
2022-05-28,0,0,0,0,0,0,0,0,0,0,0,0,0,0,0,0,0,0,0,0,0,0,0,0,0,0,5093.2104,0,0,0,5961.252399999999,0,0,0,0,0,0,0,0,0,0,0,0,0,0,0,0,0,0,0,0,0,0,0,0,0
2022-05-29,0,0,0,0,0,0,0,0,0,0,0,0,0,0,0,0,0,0,0,0,0,0,0,0,0,0,0,0,0,0,0,0,0,0,0,0,0,0,0,0,0,0,0,0,0,0,0,0,0,0,0,0,0,0,0,0
2022-05-30,0,0,507.9512,0,0,0,0,1207.386625,0,0,0,0,0,0,2215.2998,0,0,0,0,0,0,0,3648.8833,0,4259.37839,0,0,0,0,0,5506.531199999999,0,0,0,0,0,0,0,0,0,0,0,0,0,0,0,0,0,0,0,0,0,0,0,0,0
2022-05-31,0,0,475.6776,0,0,0,0,1107.827085,0,0,0,0,0,0,2195.4113,0,0,0,2697.6448800000003,0,0,0,0,0,0,0,0,0,0,0,5179.5786,0,0,6064.680960000001,0,0,0,0,0,0,0,0,0,0,0,0,0,0,0,0,0,0,0,0,0,0
2022-06-01,0,0,0,0,0,0,0,1299.92412,0,0,0,0,0,0,2235.19076,0,0,0,0,0,0,0,0,0,0,0,0,0,0,0,5678.28293,0,0,0,0,0,0,0,0,0,0,0,0,0,0,0,0,0,0,0,0,0,0,0,0,0
2022-06-02,0,0,0,0,0,0,0,1149.3941249999998,0,0,0,0,0,0,2302.8912,0,0,0,0,0,0,0,0,0,0,0,0,0,0,0,0,0,0,0,0,0,0,0,0,0,0,0,0,0,0,0,0,0,0,0,0,0,0,0,0,0
2022-06-03,0,0,0,0,0,0,0,1165.2658,0,0,0,0,0,0,2332.17848,0,0,0,0,0,0,0,0,0,0,0,0,0,0,0,0,0,0,6762.17873,0,0,0,0,0,0,0,0,0,0,0,0,0,0,0,0,0,0,0,0,0,0
2022-06-04,0,0,0,0,0,0,0,1138.5127599999998,0,0,0,0,0,0,2462.1908500000004,0,0,0,0,0,0,0,0,0,4219.19784,0,0,0,0,0,0,0,0,6601.350275000001,0,0,0,0,0,0,0,0,0,0,0,0,0,0,0,0,0,0,0,0,0,0
2022-06-05,0,0,0,0,0,0,0,0,0,0,0,0,0,0,2543.6005,0,0,0,0,0,0,0,0,0,4043.39968,0,0,0,0,0,5722.613505,0,0,6891.20334,0,0,0,0,0,0,0,0,0,0,0,0,0,0,0,0,0,0,0,0,0,0
2022-06-06,0,0,437.97908,0,0,0,0,0,0,0,0,0,0,0,2155.1115,0,0,0,2646.2486400000003,0,0,0,3307.234045,0,0,0,4175.6845,0,0,0,0,0,0,0,0,0,0,0,0,0,0,0,0,0,0,0,0,0,0,0,0,0,0,0,0,0
2022-06-07,0,0,453.1803900000001,0,0,0,0,1063.6203,0,0,0,0,0,0,2145.057635,0,0,0,2750.94424,0,0,0,3568.01328,0,3844.1302,0,4279.101540000001,0,0,0,5088.403125,0,0,6039.381090000001,0,7132.954255000001,0,0,0,0,0,0,0,0,0,0,0,0,0,0,0,0,0,0,0,0
2022-06-08,0,0,500.210205,0,0,0,0,1091.27988,0,0,0,0,0,0,0,0,0,0,0,0,0,0,3618.126,0,0,0,0,0,0,0,0,0,0,6468.785895,0,0,0,0,0,0,0,0,0,0,0,0,0,0,0,0,0,0,0,0,0,0
2022-06-09,0,0,452.4915,0,0,0,0,0,0,0,0,0,0,0,0,0,0,0,2898.26265,0,0,0,3612.66031,0,0,0,0,0,0,0,0,0,0,0,0,0,0,0,0,0,0,0,0,0,0,0,0,0,0,0,0,0,0,0,0,0
2022-06-10,0,0,0,0,0,0,0,1186.896645,0,0,0,0,0,0,0,0,0,0,3145.728425,0,0,0,0,0,4430.474225,0,0,0,0,0,5743.993640000001,0,0,6491.95905,0,0,0,0,0,0,13235.17618,0,0,0,0,0,0,0,0,0,0,0,0,0,0,0
2022-06-11,0,0,0,0,0,0,0,1266.4179,0,0,0,0,0,0,0,0,0,0,3225.39516,0,0,0,4166.82231,0,4462.985285,0,4892.243,0,0,0,5779.505230000001,0,0,7123.856900000001,0,8211.867859999998,0,0,0,0,0,0,0,0,0,0,0,0,0,0,0,0,0,0,0,0
2022-06-12,0,0,0,0,0,0,0,1455.199595,0,0,0,0,0,0,2933.098755,0,0,0,0,0,0,0,4140.3132,0,0,0,0,0,0,0,6707.954919999999,0,0,7972.208999999999,0,8640.963450000001,0,0,0,0,0,0,0,0,0,0,0,0,0,0,0,0,0,0,0,0
2022-06-13,0,0,884.8208000000001,0,0,0,0,1975.21285,2331.6110000000003,2637.8134800000003,3003.915805,0,3439.4014499999994,0,4112.4816,0,4196.034764999999,0,5339.5176,0,5389.23828,0,6428.983679999999,0,6685.59038,0,7142.612999999999,0,7649.47064,0,7391.9238,0,0,10649.952,0,0,0,0,0,0,17440.18254,0,0,26845.1975,0,0,0,0,0,0,0,0,0,0,0,0
2022-06-14,0,0,925.61742,0,0,0,0,2508.043455,2784.2906,3169.835475,3131.0793150000004,0,3976.673175,0,4391.61068,0,4968.99424,0,5759.5240300000005,0,6218.45483,0,6343.103330000001,0,7448.186200000001,0,8627.126305,0,0,0,0,0,0,11808.380805,0,0,0,0,0,0,19335.25176,0,0,29476.4826,0,0,0,0,0,0,0,0,0,0,0,0
2022-06-15,0,0,850.57635,0,0,0,1953.61626,2239.4979,2553.5230800000004,2723.8928599999995,4238.3964,0,0,0,4202.18728,0,4638.68534,0,5069.2851,0,0,0,7635.578399999999,0,8798.69347,0,9316.1205,0,0,0,0,0,0,11699.6264,0,11857.7495,0,0,0,0,19868.3946,0,0,28274.2894,0,0,0,0,0,0,0,0,0,0,0,0
2022-06-16,0,0,974.4548,0,0,0,0,0,0,0,0,0,3537.5371,0,4615.593400000001,0,5437.0914,0,0,0,0,0,6186.697470000001,0,0,0,0,0,0,0,0,0,0,11019.2628,0,0,0,0,0,0,0,0,23194.5064,29860.11,0,0,0,0,0,0,0,0,0,0,0,0
2022-06-17,0,0,1065.205915,0,0,0,2129.19128,0,0,0,0,0,4377.3534,0,4799.3658,0,0,0,0,0,0,0,0,0,0,0,0,0,0,0,0,0,0,0,0,0,0,0,0,0,0,0,0,29742.61251,0,0,0,0,0,0,0,0,0,0,0,0
2022-06-18,313.58557,0,1438.3896,0,0,2248.02149,2387.304,2845.210195,0,0,5055.912539999999,0,5275.289599999999,0,5830.5856,0,6251.273070000001,0,0,0,0,0,8775.138710000001,0,9283.275,0,0,0,0,0,0,0,0,12859.33924,0,0,0,0,0,0,23137.32877,0,0,31480.7202,0,39448.29673,0,0,0,0,0,0,0,0,0,0
2022-06-19,0,0,1089.81264,0,0,0,2449.125825,2599.2670500000004,0,0,3946.573375,0,0,0,5124.57954,0,0,0,7215.516,0,0,0,0,0,8242.8081,0,0,0,0,0,0,0,0,13286.628,0,0,0,0,0,0,0,0,0,29884.7979,0,0,0,0,0,0,0,0,0,0,0,0
2022-06-20,198.222535,0,1077.70608,0,0,1864.30869,2178.5022,2601.3351,3022.26312,3316.36794,4086.67488,0,4596.26836,0,5179.69314,0,0,0,0,0,0,0,0,0,0,0,0,0,0,0,0,0,0,0,0,0,0,0,0,0,0,0,0,29793.744,0,0,0,0,0,0,0,0,0,0,0,0
2022-06-21,228.52753,0,1023.27043,0,0,1703.5808,2106.43782,2380.82175,0,0,0,0,0,0,4529.7819,0,0,0,0,0,0,0,0,0,0,0,0,0,0,0,0,0,0,11350.5807,0,0,0,0,0,0,0,0,0,29140.3528,0,0,0,0,0,0,0,0,0,0,0,0
2022-06-22,241.44144,0,1105.86465,0,0,1888.14024,2241.0628800000004,2629.9000600000004,3039.3234700000003,3493.51966,0,0,4460.57781,0,5189.7513500000005,0,0,0,0,0,0,0,0,0,0,0,0,0,0,0,0,0,0,0,0,0,0,0,0,0,0,0,0,30505.228975,0,0,0,0,0,0,0,0,0,0,0,0
2022-06-23,0,0,969.61707,0,0,0,0,0,0,0,0,0,4445.95665,0,0,0,0,0,0,0,0,0,0,0,0,0,0,0,0,0,0,0,0,0,0,0,0,0,0,0,0,0,0,0,0,0,0,0,0,0,0,0,0,0,0,0
2022-06-24,190.91412,0,909.75917,0,0,0,0,0,0,0,3621.80556,0,4156.962,0,4697.79793,0,0,0,0,0,0,0,0,0,0,0,0,0,0,0,0,0,0,11449.9224,0,0,0,0,0,0,0,0,0,29297.79616,0,0,0,0,0,0,0,0,0,0,0,0
2022-06-25,0,0,0,0,0,0,0,0,0,0,0,0,3992.33004,0,4540.107125,0,0,0,0,0,0,0,0,0,0,0,0,0,0,0,0,0,0,0,0,0,0,0,0,0,0,0,0,0,0,0,0,0,0,0,0,0,0,0,0,0
2022-06-26,0,0,929.38185,0,0,0,0,2281.5408,0,3178.23109,0,0,0,0,0,0,0,0,0,0,0,0,0,0,0,0,0,0,0,0,0,0,0,0,0,0,0,0,0,0,0,0,0,0,0,0,0,0,0,0,0,0,0,0,0,0
2022-06-27,0,0,951.2662,0,0,0,0,2333.48864,0,0,3675.3175,0,4173.5846200000005,0,4756.331,0,0,0,0,0,0,0,0,0,0,0,0,0,0,0,0,0,0,0,0,0,0,15533.224305,0,0,0,0,0,0,0,0,0,0,0,0,0,0,0,0,0,0
2022-06-28,0,0,953.26058,0,0,0,1992.5856,2386.2487600000004,0,0,3573.79536,0,4256.585959999999,0,4662.088500000001,0,0,0,0,0,0,0,0,0,0,0,0,0,0,0,0,0,0,0,0,0,0,0,0,0,0,0,0,29832.9538,0,0,0,0,0,0,0,0,0,0,0,0
2022-06-29,261.17689,0,1000.2945,0,0,0,0,0,0,0,0,0,0,0,4842.179999999999,0,6648.110640000001,0,0,0,0,0,0,0,0,0,0,0,0,0,0,0,0,0,0,0,0,0,0,0,0,0,0,30159.48,0,0,0,0,0,0,0,0,0,0,0,0
2022-06-30,0,0,1138.3866,0,0,1965.51348,2382.85022,2608.1180750000003,3031.3717249999995,0,0,0,4650.810939999999,0,5605.34337,0,5816.547119999999,0,6337.29798,0,0,0,8343.144705,0,0,0,0,0,0,0,0,0,0,13059.27119,0,0,0,0,0,0,0,0,0,30618.322005,0,0,0,0,0,0,0,0,0,0,0,0
2022-07-01,0,0,1121.22294,0,0,0,0,0,3197.6175150000004,0,4205.32092,0,0,0,0,0,0,0,0,0,0,0,0,0,0,0,0,0,0,0,0,0,0,0,0,0,0,0,0,0,0,0,0,0,0,0,0,0,0,0,0,0,0,0,0,0
2022-07-02,250.98164,0,1100.42832,0,0,0,0,0,0,0,0,0,0,0,0,0,0,0,0,0,0,0,0,0,0,0,0,0,0,0,0,0,0,0,0,0,0,0,0,0,0,0,0,0,0,0,0,0,0,0,0,0,0,0,0,0
2022-07-03,0,0,0,0,0,0,0,0,0,0,0,0,0,0,0,0,0,0,0,0,0,0,0,0,0,0,0,0,0,0,0,0,0,0,0,0,0,0,0,0,0,0,0,0,0,0,0,0,0,0,0,0,0,0,0,0
2022-07-04,0,0,0,0,0,0,0,0,0,0,0,0,0,0,5210.1296,0,0,0,0,0,0,0,0,0,0,0,0,0,0,0,0,0,0,0,0,0,0,0,0,0,0,0,0,29959.34082,0,0,0,0,0,0,0,0,0,0,0,0
2022-07-05,242.04,0,0,0,0,0,2153.72178,2443.6332,0,0,0,0,4573.007949999999,0,4756.7496,0,0,0,6052.026449999999,0,6688.5501,0,0,0,0,0,0,0,0,0,0,0,0,0,0,0,0,0,0,0,0,0,0,0,0,0,0,0,0,0,0,0,0,0,0,0
2022-07-06,222.18229,0,959.50475,0,0,0,0,0,0,0,0,0,0,0,4922.52119,0,0,0,0,0,6709.37436,0,0,0,0,0,0,0,0,0,0,0,0,0,0,0,0,0,0,0,0,0,0,0,0,0,0,0,0,0,0,0,0,0,0,0
2022-07-07,214.78653000000003,0,846.9076200000001,0,0,0,0,0,0,0,0,0,0,0,4395.094425,0,5019.7776300000005,0,5925.506199999999,0,6580.428675,0,0,0,0,0,0,0,0,0,0,0,0,11362.6854,0,0,0,0,0,0,0,0,0,0,0,0,0,0,0,0,0,0,0,0,0,0
2022-07-08,0,0,826.3491199999999,0,0,0,0,0,0,0,0,0,0,0,0,0,0,0,5685.7674,0,0,0,0,0,0,0,0,0,0,0,0,0,0,0,0,0,0,0,0,0,0,0,0,0,0,0,0,0,0,0,0,0,0,0,0,0
2022-07-09,0,0,0,0,0,0,0,0,0,0,0,0,0,0,0,0,0,0,0,0,0,0,0,0,0,0,0,0,0,0,0,0,0,0,0,0,0,0,0,0,0,0,0,0,0,0,0,0,0,0,0,0,0,0,0,0
2022-07-10,0,0,0,0,0,0,0,0,0,0,0,0,0,0,0,0,0,0,0,0,0,0,0,0,0,0,0,0,0,0,0,0,0,0,0,0,0,0,0,0,0,0,0,0,0,0,0,0,0,0,0,0,0,0,0,0
2022-07-11,184.40271,0,0,0,0,1625.94719,0,0,0,0,0,0,4097.250330000001,0,4708.99912,0,5213.3376,0,0,0,6412.19106,0,0,0,0,0,0,0,0,0,0,0,0,0,0,0,0,0,0,0,0,0,0,0,0,0,0,0,0,0,0,0,0,0,0,0
2022-07-12,223.321835,0,931.185725,0,0,0,0,0,0,0,0,0,4387.54428,0,4949.544809999999,0,5643.45033,0,0,0,0,0,0,0,0,0,0,0,0,0,0,0,0,0,0,0,0,0,0,0,0,0,0,0,0,0,0,0,0,0,0,0,0,0,0,0
2022-07-13,191.95092,0,966.803805,0,0,1755.6984,0,2560.6776,2985.99696,0,0,0,0,0,0,0,0,0,6123.0384,0,0,0,0,0,0,0,0,0,0,0,0,0,0,0,0,0,0,0,0,0,0,0,0,0,0,0,0,0,0,0,0,0,0,0,0,0
2022-07-14,204.9239,0,0,0,0,0,0,2281.4418,0,3383.89532,0,0,0,0,5014.2282,0,0,0,6036.09105,0,0,0,0,0,0,0,0,0,0,0,0,0,0,0,0,0,0,0,0,0,0,0,0,0,0,0,0,0,0,0,0,0,0,0,0,0
2022-07-15,205.0501,0,0,0,0,0,0,2196.5265,0,0,3406.62768,0,3896.1825,0,4397.787179999999,0,4919.792670000001,0,0,0,0,0,0,0,0,0,0,0,0,0,0,0,0,0,0,0,0,0,0,18054.40876,0,0,0,0,0,0,0,0,0,0,0,0,0,0,0,0
2022-07-16,195.98424,0,0,0,0,0,1810.22994,2123.614,0,3048.593625,0,0,0,0,4345.94576,0,0,0,0,0,0,0,0,0,0,0,0,0,0,0,0,0,0,0,0,0,0,0,0,0,0,0,0,0,0,0,0,0,0,0,0,0,0,0,0,0
2022-07-17,0,0,799.7520000000001,0,0,1496.96034,0,0,0,0,0,0,3725.092,0,0,0,0,0,5638.1967,0,0,0,0,0,0,0,0,0,0,0,0,0,0,0,0,0,0,0,0,0,0,0,0,0,0,0,0,0,0,0,0,0,0,0,0,0
2022-07-18,204.59789,0,799.14339,0,0,0,1758.053615,1899.467895,0,0,0,0,0,0,0,0,4662.587875,0,5084.301950000001,0,5920.7690250000005,0,6229.746360000001,0,0,0,0,0,0,0,0,0,0,0,0,0,0,0,0,0,0,0,0,0,0,0,0,0,0,0,0,0,0,0,0,0
2022-07-19,152.62207999999998,0,665.90934,0,0,1249.4871500000002,1496.32832,1775.4055999999998,2080.83157,2419.843455,2793.925535,0,3199.0003500000003,0,3648.21288,0,4124.82576,0,4655.97116,0,5477.0027,0,5849.8144250000005,0,6329.50467,0,0,0,0,0,0,0,0,0,0,0,0,0,0,0,0,0,0,0,0,0,0,0,0,0,0,0,0,0,0,0
2022-07-20,142.5807,0,739.4528,0,0,1320.10176,1446.063645,1810.06956,0,2322.895575,0,0,3288.8845600000004,0,0,0,4103.477,0,4522.887299999999,0,5042.91396,0,5903.703455000001,0,6320.85978,0,0,0,0,0,0,0,0,0,0,0,0,0,0,0,0,0,0,0,0,0,0,0,0,0,0,0,0,0,0,0
2022-07-21,161.88326,0,0,0,0,1316.597625,1574.040265,0,0,0,0,0,3499.8578999999995,0,3776.83877,0,4542.965090000001,0,0,0,5345.985280000001,0,6245.00378,0,6519.876935000001,0,0,0,0,0,0,0,0,0,0,0,0,0,0,0,0,0,0,0,0,0,0,0,0,0,0,0,0,0,0,0
2022-07-22,151.97415999999998,0,712.341,0,0,1207.52955,1500.20163,1900.045125,2143.19378,2419.052735,2812.497795,0,0,0,0,0,0,0,0,0,0,0,0,0,0,0,0,0,0,0,0,0,0,0,0,0,0,0,0,0,0,0,0,0,0,0,0,0,0,0,0,0,0,0,0,0
2022-07-23,0,0,723.395075,0,0,1370.454315,1614.4782,1878.598865,2271.54102,2689.81412,3073.26138,0,0,0,4034.38926,0,0,0,0,0,0,0,0,0,0,0,0,0,0,0,8763.10272,0,0,0,0,0,0,0,0,0,0,0,0,0,0,0,0,0,0,0,0,0,0,0,0,0
2022-07-24,0,0,669.709885,0,0,0,0,1790.367555,0,0,0,0,0,0,0,0,0,0,4872.27496,0,0,0,0,0,0,0,0,0,0,0,0,0,0,0,0,0,0,0,0,0,0,0,0,0,0,0,0,0,0,0,0,0,0,0,0,0
2022-07-25,152.76072,0,714.8150750000001,0,0,1338.16127,1612.374645,0,2270.486745,2676.06512,3141.7786399999995,0,0,0,4100.2966400000005,0,0,0,5148.99244,0,0,0,0,0,0,0,0,0,0,0,0,0,0,10736.7673,0,0,0,0,0,0,0,0,0,0,0,0,0,0,0,0,0,0,0,0,0,0
2022-07-26,155.8209,0,767.26789,0,0,1513.37805,0,2184.69372,0,0,0,0,3959.975815,0,4379.75524,0,0,0,0,0,0,0,0,0,0,0,0,0,0,0,0,0,0,0,0,0,0,0,0,0,0,0,0,0,0,0,0,0,0,0,0,0,0,0,0,0
2022-07-27,0,0,633.14888,0,0,0,1492.964235,1792.7984,0,0,0,0,0,0,3666.2816,0,0,0,0,0,0,0,0,0,0,0,0,0,0,0,0,0,0,0,0,0,0,0,0,0,0,0,0,0,0,0,0,0,0,0,0,0,0,0,0,0
2022-07-28,114.85175,0,587.19625,0,0,1132.8840249999998,1358.8721400000002,1720.52118,0,0,0,0,0,0,0,0,0,0,0,0,4867.898343,0,5380.342305,0,0,0,0,0,7704.396000000001,0,0,0,0,0,0,0,0,0,0,0,18371.05795,0,0,0,0,0,0,0,0,0,0,0,0,0,0,0
2022-07-29,117.89245,0,528.1616999999999,0,0,0,0,1536.24128,0,0,2520.8085,0,2895.12818,0,0,0,3776.447945,0,0,0,4789.4682,0,0,0,5892.950085,0,0,0,0,0,0,0,0,0,0,0,0,0,0,0,0,0,0,0,0,0,0,0,0,0,0,0,0,0,0,0
2022-07-30,95.96608,0,534.212325,0,0,0,1232.815595,1540.39674,0,2114.69368,2556.29689,0,2945.6275,0,3288.505000000001,0,3750.02098,0,0,0,0,0,5004.940079999999,0,0,0,0,0,0,0,0,0,0,0,0,0,0,0,0,0,0,0,0,0,0,0,0,0,0,0,0,0,0,0,0,0
2022-07-31,94.89776,0,559.77672,0,0,1065.91117,1293.46524,1557.18354,1842.94968,0,2470.38064,0,2983.82436,0,3310.66143,0,0,0,4234.89768,0,0,0,0,0,6110.4498,0,0,0,0,0,0,0,0,0,0,0,0,0,0,0,0,0,0,0,0,0,0,0,0,0,0,0,0,0,0,0
2022-08-01,0,0,585.78549,0,0,0,0,0,0,0,0,0,0,0,0,0,0,0,0,0,0,0,5794.7437,0,6402.904920000001,0,0,0,0,0,0,0,0,0,0,0,0,0,0,0,0,0,0,0,0,0,0,0,0,0,0,0,0,0,0,0
2022-08-02,0,0,610.25207,0,0,0,0,0,0,2322.31594,2725.42487,0,0,0,3607.54764,0,0,0,0,0,0,0,5741.96,0,0,0,0,0,0,0,0,0,0,0,0,0,0,0,0,0,17810.63748,0,0,0,0,0,0,0,0,0,0,0,0,0,0,0
2022-08-03,0,0,604.698465,0,0,1131.94344,0,1659.67543,0,0,0,0,0,0,0,0,0,0,0,0,4981.16472,0,5556.81819,0,0,0,0,0,0,0,0,0,0,0,0,0,0,0,0,0,17845.3845,0,0,0,0,0,0,0,0,0,0,0,0,0,0,0
2022-08-04,135.5994,0,599.015275,0,0,1203.252985,0,1761.5321500000002,0,2326.7639400000003,0,0,0,0,0,0,0,0,0,0,5230.83632,0,5826.67605,0,6545.485599999999,0,0,0,0,0,0,0,0,0,0,0,0,0,0,0,0,0,0,0,0,0,0,0,0,0,0,0,0,0,0,0
2022-08-05,0,0,571.3475950000001,0,0,1078.2885,0,1647.3938299999998,1948.73364,0,0,0,3186.1883700000003,0,3530.27752,0,0,0,0,0,0,0,0,0,0,0,0,0,0,0,0,0,0,0,0,0,0,0,0,0,0,0,0,0,0,0,0,0,0,0,0,0,0,0,0,0
2022-08-06,0,0,568.67538,0,0,0,0,0,0,0,3113.1724200000003,0,0,0,0,0,0,0,0,0,5148.186659999999,0,0,0,0,0,0,0,0,0,0,0,0,0,0,0,0,0,0,0,0,0,0,0,0,0,0,0,0,0,0,0,0,0,0,0
2022-08-07,0,0,542.8088750000001,0,0,1065.03248,0,0,0,0,0,0,0,0,0,0,0,0,4594.859225,0,5054.125300000001,0,5743.0958,0,0,0,0,0,0,0,0,0,0,0,0,0,0,0,0,0,0,0,0,0,0,0,0,0,0,0,0,0,0,0,0,0
2022-08-08,84.67914,0,495.14552,0,0,0,0,1449.9654,0,0,0,0,2950.8838,0,0,0,0,0,4321.82702,0,0,0,0,0,0,0,0,0,0,0,0,0,0,0,0,0,0,0,0,0,0,0,0,0,0,0,0,0,0,0,0,0,0,0,0,0
2022-08-09,95.24528,0,0,0,0,0,0,0,0,0,2600.308125,0,0,0,0,0,0,0,0,0,0,0,0,0,0,0,0,0,0,0,8262.683,0,0,0,0,0,0,0,0,0,0,0,0,0,0,0,0,0,0,0,0,0,0,0,0,0
2022-08-10,0,0,480.6224,0,0,0,0,0,1802.253555,2142.23919,2391.313,0,2786.636895,0,0,0,0,0,0,0,0,0,5184.904724999999,0,0,0,0,0,0,0,0,0,0,0,0,0,0,0,0,0,0,0,0,0,0,0,0,0,0,0,0,0,0,0,0,0
2022-08-11,85.427055,0,416.68581000000006,0,0,873.8385349999999,1079.5664,1279.5999,0,0,0,0,2642.8273,0,3032.82672,0,0,0,4025.194915,0,4508.288555,0,0,0,0,0,0,0,0,0,7750.2528,0,0,0,0,0,0,0,0,0,0,0,0,0,0,0,0,0,0,0,0,0,0,0,0,0
2022-08-12,0,0,0,0,0,910.97699,1120.53687,1332.2732500000002,0,1972.35584,2340.14625,0,2744.8522,0,3111.361627,0,0,0,4078.07811,0,0,0,5236.3036,0,0,0,0,0,0,0,0,0,0,0,0,0,0,0,0,0,0,0,0,0,0,0,0,0,0,0,0,0,0,0,0,0
2022-08-13,0,0,0,0,0,0,1088.73166,1318.00446,0,0,0,0,0,0,0,0,0,0,0,0,0,0,0,0,0,0,0,0,0,0,0,0,0,0,0,0,0,0,0,0,0,0,0,0,0,0,0,0,0,0,0,0,0,0,0,0
2022-08-14,86.00203499999999,0,429.3782500000001,0,0,0,1054.63262,0,0,0,2192.6511,0,0,0,2957.607675,0,0,0,0,0,0,0,0,0,0,0,0,0,0,0,0,0,0,0,0,0,0,0,0,0,0,0,0,0,0,0,0,0,0,0,0,0,0,0,0,0
2022-08-15,0,0,456.20368,0,0,891.0192,1030.945905,1355.147052,0,0,0,0,0,0,0,0,0,0,0,0,0,0,5105.193499999999,0,0,0,0,0,6868.26813,0,0,0,0,0,0,0,0,0,0,0,0,0,0,0,0,35986.975289999995,0,0,0,0,0,0,0,0,0,0
2022-08-16,0,0,450.5325600000001,0,0,916.025495,1118.7254899999998,1353.21116,0,0,0,0,0,0,3147.26538,0,3534.49752,0,0,0,0,0,0,0,0,0,0,0,0,0,0,0,0,0,0,0,0,0,0,0,0,0,0,0,0,36238.32442999999,0,0,0,0,0,0,0,0,0,0
2022-08-17,93.65616,0,471.0006,0,0,957.513555,1171.586295,1412.68708,1652.701555,2076.04496,2293.46625,0,2698.53514,0,3398.5398199999995,0,3869.04998,0,4092.267685,0,0,0,5455.75092,0,5624.00712,0,6643.626885,0,0,0,0,0,0,0,0,0,0,0,0,0,0,0,0,0,0,35829.35468,0,0,0,0,0,0,0,0,0,0
2022-08-18,70.6416,0,505.77546,0,0,0,1278.88035,1505.56416,0,0,0,0,0,0,0,0,0,0,0,0,0,0,0,0,0,0,6671.279474999999,0,0,0,0,0,0,0,0,0,0,0,0,0,0,0,0,0,0,0,0,0,0,0,0,0,0,0,0,0
2022-08-19,149.26583,0,677.809275,0,0,1288.22423,1623.630425,1895.2749,0,2497.9965,2744.18016,0,3362.27014,0,4132.349805,0,4185.03389,0,4983.1691,0,5318.24682,0,6001.43621,0,6421.424819999999,0,7491.780180000001,0,8184.5973,0,0,0,0,0,0,12559.1802,0,0,0,0,0,0,0,0,0,0,0,0,0,0,0,0,0,0,0,0
2022-08-20,115.87554,0,653.44931,0,0,1287.68926,1571.6944649999998,1921.314255,2253.81275,2594.007325,3102.662475,0,3574.6541100000004,0,4098.79435,0,0,0,0,0,0,0,0,0,0,0,0,0,0,0,0,0,0,0,0,0,0,0,0,0,0,0,0,0,0,0,0,0,0,0,0,0,0,0,0,0
2022-08-21,0,0,619.792635,0,0,1258.16261,0,0,2152.61754,0,0,0,0,0,4080.835755,0,0,0,5078.60664,0,0,0,0,0,0,0,0,0,0,0,0,0,0,0,0,0,0,0,0,0,0,0,0,0,0,0,0,0,0,0,0,0,0,0,0,0
2022-08-22,0,0,0,0,0,0,0,1888.182395,2242.28879,2669.204395,3131.36032,0,0,0,4119.80985,0,4654.8854,0,0,0,0,0,0,0,7266.603946,0,0,0,0,0,0,0,0,11047.66,0,0,0,0,0,0,0,0,0,0,0,0,0,0,0,0,0,0,0,0,0,0
2022-08-23,0,0,0,0,0,1247.26797,0,1872.8547,2170.41829,0,3038.62155,0,0,0,3924.9483,0,4558.401159999999,0,0,0,0,0,0,0,7066.4413,0,0,0,0,0,0,0,0,0,0,0,0,0,0,0,0,0,0,0,0,0,0,0,0,0,0,0,0,0,0,0
2022-08-24,0,0,0,0,0,0,0,0,0,0,0,0,0,0,0,0,0,0,0,0,5635.16884,0,0,0,0,0,0,0,0,0,0,0,0,0,0,0,0,0,0,0,0,0,0,0,0,0,0,0,0,0,0,0,0,0,0,0
2022-08-25,141.289135,0,583.10739,0,0,0,0,0,2063.9538500000003,0,0,0,3333.147465,0,0,0,0,0,0,0,0,0,6082.4176,0,6760.986015,0,0,0,0,0,0,0,0,0,0,0,0,0,0,0,0,0,0,0,0,0,0,0,0,0,0,0,0,0,0,0
2022-08-26,117.051055,0,577.09792,0,0,1212.492645,1483.52328,1810.06496,1999.55215,2581.917105,3026.53743,0,3568.14895,0,4104.8622000000005,0,4427.73344,0,5304.65476,0,5550.11618,0,6094.90591,0,0,0,7341.651900000001,0,0,0,0,0,0,11206.791945,0,0,0,0,0,0,0,0,0,0,0,0,0,0,0,0,99566.32987,0,0,0,0,0
2022-08-27,0,0,629.713035,0,0,1294.2969,1589.819535,1918.86583,2304.3332,2709.6815750000005,3229.4242500000005,0,0,0,4212.97226,0,4847.2064,0,0,0,0,0,6917.289824999999,0,0,0,0,0,0,0,0,0,0,0,0,0,0,0,0,0,0,0,0,0,0,0,0,0,0,0,0,0,0,0,0,0
2022-08-28,108.466105,0,644.223775,0,0,1343.115675,1599.7626,1976.1588,0,0,0,0,0,0,4485.82974,0,0,0,5577.171600000001,0,0,0,0,0,0,0,0,0,0,0,0,0,0,0,0,0,0,0,0,0,0,0,0,0,0,0,0,0,0,0,0,0,0,0,0,0
2022-08-29,0,0,0,0,0,1248.07731,0,2022.22242,0,0,0,0,0,0,4606.92355,0,0,0,5568.161120000001,0,0,0,0,0,0,0,0,0,0,0,0,0,0,0,0,0,0,0,0,0,0,0,0,0,0,0,0,0,0,0,0,0,0,0,0,0
2022-08-30,0,0,593.65697,0,0,1326.90948,1620.5151999999998,0,0,0,0,0,3617.152965,0,4222.1088,0,0,0,0,0,0,0,0,0,0,0,0,0,0,0,0,0,0,0,0,0,0,0,0,0,0,0,0,0,0,0,0,0,0,0,0,0,0,0,0,0
2022-08-31,0,0,619.89336,0,0,1292.65024,1551.1496,1880.41443,0,2675.1259750000004,3136.921715,0,0,0,4133.3560800000005,0,4737.36276,0,0,0,0,0,6673.248036,0,0,0,0,0,0,0,0,0,0,0,0,0,0,0,0,0,0,0,0,0,0,0,0,0,0,0,0,0,0,0,0,0
2022-09-01,129.08883,0,690.6896500000001,0,0,0,1628.0969750000002,0,0,0,0,0,0,0,4375.278924,0,0,0,0,0,0,0,0,0,0,0,0,0,0,0,0,0,0,0,0,0,0,0,0,0,0,0,0,0,0,0,0,0,0,0,0,0,0,0,0,0
2022-09-02,0,0,653.74985,0,0,0,1591.7688,1913.5641,0,0,0,0,0,0,4243.86525,0,0,0,0,0,0,0,6730.496640000001,0,0,0,0,0,0,0,0,0,0,0,0,0,0,0,0,0,0,0,0,0,0,0,0,0,0,0,0,0,0,0,0,0
2022-09-03,128.69499499999998,0,0,0,0,0,0,1945.67685,0,0,0,0,0,0,4346.432199999999,0,0,0,0,0,0,0,0,0,0,0,0,0,0,0,0,0,0,11677.96075,0,0,0,0,0,0,0,0,0,0,0,0,0,0,0,0,0,0,0,0,0,0
2022-09-04,0,0,0,0,0,0,0,0,0,0,0,0,0,0,4345.2464,0,0,0,0,0,0,0,0,0,0,0,0,0,0,0,0,0,0,0,0,0,0,0,0,0,0,0,0,0,0,0,0,0,0,0,0,0,0,0,0,0
2022-09-05,0,0,671.18856,0,0,1337.6477200000002,0,0,0,0,0,0,0,0,4341.6208,0,0,0,0,0,0,0,0,0,7570.46226,0,0,0,0,0,0,0,0,0,0,0,0,0,0,0,0,0,0,0,0,0,0,0,0,0,0,0,0,0,0,0
2022-09-06,160.00621,0,761.9308,0,0,0,1663.43827,2095.978045,0,2762.991822,3561.5981249999995,0,4112.448675000001,0,4706.23695,0,5424.44624,0,5727.07137,0,0,0,0,0,0,0,0,0,0,0,0,0,0,0,0,0,0,0,0,0,0,0,0,0,0,0,0,0,0,0,0,0,0,0,0,0
2022-09-07,164.1146,0,743.35646,0,0,1568.42532,1882.392,2331.79125,2662.9716,3231.9891,0,0,0,0,4592.34,0,0,0,0,0,6939.62433,0,0,0,0,0,0,0,0,0,0,0,0,0,0,0,0,0,0,0,0,0,0,0,0,0,0,0,0,0,0,0,0,0,0,0
2022-09-08,0,0,681.4704249999999,0,0,0,1689.163875,0,0,0,3409.87057,0,0,0,4498.2519,0,0,0,0,0,0,0,0,0,0,0,0,0,0,0,0,0,0,0,0,0,0,0,0,0,0,0,0,0,0,0,0,0,0,0,0,0,0,0,0,0
2022-09-09,0,0,585.9716500000001,0,0,1209.60099,1454.650985,1767.00526,2182.0143,2461.81742,0,0,3343.43168,0,3780.180225,0,0,0,0,0,0,0,0,0,0,0,0,0,0,0,0,0,0,0,0,0,0,15407.098014,0,0,0,0,0,0,0,0,0,0,0,0,0,0,0,0,0,0
2022-09-10,106.47915,0,0,0,0,1138.193775,0,1689.46556,0,2364.5347,0,0,0,0,0,0,0,0,0,0,0,0,0,0,0,0,0,0,0,0,9134.7136,0,0,0,0,0,0,0,0,0,0,0,0,0,0,0,0,0,0,0,0,0,0,0,0,0
2022-09-11,0,0,0,0,0,1138.0057499999998,1322.56479,1672.4965,1964.878985,0,0,0,0,0,3635.5406,0,0,0,4821.9678,0,0,0,0,0,0,0,0,0,0,0,0,0,0,0,0,0,0,0,0,0,0,0,0,0,0,0,0,0,0,0,0,0,0,0,0,0
2022-09-12,110.9052,0,524.38981,0,0,1024.0589,1258.89232,1507.997925,0,2216.707,0,0,0,0,0,0,0,0,4507.247025,0,0,0,0,0,0,0,0,0,0,0,0,0,0,0,0,0,0,0,0,0,0,0,0,0,0,0,0,0,0,0,0,0,0,0,0,0
2022-09-13,97.360335,0,569.1515499999999,0,0,1259.689375,1606.1776000000002,1877.91087,1971.51773,2573.42036,2740.649065,0,3756.36624,0,3786.36015,0,0,0,4473.9596,0,0,0,5622.187725,0,6747.71072,0,0,0,0,0,0,0,0,0,0,0,0,0,0,0,18496.386896,0,0,0,0,0,0,0,0,0,0,0,0,0,0,0
2022-09-14,118.53492,0,614.62746,0,0,0,0,0,0,0,0,0,3534.2879299999995,0,4167.566949999999,0,0,0,0,0,0,0,0,0,0,0,0,0,0,0,0,0,0,0,0,0,0,0,0,0,0,0,0,0,0,0,0,0,0,0,0,0,0,0,0,0
2022-09-15,128.71839500000002,0,0,0,0,1145.952775,1440.96095,1864.790235,0,2612.0260300000004,3098.31912,0,3617.829,0,0,0,4706.416125000001,0,0,0,0,0,0,0,7546.606274999999,0,0,0,0,0,0,0,0,0,0,0,0,0,0,0,0,0,0,0,0,0,0,0,0,0,0,0,0,0,0,0
2022-09-16,98.98885,0,594.8928,0,0,1185.8988,1479.92925,1852.32076,2260.7746500000003,2691.0937400000003,3160.0427700000005,0,3720.9182,0,4069.35696,0,0,0,0,0,0,0,6891.178875,0,0,0,0,0,0,0,0,0,0,0,0,0,0,0,0,0,0,0,0,0,0,0,0,0,0,0,0,0,0,0,0,0
2022-09-17,0,0,580.86797,0,0,1194.948,0,0,0,0,0,0,3495.79224,0,4102.04655,0,0,0,0,0,0,0,0,0,0,0,0,0,0,0,0,0,0,0,0,0,0,0,0,0,0,0,0,0,0,0,0,0,0,0,0,0,0,0,0,0
2022-09-18,0,0,0,0,0,1180.752,1460.8206799999998,1779.4395,2170.1493,0,0,0,0,0,0,0,0,0,0,0,0,0,0,0,0,0,0,0,0,0,0,0,0,0,0,0,0,0,0,0,0,0,0,0,0,0,0,0,0,0,0,0,0,0,0,0
2022-09-19,129.45499,0,567.45431,0,0,1268.51144,0,1995.77754,2194.2765,3073.0205700000006,0,0,0,0,4156.665749999999,0,0,0,0,0,0,0,0,0,0,0,0,0,0,0,0,0,0,11955.3174,0,0,0,0,0,0,0,0,0,0,0,0,0,0,0,0,0,0,0,0,0,0
2022-09-20,116.28636000000002,0,611.31712,0,0,0,0,1930.1226,0,0,3373.79242,0,3656.0706,0,4465.11528,0,5066.3158,0,0,0,0,0,0,0,0,0,0,0,0,0,0,0,0,0,0,0,0,0,0,0,0,0,0,0,0,0,0,0,0,0,0,0,0,0,0,0
2022-09-21,0,0,699.65588,799.92993,1042.1103,1236.4288,1671.424275,2055.1509,2467.20144,2992.7248,3361.33443,0,0,0,0,0,0,0,0,0,0,0,7293.24998,0,0,0,0,0,0,0,10224.66621,0,0,12779.914,0,0,0,0,0,0,0,0,0,0,0,0,0,0,0,0,0,0,0,0,0,0
2022-09-22,0,0,0,811.341384,1103.059195,0,1666.1156,2033.994165,2350.5546,2779.63344,3277.36196,0,0,0,4414.10739,0,0,0,0,0,6552.60098,0,0,0,0,0,0,0,0,0,0,0,0,0,0,0,0,0,0,0,0,0,0,0,0,0,0,0,0,0,0,0,0,0,0,0
2022-09-23,0,0,0,783.2088450000001,996.52191,1246.3602,1610.1898500000002,0,0,2890.68714,0,0,0,0,4592.106599999999,0,0,0,0,0,0,0,0,0,0,0,0,0,0,0,0,0,0,11803.0364,0,0,0,0,0,0,0,0,0,0,0,0,0,0,0,0,0,0,0,0,0,0
2022-09-24,113.9787,0,618.0616,804.3095250000001,965.91451,1286.95712,1580.1189300000003,1911.3543,2346.7806,2709.8911499999995,0,0,0,0,0,0,0,0,0,0,0,0,0,0,0,0,0,0,0,0,0,0,0,0,0,0,0,0,0,0,0,0,0,0,0,0,0,0,0,0,0,0,0,0,0,0
2022-09-25,132.27004000000002,0,605.3756800000001,778.67692,1043.59255,1315.0767000000003,0,1891.927,2287.89462,2827.15862,3389.27016,0,0,0,4243.32866,0,0,0,0,0,0,0,0,0,0,0,0,0,0,0,0,0,0,0,0,0,0,0,0,0,0,0,0,0,0,0,0,0,0,0,0,0,0,0,0,0
2022-09-26,114.9921,0,0,776.7989100000001,986.607645,1274.665275,1549.05696,1914.4536450000005,2304.2484,2601.3569400000006,3207.3536500000005,0,3783.85861,0,4133.024935,0,0,0,0,0,0,0,0,0,0,0,0,0,0,0,0,0,0,12263.5126,0,0,0,0,0,0,0,0,0,0,0,0,0,0,0,0,0,0,0,0,0,0
2022-09-27,124.24854,0,596.4550200000001,704.9434000000001,885.45072,1115.496165,1530.288095,1910.82,2006.29935,2708.97345,3186.284395,0,3744.31399,0,4195.57348,0,4567.456075,0,0,0,0,0,0,0,0,0,0,0,0,0,10236.553925,0,0,11097.108000000002,0,0,0,0,0,0,0,0,0,0,0,0,0,0,0,0,0,0,0,0,0,0
2022-09-28,127.998585,0,669.4974,777.49614,988.50801,0,1574.14729,1996.88475,2521.2173350000003,0,3146.35915,0,0,0,4478.345505,0,5090.3946000000005,0,0,0,0,0,7286.19318,0,0,0,0,0,0,0,0,0,0,11625.48,0,0,0,0,0,0,0,0,0,0,0,0,0,0,0,0,0,0,0,0,0,0
2022-09-29,0,0,620.048325,0,1022.706535,1227.57138,1511.368575,1803.1839,0,0,3197.4063200000005,0,3687.5162,0,4164.259855,0,0,0,0,0,0,0,0,0,0,0,8477.29728,0,0,0,0,0,0,11835.077580000005,0,0,0,0,0,0,0,0,0,0,0,0,0,0,0,0,0,0,0,0,0,0
2022-09-30,116.3808,0,581.24971,759.7915849999999,901.06653,0,1455.50775,1695.13326,0,2571.67548,3067.14498,0,3606.36542,0,4037.44848,0,4397.59655,0,5438.5380000000005,0,5964.6898,0,0,0,0,0,0,0,0,0,9608.70528,0,0,11526.601335,0,0,0,0,0,0,0,0,0,0,0,0,0,0,0,0,0,0,0,0,0,0
2022-10-01,0,0,551.1748950000001,724.043625,916.630775,1172.34375,1444.33448,1712.0245349999998,2128.70957,2556.2839780000004,0,0,0,0,0,0,0,0,0,0,0,0,0,0,7510.0389,0,0,0,0,0,0,0,0,11639.29744,0,13474.951155,0,0,0,0,0,0,0,0,0,0,0,0,0,0,0,0,0,0,0,0
2022-10-02,0,0,562.06586,0,926.86368,0,0,0,2273.7048,2573.440785,3067.2817200000004,0,0,0,0,0,0,0,0,0,0,0,0,0,0,0,0,0,0,0,0,0,0,11967.3729,0,0,0,0,0,0,0,0,0,0,0,0,0,0,0,0,0,0,0,0,0,0
2022-10-03,86.24569499999998,0,558.42574,664.9312,0,1171.22318,1420.52274,1811.56894,0,0,2910.20499,0,3370.0590350000007,0,3945.39821,0,0,0,0,0,0,0,0,0,0,0,0,0,0,0,0,0,0,11831.90505,0,0,0,0,0,0,0,0,0,0,0,0,0,0,0,0,0,0,0,0,0,0
2022-10-04,100.53555,0,484.25142199999993,651.169025,0,1007.061,1277.31139,1608.5904,1892.04328,0,2739.8056800000004,0,3223.4739750000003,0,0,0,4229.81031,0,0,0,0,0,0,0,0,0,0,0,0,0,0,0,0,11052.8385,0,0,0,0,0,0,0,0,0,0,0,0,0,0,0,0,0,0,0,0,0,0
2022-10-05,0,0,472.209705,633.93939,805.738,1004.02137,1241.172705,0,0,0,2785.6164,0,0,0,3696.41151,0,0,0,0,0,0,0,0,0,0,0,0,0,0,0,0,0,0,11044.759000000002,0,0,0,0,0,0,0,0,0,0,0,0,0,0,0,0,0,0,0,0,0,0
2022-10-06,0,0,487.65528000000006,0,800.17757,0,1271.021715,1550.09349,0,0,2729.7308000000003,0,0,0,3705.50661,0,0,0,0,0,0,0,0,0,0,0,0,0,0,0,0,0,0,10977.29886,0,0,0,0,0,0,0,0,0,0,0,0,0,0,0,0,0,0,0,0,0,0
2022-10-07,0,0,449.4618,577.8795200000001,769.34011,1009.321785,1281.2099400000002,1558.8679149999998,1975.0306450000005,2356.892035,2807.11256,0,0,0,3906.642,0,0,0,0,0,0,0,0,0,0,0,0,0,0,0,9674.59749,0,0,11063.020365,0,0,0,0,0,0,0,0,0,0,0,0,0,0,0,0,0,0,0,0,0,0
2022-10-08,0,0,477.833545,608.73624,0,0,1258.3434,1521.8814,1980.34326,2296.280175,2778.0666999999994,0,3265.013385,0,0,0,0,0,0,0,0,0,0,0,0,0,0,0,8860.88385,0,9702.36532,0,0,0,0,0,0,16076.727099999998,0,0,20860.43346,0,0,0,0,0,0,0,0,0,0,0,0,0,0,0
2022-10-09,0,0,0,0,0,0,0,0,0,0,0,0,0,0,0,0,0,0,0,0,0,0,0,0,0,0,0,0,0,0,0,0,0,11314.9532,0,0,0,0,0,0,0,0,0,0,0,0,0,0,0,0,0,0,0,0,0,0
2022-10-10,96.2455,0,460.23288,582.8271,798.1213600000001,0,1279.82442,1518.7731,0,0,0,0,3391.55364,0,3866.84865,0,0,0,0,0,0,0,0,0,0,0,0,0,0,0,0,0,0,0,0,0,0,0,0,0,0,0,0,0,0,0,0,0,0,0,0,0,0,0,0,0
2022-10-11,0,0,0,0,0,1030.34916,1306.5361200000002,1652.740795,2002.2996,2433.22752,0,0,0,0,3991.2159,0,4593.79885,0,0,0,0,0,0,0,0,0,0,0,0,0,0,0,0,11782.924979999998,0,0,0,0,0,0,0,0,0,0,0,0,0,0,0,0,0,0,0,0,0,0
2022-10-12,0,0,484.393155,637.81521,823.2461799999999,1040.676955,0,0,2007.52125,0,0,0,0,0,0,0,0,0,0,0,0,0,0,0,0,0,0,0,0,0,0,0,0,11680.177575000002,0,0,0,0,0,0,0,0,0,0,0,0,0,0,0,0,0,0,0,0,0,0
2022-10-13,91.7204,0,523.8841500000001,0,935.568555,1142.3518800000002,1203.1875,1469.336455,2071.45562,2237.84825,2942.0215900000003,0,3275.24021,0,3708.36063,0,0,0,0,0,6110.39325,0,0,0,0,0,0,0,0,0,0,0,11225.45396,11929.367744999998,0,13459.514549999998,0,0,0,0,0,0,0,0,0,0,0,0,0,0,0,0,0,0,0,0
2022-10-14,0,0,416.69775,575.973,715.2715199999999,975.965525,1226.2612,1517.21974,1756.1860049999998,2294.977185,2735.821875,0,3131.18784,0,3723.60883,0,0,0,0,0,0,0,0,0,0,0,0,0,0,0,0,0,0,0,0,0,0,0,0,0,0,0,0,0,0,0,0,0,0,0,0,0,0,0,0,0
2022-10-15,105.032235,0,448.75412,0,0,0,1207.88766,0,0,0,2741.2732799999994,0,3254.798965,0,3752.108335,0,0,0,0,0,0,0,0,0,0,0,0,0,0,0,0,0,0,0,0,0,0,0,0,0,0,0,0,0,0,0,0,0,0,0,0,0,0,0,0,0
2022-10-16,76.45932,0,430.39215,0,0,0,0,1482.2805,0,0,2707.524675,0,3208.50605,0,0,0,0,0,0,0,0,0,0,0,0,0,0,0,0,0,0,0,0,0,0,0,0,0,0,0,0,0,0,0,0,0,0,0,0,0,0,0,0,0,0,0
2022-10-17,0,0,409.44540000000006,536.792025,684.5804,860.9326,1123.856475,1376.2460099999998,0,2067.606935,0,0,2929.4445,0,3687.686274,0,0,0,0,0,0,0,0,0,0,0,0,0,0,0,0,0,0,0,0,0,0,0,0,0,0,0,0,0,0,0,0,0,0,0,0,0,0,0,0,0
2022-10-18,0,0,426.01064,524.77443,708.07445,0,1074.84355,1370.3331749999998,1639.6452450000002,2002.42728,2512.20935,0,2954.86464,0,3520.226985,0,0,0,4721.050625,0,0,0,6167.189850000001,0,7060.9708200000005,0,0,0,0,0,0,0,0,0,0,0,0,0,0,0,0,0,0,0,0,0,0,0,0,0,0,0,0,0,0,0
2022-10-19,76.76772,0,403.82181,526.0816000000001,670.5216,0,1109.866352,0,1713.107865,2103.093135,2541.086325,0,3073.069425,0,3512.13408,0,4154.24808,0,0,0,0,0,0,0,0,0,0,0,0,0,0,0,0,0,0,0,0,0,0,0,0,0,0,0,0,0,0,0,0,0,0,0,0,0,0,0
2022-10-20,67.09206,0,427.049325,0,712.0128749999999,0,0,1429.776,1737.671495,2127.21066,2661.2512450000004,0,3161.66256,0,3706.55927,0,0,0,0,0,0,0,6344.651030000001,0,0,0,0,0,0,0,0,0,0,0,0,0,0,0,0,0,0,0,0,0,0,0,0,0,0,0,0,0,0,0,0,0
2022-10-21,76.57003999999999,0,0,0,708.6112499999999,0,0,1406.63712,0,0,2700.1008,0,3115.5227600000003,0,3690.37276,0,4209.6956,0,0,0,0,0,0,0,0,0,0,0,0,0,0,0,0,0,0,0,0,0,0,0,0,0,0,0,0,0,0,0,0,0,0,0,0,0,0,0
2022-10-22,0,0,0,527.452475,682.2823099999999,853.5620649999998,1121.486535,0,0,2063.50765,2512.80008,0,2980.86855,0,3492.13592,0,0,0,0,0,0,0,0,0,0,0,0,0,0,0,0,0,0,0,0,0,0,0,0,0,0,0,0,0,0,0,0,0,0,0,0,0,0,0,0,0
2022-10-23,0,0,410.35407,0,0,872.8392399999999,1104.181125,1400.80503,1708.38526,2085.97878,2510.76696,0,2942.0885299999995,0,3469.40532,0,0,0,0,0,0,0,0,0,0,0,0,0,0,0,0,0,0,0,0,0,0,0,0,0,0,0,0,0,0,0,0,0,0,0,0,0,0,0,0,0
2022-10-24,68.45251,0,413.34954,538.31708,691.227,875.970095,1100.35992,1389.48408,0,0,0,0,3018.889386,0,3586.033479,0,0,0,0,0,0,0,0,0,0,0,0,0,0,0,0,0,0,0,0,0,0,0,0,0,0,0,0,0,0,0,0,0,0,0,0,0,0,0,0,0
2022-10-25,81.41875999999999,0,408.1118,519.029805,685.04279,834.4284250000001,1032.01904,1245.733545,1593.820305,1914.37248,2239.1292000000003,0,2695.2593500000003,0,3241.7152100000003,0,3745.16919,0,4400.117378999999,0,0,0,0,0,0,0,0,0,0,0,0,0,0,0,0,0,0,0,0,0,0,0,0,0,0,0,0,0,0,0,0,0,0,0,0,0
2022-10-26,72.40352,0,417.74300000000005,488.15375,611.3004749999999,764.4530799999999,960.07198,1161.44168,1431.26424,1727.80872,2140.12968,0,2610.59422,0,3041.2603,0,3563.54424,0,4350.128119999999,0,0,0,0,0,0,0,6973.0056,0,0,0,0,0,9568.778025,0,0,0,0,0,0,0,0,0,0,0,0,0,0,0,0,0,0,0,0,0,0,0
2022-10-27,83.14504,0,0,470.7824,585.81978,735.5825999999998,918.85275,1152.96888,1412.5878200000002,1714.6206400000003,0,0,2504.896245,0,3044.65896,0,3520.2835,0,0,0,0,0,0,0,0,0,7068.77517,0,0,0,0,0,0,0,0,0,0,0,0,0,0,0,0,0,0,0,0,0,0,0,0,0,0,0,0,0
2022-10-28,71.46090000000001,0,328.07632,423.73401000000007,506.14476500000006,676.05615,878.3955,1080.3042999999998,1296.53748,0,1966.03165,0,2363.28384,0,3068.494635,0,0,0,0,0,4931.791439999999,0,5636.271200000001,0,0,0,0,0,0,0,0,0,0,0,0,0,0,0,0,0,0,0,0,29782.3757,0,0,0,0,0,0,0,0,0,0,0,0
2022-10-29,62.77638,0,291.42512000000005,377.19342,489.666915,617.370985,0,1022.991255,1283.52772,0,0,0,2336.815125,0,2755.16604,0,0,0,0,0,4609.647575,0,0,0,5961.080119999999,0,0,0,0,0,0,0,0,0,0,11778.604199999998,0,0,0,0,0,0,0,0,0,0,0,0,0,0,0,0,0,0,0,0
2022-10-30,51.474725,0,250.35372,0,0,0,0,1028.6185,1259.82751,0,1896.95688,0,0,0,2884.6286000000005,0,0,0,0,0,0,0,0,0,0,0,0,0,0,0,0,0,0,0,0,0,0,0,0,0,0,0,0,0,0,0,0,0,0,0,0,0,0,0,0,0
2022-10-31,0,0,0,366.98238,504.41188000000005,642.09029,826.11171,1054.120025,1337.339045,0,2084.1202,0,2494.44055,0,2993.4051,0,0,0,0,0,0,0,0,0,0,0,0,0,0,0,0,0,0,0,0,0,0,0,0,0,0,0,0,0,0,0,0,0,0,0,0,0,0,0,0,0
2022-11-01,0,0,287.44842,377.71746,490.98432,617.5785,789.0267,1031.347865,1303.521015,0,0,0,2420.6933,0,2941.41168,0,0,0,0,0,0,0,0,0,0,0,0,0,0,0,0,0,0,0,0,0,0,0,0,0,0,0,0,0,0,0,0,0,0,0,0,0,0,0,0,0
2022-11-02,0,0,283.84426,362.1825,459.407475,601.0453899999999,825.6268400000001,972.596225,1273.57375,1564.092225,1970.51456,0,2370.56556,0,3002.14885,0,0,0,0,0,0,0,0,0,0,0,0,0,0,0,0,0,0,0,0,0,0,0,0,0,0,0,0,0,0,0,0,0,0,0,0,0,0,0,0,0
2022-11-03,0,0,262.78239,343.43111000000005,436.26639,556.758675,738.6716700000001,971.33184,1210.44,1509.57711,1908.453778,0,2377.727385,0,2869.17958,0,3373.925225,0,0,0,0,0,0,0,0,0,0,0,0,0,0,0,0,10471.5,0,0,0,0,0,0,0,0,0,0,0,0,0,0,0,0,0,0,0,0,0,0
2022-11-04,0,0,222.73839,319.66177,391.094255,487.08825,659.97099,812.4816699999999,971.6304,1291.87325,1585.35675,0,2058.04365,0,2421.80782,0,2869.9114400000003,0,0,0,0,0,0,0,5499.707200000001,0,0,0,0,0,7870.45236,0,0,0,0,0,0,0,0,0,0,0,0,0,0,0,0,0,0,0,0,0,0,0,0,0
2022-11-05,0,0,192.15036,255.84384,364.81235,461.518785,585.78245,725.4301200000001,914.45563,1213.94838,1569.55722,0,1866.34525,0,2282.45659,0,2825.2224,0,3357.144,0,0,0,4628.24327,0,5420.9685,0,0,0,0,0,7865.483445,0,0,0,0,0,0,0,0,0,0,0,0,0,0,0,0,0,0,0,0,0,0,0,0,0
2022-11-06,0,0,202.18489,0,360.30157,477.687825,0,816.6748200000001,0,1233.98306,0,0,0,0,2422.5855,0,2890.304235,0,3433.36806,0,0,0,4670.6946,0,0,0,0,0,0,0,0,0,0,0,0,0,0,0,0,0,0,0,0,0,0,0,0,0,0,0,0,0,0,0,0,0
2022-11-07,0,0,239.1954,320.60417,404.319045,539.2956399999999,685.40769,892.6769899999999,1099.0265499999998,1414.27556,1780.1232899999998,0,2224.997565,0,2632.65825,0,0,0,0,0,0,0,0,0,5946.9981,0,0,0,0,0,8251.708,0,0,0,0,0,0,0,0,0,0,0,0,0,0,0,0,0,0,0,0,0,0,0,0,0
2022-11-08,82.84212,0,423.07488,564.9694949999999,868.008,1046.83235,1209.1094400000002,1364.779605,1824.666205,2232.54,3666.26675,0,2975.973,0,4077.67584,0,5006.410185,0,5095.9818,0,0,0,7989.622965,0,8696.32,0,0,0,0,0,0,0,0,12570.915,0,12997.9263,0,0,0,0,0,0,0,32416.64608,0,0,0,0,0,0,0,0,0,0,0,0
2022-11-09,181.30279,0,844.9147999999999,1112.518905,1398.53472,1746.6658,2273.51898,2728.872195,2943.96873,3625.62525,4378.44602,0,4642.6436,0,5818.36041,0,4457.6194,0,7629.178059999999,0,0,0,8881.543000000001,0,9725.928,0,0,0,0,0,0,0,11078.22699,12880.3609,0,0,0,0,0,0,0,0,0,0,0,0,0,54570.564165,0,0,0,0,0,0,0,0
2022-11-10,133.439025,0,550.57807,793.8003799999999,972.4561,1155.9419100000002,1423.6748,2044.102485,2394.70109,2887.00892,3291.31656,0,4711.263099999999,0,4845.736000000001,0,5986.577344999999,0,5852.95992,0,0,0,0,0,9271.433875,0,11022.580800000002,0,10392.789675000002,0,0,0,0,0,0,0,0,0,0,0,0,0,0,0,0,0,0,0,0,0,0,0,0,0,0,0
2022-11-11,162.40307,0,704.8284600000001,994.007,1172.88408,1500.74381,1795.80324,2276.7066400000003,2652.02684,3166.3718900000003,3865.70232,0,0,0,5168.68626,0,0,0,0,0,0,0,7589.3246,0,0,0,0,0,0,0,0,0,0,0,0,0,0,0,0,0,22873.988600000004,0,0,0,0,0,0,0,0,0,0,0,0,0,0,0
2022-11-12,151.54497,0,824.2466400000001,1073.7472,1275.7914500000002,1592.20404,1871.03376,2226.411,2692.9952000000003,3209.02538,3738.20916,0,4434.372990000001,0,0,0,0,0,0,0,0,0,0,0,0,0,0,0,0,0,0,0,0,0,0,0,0,0,0,0,0,0,0,0,0,0,0,0,0,0,0,0,0,0,0,0
2022-11-13,207.2475,0,892.37754,997.781085,1366.002825,1604.301885,1886.6593,2381.0381,3001.11216,3534.15259,3764.7707100000007,0,4825.875499999999,0,5289.65162,0,0,0,0,0,0,0,0,0,0,0,0,0,0,0,0,0,0,0,0,0,0,0,0,0,0,0,0,0,0,0,0,0,0,0,0,0,0,0,0,0
2022-11-14,156.69128999999998,0,796.22403,943.58085,1214.851365,1372.926995,1962.17714,2374.3548,2680.09398,3369.12993,3983.95146,0,5031.60373,0,5031.162,0,0,0,0,0,0,0,9237.13968,0,0,0,0,0,0,0,0,0,0,0,0,0,0,0,0,0,0,0,0,0,0,0,0,0,0,0,0,0,0,0,0,0
2022-11-15,126.80407499999998,0,637.8756,808.05408,1035.274395,1419.34785,1669.43687,2024.53496,2521.99596,2994.957216,3629.99055,0,0,0,4829.55797,0,0,0,6333.069925,0,0,0,0,0,0,0,0,0,0,0,0,0,0,0,0,0,0,0,0,0,0,0,0,0,0,0,0,0,0,0,0,0,0,0,0,0
2022-11-16,140.40827,0,749.109792,936.193135,1155.6881000000003,1463.5590149999998,1704.1405199999997,2273.464875,2679.55776,3216.1411350000003,3812.39397,0,0,0,5237.150820000001,0,0,0,0,0,0,0,0,0,0,0,0,0,0,0,0,0,0,0,0,0,0,0,0,0,0,0,0,0,0,0,0,0,0,0,0,0,0,0,0,0
2022-11-17,133.06735999999998,0,660.672655,859.73997,1059.151425,1394.736,1669.12,2077.82781,2618.03937,3134.97708,0,0,0,0,4967.397,0,5953.337640000001,0,0,0,0,0,0,0,0,0,0,0,0,0,0,0,0,0,0,0,0,0,0,0,0,0,0,0,0,0,0,0,0,0,0,0,0,0,0,0
2022-11-18,116.37549,345.48445000000004,621.19337,818.9802149999999,0,1354.255345,1641.394485,2098.6547400000004,2528.9565,0,3667.444,0,0,0,0,0,0,0,0,0,0,0,0,0,0,0,0,0,0,0,0,0,0,0,0,0,0,0,0,0,0,0,0,0,0,0,0,0,0,0,0,0,0,0,0,0
2022-11-19,0,365.14654,0,0,1031.67008,0,0,2077.07625,2549.909765,0,3646.050845,0,0,0,0,0,0,0,0,0,0,0,0,0,0,0,0,0,0,0,0,0,0,14026.09782,0,0,0,0,0,0,23915.2032,0,0,0,0,0,0,0,0,0,0,0,0,0,0,0
2022-11-20,133.04048,0,0,0,990.9078,1472.52731,1811.715555,2226.86376,2492.1135,0,0,0,0,0,0,0,0,0,0,0,0,0,0,0,0,0,0,0,0,0,0,0,0,0,0,0,0,0,0,0,0,0,0,0,0,0,0,0,0,0,0,0,0,0,0,0
2022-11-21,161.0408,418.90056,773.07545,994.05369,0,1470.88956,1957.42884,2356.50354,2735.78796,0,3914.32118,0,0,0,5770.06326,0,0,0,7127.18258,0,7967.884419999999,0,0,0,0,0,0,0,0,0,0,0,0,0,0,0,0,0,0,0,0,0,0,0,0,0,0,0,0,0,0,0,0,0,0,0
2022-11-22,173.28828,469.3818,711.15088,941.163795,1104.69128,1456.7291999999998,1778.97707,2215.4715,2701.57403,3243.1651500000003,3875.558895,0,0,0,5668.3498,0,0,0,7362.7521,0,0,0,9169.139175,0,0,0,0,0,0,0,0,0,0,0,0,0,0,0,0,0,0,0,0,0,0,0,0,0,0,0,0,0,0,0,0,0
2022-11-23,140.46437000000003,352.74877999999995,622.7926399999999,785.46095,1052.79093,1290.37506,0,1973.96962,2489.1949950000003,3035.0616,0,0,0,0,0,0,0,0,0,0,0,0,0,0,0,0,0,0,0,0,0,0,0,0,0,0,0,0,0,0,0,0,0,0,0,0,0,0,0,0,0,0,0,0,0,0
2022-11-24,115.64147,332.5524,555.2286650000001,738.528675,929.04616,0,1543.44846,1916.86341,2373.14935,2896.04039,0,0,0,0,4835.32002,0,0,0,0,0,0,0,0,0,9028.35407,0,0,0,0,0,0,0,0,0,0,0,0,0,0,0,0,0,0,0,0,0,0,0,0,0,0,0,0,0,0,0
2022-11-25,0,312.82474,0,692.2377,883.23257,1139.12238,1452.79376,1857.517875,2353.14794,0,0,0,0,0,4911.69692,0,0,0,0,0,0,0,0,0,0,0,0,0,0,0,0,0,0,0,0,0,0,0,0,0,0,0,0,0,0,0,0,0,0,0,0,0,0,0,0,0
2022-11-26,98.9307,265.8088,0,0,891.4266000000001,1092.6531,0,1832.81091,2208.46899,0,0,0,0,0,4746.68766,0,0,0,0,0,0,0,0,0,0,0,0,0,0,0,0,0,0,0,0,0,0,0,0,0,0,0,0,0,0,0,0,0,0,0,0,0,0,0,0,0
2022-11-27,82.69725000000001,0,495.9234,661.816,859.5558399999999,0,0,0,2245.78976,0,0,0,0,0,0,0,0,0,0,0,0,0,0,0,0,0,0,0,0,0,0,0,0,0,0,0,0,0,0,0,0,0,0,0,0,0,0,0,0,0,0,0,0,0,0,0
2022-11-28,105.27621,290.29878,525.0882,702.537615,883.732215,1124.82489,1465.532565,1890.83583,2353.09875,2909.736285,0,0,0,0,0,0,0,0,0,0,0,0,0,0,0,0,0,0,0,0,0,0,0,0,0,0,0,0,0,0,0,0,0,0,0,0,0,0,0,0,0,0,0,0,0,0
2022-11-29,90.47973,253.65068,451.67980000000006,607.26139,848.549,1059.0293700000002,1370.549795,1714.6344799999997,2195.886765,0,0,0,0,0,0,0,0,0,0,0,0,0,0,0,0,0,0,0,0,0,0,0,0,0,0,0,0,0,0,0,0,0,0,0,0,0,0,0,0,0,0,0,0,0,0,0
2022-11-30,77.24924999999999,218.92377,412.880615,530.2807300000001,730.1039999999999,900.78135,1187.17398,1493.0435399999997,1934.84131,2416.569545,0,0,0,0,0,0,0,0,0,0,0,0,0,0,0,0,0,0,0,0,0,0,0,0,0,0,0,0,0,0,0,0,0,0,0,0,0,0,0,0,0,0,0,0,0,0
2022-12-01,67.91904,0,0,0,660.5071200000001,865.3807499999999,1161.40928,1486.942976,1919.45642,0,2947.3755599999995,0,0,0,0,0,0,0,0,0,0,0,0,0,0,0,0,0,10490.551050000002,0,0,0,0,13232.700974999998,0,0,0,0,0,0,0,0,0,0,0,0,0,0,0,0,0,0,0,0,0,0
2022-12-02,84.78845,221.83512,375.35784,0,678.7444,946.68728,1109.9647,1519.7574349999998,1898.10656,2385.2558550000003,0,0,3637.054848,0,0,0,0,0,0,0,0,0,7635.892500000001,0,8643.13344,0,0,0,0,0,0,0,0,0,0,0,0,0,0,0,0,0,0,0,0,0,0,0,0,0,0,0,0,0,0,0
2022-12-03,76.32400499999999,0,0,0,0,0,0,0,1864.06,0,0,0,0,0,0,0,0,0,0,0,0,0,0,0,0,0,0,0,0,0,0,0,0,0,0,0,0,0,0,0,0,0,0,0,0,0,0,0,0,0,0,0,0,0,0,0
2022-12-04,0,0,385.607475,0,689.22252,906.836235,1148.239125,1485.45105,0,2381.6142,2927.6291999999994,0,0,0,0,0,0,0,0,0,0,0,0,0,0,0,0,0,0,0,0,0,0,0,0,0,0,0,0,0,0,0,0,0,0,0,0,0,0,0,0,0,0,0,0,0
2022-12-05,0,191.31728,363.8376,0,653.7812050000001,811.0611399999999,1102.96161,1467.708645,1867.0707,2207.49056,2906.490444,0,0,0,0,0,0,0,0,0,0,0,0,0,0,0,0,0,0,0,0,0,0,0,0,0,0,0,0,0,0,0,0,0,0,0,0,0,0,0,0,0,0,0,0,0
2022-12-06,0,186.47134,355.77885,474.44796,623.3597749999999,0,1063.16125,1400.7289200000002,1802.183705,2279.89067,2853.7682350000005,0,0,0,4144.859434999999,0,0,0,0,0,0,0,0,0,0,0,0,0,0,0,0,0,0,0,0,0,0,0,0,0,0,0,0,0,0,0,0,0,0,0,0,0,0,0,0,0
2022-12-07,75.617415,210.39025000000004,0,486.061515,656.99283,865.858685,1070.804375,1470.320568,1901.76966,2410.3350599999994,0,0,0,0,0,0,0,0,0,0,0,0,0,0,0,0,0,0,0,0,0,0,0,0,0,0,0,0,0,0,0,0,0,0,0,0,0,0,0,0,0,0,0,0,0,0
2022-12-08,75.70349999999999,198.53979500000003,335.648625,497.08208,593.05983,799.9929750000001,1015.89091,1341.48456,1699.1737999999998,0,2897.092325,0,0,0,0,0,0,0,0,0,0,0,7638.830540000001,0,8585.82699,0,0,0,0,0,0,0,0,0,0,0,0,0,0,0,0,0,0,0,0,0,0,0,0,0,0,0,0,0,0,0
2022-12-09,68.84996000000001,205.26108,362.18553,458.09331,602.9101760000001,776.7693,1037.409835,1325.9015,1707.9374000000005,2174.300975,2678.14716,0,0,0,0,0,0,0,0,0,0,0,0,0,0,0,0,0,0,0,0,0,0,0,0,0,0,0,0,0,0,0,0,0,0,0,0,0,0,0,0,0,0,0,0,0
2022-12-10,0,205.98336,0,0,0,825.0729600000001,0,1380.8470900000002,0,2219.804825,0,0,0,0,0,0,0,0,0,0,0,0,0,0,0,0,0,0,0,0,0,0,0,0,0,0,0,0,0,0,0,0,0,0,0,0,0,0,0,0,0,0,0,0,0,0
2022-12-11,0,214.70387500000004,0,0,0,0,1089.338055,1406.6886800000002,0,0,0,0,0,0,0,0,0,0,0,0,0,0,0,0,0,0,0,0,0,0,0,0,0,0,0,0,0,0,0,0,0,0,0,0,0,0,0,0,0,0,0,0,0,0,0,0
2022-12-12,0,212.5545,390.14578,507.7977,630.2154499999999,863.7824099999999,1127.17633,1457.70172,1746.596775,2307.9852800000003,2757.574575,0,0,0,0,0,0,0,0,0,0,0,0,0,0,0,0,0,0,0,0,0,0,0,0,0,0,0,0,0,0,0,0,0,0,0,0,0,0,0,0,0,0,0,0,0
2022-12-13,68.67952000000001,213.0456,343.91018999999994,438.366985,567.71328,740.7426300000001,957.66516,1262.034345,1545.08433,1964.3756,2755.9037700000003,0,0,0,3696.66747,0,4423.7165700000005,0,0,0,0,0,0,0,0,0,0,0,0,0,10632.48,0,0,0,0,0,0,0,0,0,0,0,0,0,0,0,0,0,0,0,0,0,0,0,0,0
2022-12-14,71.37668,204.72691,308.46058000000005,394.02362,507.5516550000001,658.7206199999999,873.79495,1115.45875,1463.9501,1847.19969,2241.93502,0,2867.81733,0,3527.5185,0,0,0,0,0,0,0,0,0,0,0,0,0,0,0,0,0,11314.997225,0,0,0,0,0,0,0,22139.92725,0,0,0,0,0,0,0,0,0,0,0,0,0,0,0
2022-12-15,0,0,319.24026,426.29142500000006,597.377505,770.500145,939.49416,1272.70542,1456.93845,2047.40856,2353.18895,0,2957.8590500000005,0,3826.9374,0,0,0,0,0,0,0,0,0,0,0,0,0,0,0,0,0,0,12562.2038,0,0,0,0,0,0,0,0,0,0,0,0,0,0,0,0,0,0,0,0,0,0
2022-12-16,75.72910499999999,220.95372,395.4690450000001,511.46792,635.5357499999999,822.859245,1165.024,1421.503785,1764.442268,2259.5106800000003,2567.424825,0,0,0,3912.1712,0,0,0,0,0,0,0,0,0,0,0,0,0,0,0,0,0,0,13500.59685,0,0,0,0,0,0,0,0,0,0,0,0,0,0,0,0,0,0,0,0,0,0
2022-12-17,83.5249,0,0,561.210425,710.055575,928.94901,1195.4742799999997,1529.24499,1973.758515,2400.34896,0,0,0,0,0,0,0,0,0,0,0,0,0,0,0,0,0,0,0,0,0,0,0,0,0,0,0,0,0,0,0,0,0,0,0,0,0,0,0,0,0,0,0,0,0,0
2022-12-18,92.378715,242.59442500000003,0,0,702.67218,910.84542,1154.4010500000002,1464.701784,0,2333.7335500000004,0,0,0,0,0,0,0,0,0,0,0,0,0,0,0,0,0,0,0,0,0,0,0,0,0,0,0,0,0,0,0,0,0,0,0,0,0,0,0,0,0,0,0,0,0,0
2022-12-19,0,261.0752,430.3824199999999,528.75144,0,903.000145,1130.4819000000002,1461.63864,1947.22518,2494.83534,0,0,0,0,0,0,0,0,0,0,0,0,0,0,0,0,0,0,0,0,0,0,0,0,0,0,0,0,0,0,0,0,0,0,0,0,0,0,0,0,0,0,0,0,0,0
2022-12-20,84.4399,228.354255,404.44152,511.95744500000006,648.21757,842.121,0,1383.79182,1777.67711,0,2911.46196,0,0,0,0,0,0,0,0,0,0,0,0,0,0,0,0,0,0,0,0,0,0,0,0,0,0,0,0,0,0,0,0,0,0,0,0,0,0,0,0,0,0,0,0,0
2022-12-21,84.1726,226.9971,378.695025,495.38524,0,810.17232,1045.71184,1364.28543,1783.0313,0,2847.747465,0,3481.12331,0,0,0,0,0,0,0,0,0,0,0,0,0,0,0,0,0,0,0,0,0,0,0,0,0,0,21550.737285,23516.053135,0,0,33583.066425,0,43636.546415,0,0,0,0,0,0,0,0,0,0
2022-12-22,83.98295,226.996695,390.381295,471.59196,620.56289,782.01189,1095.3063,1319.02608,1753.56643,2323.5352000000003,0,0,0,0,4315.41915,0,0,0,0,0,0,0,0,0,0,0,0,0,0,0,0,0,0,0,0,0,0,0,0,0,0,0,0,0,0,0,0,0,0,0,0,0,0,0,0,0
2022-12-23,75.732975,202.0476,336.7694,0,572.53008,741.29572,974.90866,1289.250675,1687.910565,2163.26152,2762.49308,0,0,0,0,0,0,0,0,0,0,0,0,0,0,0,0,0,0,0,0,0,0,0,0,0,0,0,0,0,0,0,0,0,0,0,0,0,0,0,0,0,0,0,0,0
2022-12-24,0,193.56547,319.93435,437.97702,563.3272900000001,706.755,0,1270.4392549999998,1649.4997400000002,0,0,0,0,0,0,0,0,0,0,0,0,0,7674.7536,0,0,0,0,0,0,0,0,0,0,0,0,0,0,0,0,0,0,0,0,0,0,0,0,0,0,0,0,0,0,0,0,0
2022-12-25,0,185.04343,318.1417,426.94701,538.62688,0,958.85628,1273.2842400000002,1692.2045,2140.4088,0,0,0,0,0,0,0,0,0,0,0,0,0,0,0,0,0,0,0,0,0,0,0,0,0,0,0,0,0,0,0,0,0,0,0,0,0,0,0,0,0,0,0,0,0,0
2022-12-26,67.35848,202.04016,0,404.06304,524.46296,685.464525,945.41888,1256.6332800000002,1639.4907750000002,2083.080675,2690.86708,0,3357.76879,0,0,0,0,0,0,0,0,0,0,0,0,0,0,0,0,0,0,0,0,0,0,0,0,0,0,0,0,0,0,0,0,0,0,0,0,0,0,0,0,0,0,0
2022-12-27,58.853165,199.76436,333.30080000000004,411.11784,545.332125,685.3057650000001,952.09665,1281.79513,1692.28717,2192.47583,0,0,0,0,0,0,0,0,0,0,0,0,0,0,0,0,0,0,0,0,0,0,0,13497.21846,0,0,0,0,0,0,0,0,0,0,0,0,0,0,0,0,0,0,0,0,0,0
2022-12-28,75.33927,206.51925000000003,331.934,422.913165,571.0274400000001,734.8308,936.343776,1306.209385,1740.6732,2206.38887,0,0,3517.75628,0,0,0,0,0,0,0,0,0,0,0,0,0,0,0,0,0,0,0,0,0,0,0,0,0,0,0,0,0,0,0,0,0,0,0,0,0,0,0,0,0,0,0
2022-12-29,74.55636,206.974375,331.93440000000004,422.97462,578.1468,745.9533,987.973105,1303.79708,1679.70575,0,0,0,0,0,0,0,5113.54844,0,0,0,0,0,0,0,0,0,0,0,0,0,0,0,0,13721.991080000002,0,0,0,0,0,0,0,0,0,0,0,0,0,0,0,0,0,0,0,0,0,0
2022-12-30,49.4622,132.67592000000002,265.60208,361.3775,487.69754,670.6646099999999,896.4567,1218.923265,1645.90257,2139.9625,2750.698215,0,0,0,0,0,0,0,0,0,0,0,0,0,0,0,9869.64513,0,0,0,11800.23845,0,0,13775.06958,0,0,17796.731815000003,0,0,0,0,0,0,0,0,0,0,0,0,0,0,0,0,0,0,0
2022-12-31,0,124.225125,248.81175,347.27994,448.87851,618.9825,803.84482,1156.1466000000005,1566.4369500000005,2018.55969,2639.362935,0,0,0,0,0,0,0,0,0,0,0,0,0,0,0,0,0,0,0,0,0,0,0,0,0,0,0,0,0,0,0,0,0,0,0,0,0,0,0,0,0,0,0,0,0
2023-01-01,33.202220000000004,107.72956999999998,223.107885,0,415.20575,610.63357,802.40922,1108.7079600000002,1541.79957,2008.27693,0,0,0,0,0,0,0,0,0,0,0,0,0,0,0,0,0,0,0,0,0,0,0,0,0,0,0,0,0,0,0,0,0,0,0,0,0,0,0,0,0,0,0,0,0,0
2023-01-02,33.199580000000005,108.119765,209.227375,0,409.30974,558.2460100000001,775.2038249999999,1068.7104,1462.1355,0,0,0,0,0,4059.2139,0,0,0,0,0,0,0,0,0,0,0,0,0,0,0,0,0,0,0,0,0,0,0,0,0,0,0,0,0,0,0,0,0,0,0,0,0,0,0,0,0
2023-01-03,24.93519,99.72216,209.139875,282.64863,399.00576000000007,549.14409,732.2110399999999,1015.67867,1398.6168000000002,1906.58388,2498.5965,0,0,0,0,0,0,0,0,0,0,0,0,0,0,0,0,0,0,0,0,0,12468.02304,0,0,0,0,0,0,0,0,0,0,0,0,0,0,0,0,0,0,0,0,0,0,0
2023-01-04,16.90901,67.3172,159.84377,218.7224,285.58657,420.0915,649.01298,891.7488500000001,1261.88925,1716.4355999999998,2278.7793800000004,0,2969.974325,0,0,0,0,0,0,0,0,0,0,0,0,0,0,0,0,0,0,0,12262.72394,0,0,0,0,0,0,0,0,0,0,0,0,0,0,0,0,0,0,0,0,0,0,0
2023-01-05,16.8346,59.006465000000006,151.76187,210.71675,319.57316,420.9205,589.6268,851.1229599999999,1213.3656,1750.70272,2280.98261,0,0,0,3792.5943,0,0,0,0,0,0,0,0,0,0,0,0,0,0,0,0,0,0,0,0,0,0,0,0,0,0,0,0,0,0,0,0,0,0,0,0,0,0,0,0,0
2023-01-06,16.97169,67.06676,127.220325,186.52315,267.287336,380.057625,563.226455,786.752565,1102.6372500000002,1653.919358,0,0,2921.3295,0,0,0,0,0,0,0,0,0,0,0,0,0,0,0,0,0,0,0,0,0,0,0,0,0,0,0,0,0,0,0,0,0,0,0,0,0,0,0,0,0,0,0
2023-01-07,0,0,118.40115,194.71294,237.16714,355.4544000000001,0,779.1130400000001,1116.10488,1574.0659199999998,0,0,2826.71214,0,0,0,0,0,0,0,0,0,0,0,0,0,0,0,0,0,0,0,12159.351539999998,0,0,0,0,0,0,0,0,0,0,0,0,0,0,0,0,0,0,0,0,0,0,0
2023-01-08,0,59.250065,135.57504,0,245.41975,357.47754000000003,518.55307,726.667125,1042.98105,1526.1660000000002,0,0,0,0,3581.4267899999995,0,0,0,0,0,0,0,0,0,0,0,0,0,0,0,0,0,0,13125.640250000002,0,0,0,0,0,0,0,0,0,0,0,0,0,0,0,0,0,0,0,0,0,0
2023-01-09,8.59894,60.182570000000005,103.13184,138.49384,214.161625,285.09129,429.61775,624.6075599999999,938.6426,1355.0968300000002,1844.031525,0,0,0,0,0,0,0,0,0,0,0,0,0,0,0,0,0,0,0,0,0,0,0,0,0,0,0,0,0,0,0,0,0,0,0,0,0,0,0,0,0,0,0,0,0
2023-01-10,0,0,95.16232,129.41865,190.56829,270.681305,415.97928,592.6703200000001,864.22842,1322.4853349999998,1862.17812,0,2374.8088800000005,0,3269.6889550000005,0,0,0,0,0,0,0,0,0,0,0,0,0,0,0,0,0,0,0,0,0,0,0,0,0,0,0,0,0,0,0,0,0,0,0,0,0,0,0,0,0
2023-01-11,0,0,98.516,122.75186,170.193165,250.89652,359.5874,587.8456050000001,900.97748,1125.50886,1535.0396400000002,0,2177.22786,0,2826.304,0,4047.89726,0,0,0,0,0,0,0,7574.460385,0,0,0,0,0,0,0,0,0,0,0,0,0,0,0,0,0,0,0,0,0,0,0,0,0,0,0,0,0,0,0
2023-01-12,18.15578,54.4053,89.96584999999999,113.38122,150.63344,216.16504,310.77898500000003,414.8936,611.6438250000001,867.72514,1218.279225,0,1681.0996399999997,0,2158.031115,0,0,0,0,0,0,0,5965.881328,0,0,0,0,0,0,0,0,0,0,0,0,0,0,0,0,0,0,0,0,0,0,0,0,0,0,0,0,0,0,0,0,0
2023-01-13,0,49.59085,89.35659,119.35284,139.02,198.4879,287.800205,396.5562000000001,563.266305,768.197815,1074.77712,0,1418.8000999999997,0,1927.26487,0,2440.90805,0,0,0,0,0,0,0,5850.531,0,0,0,0,0,0,0,0,0,0,0,0,0,0,0,0,0,0,0,0,0,0,0,0,0,0,0,0,0,0,0
2023-01-14,10.452165,41.66508,82.93132000000001,104.08635,145.45090000000002,186.55074,262.0785,356.59608000000003,511.870415,721.224915,1007.71392,0,1316.58534,0,1804.15186,0,2249.33367,0,2830.132305,0,3435.27234,0,0,0,4747.491620000001,0,0,0,0,0,0,0,0,9671.185415,0,0,0,0,0,0,0,0,0,0,0,0,0,0,0,0,0,0,0,0,0,0
2023-01-15,0,0,82.80260000000001,103.44035,134.75019999999998,176.68389000000002,248.64036,362.20485,522.142,729.3146000000002,944.9496,0,1373.6646,0,1700.72541,0,2361.19952,0,2971.46707,0,3647.158515,0,0,0,5067.36648,0,0,0,0,0,0,0,0,0,0,0,0,0,0,0,0,0,0,0,0,0,0,0,0,0,0,0,0,0,0,0
2023-01-16,21.06371,41.72936,72.76108,95.819625,127.77174,171.39112,224.293335,327.843755,476.72775,676.13664,918.109695,0,1197.85876,0,1589.5875,0,2116.322,0,2711.0428850000003,0,3606.82968,0,0,0,0,0,0,0,0,0,0,0,0,0,0,0,0,0,0,0,0,0,0,0,0,0,0,0,0,0,0,0,0,0,0,0
2023-01-17,10.575665,31.720275,64.06434,85.20476,106.4813,149.60078,213.267,297.70496,415.295595,575.43264,801.77175,0,1108.07684,0,1491.8211,0,1966.29576,0,2553.0384,0,0,0,3978.474375,0,0,0,5513.4196,0,0,0,0,0,0,0,0,10940.67128,0,0,0,0,0,0,0,0,0,0,0,0,0,0,0,0,0,0,0,0
2023-01-18,21.00552,0,73.47483500000001,93.83265,136.08523499999998,168.09552,238.92699,342.11793,460.24638,673.76595,899.6954499999999,0,1215.86038,0,1685.72807,0,2203.90461,0,2796.6478500000003,0,2966.0565,0,0,0,0,0,5820.752000000001,0,0,0,0,0,0,8673.809505000001,0,0,0,0,0,0,0,0,0,0,0,0,0,0,0,0,0,0,0,0,0,0
2023-01-19,0,0,63.27309,82.94539999999999,105.8478,166.32112,209.3319,313.788117,396.39928,537.268425,769.2484499999999,0,1168.29384,0,1477.0983749999998,0,1968.29514,0,2477.04805,0,0,0,0,0,4802.441400000001,0,0,0,0,0,0,0,0,0,0,0,0,0,0,0,0,0,0,0,0,0,0,0,0,0,0,0,0,0,0,0
2023-01-20,10.60203,33.99996,56.47955,68.03913,115.865035,121.94204,156.35858,181.37464000000003,260.318485,390.467525,509.1444,0,689.6266549999999,0,952.71792,0,1272.10272,0,1721.66448,0,2253.25113,0,2857.7556,0,3526.962365,0,0,0,0,0,0,0,0,9179.234509999998,0,0,0,0,0,0,0,0,0,0,0,0,0,0,0,0,0,0,0,0,0,0
2023-01-21,11.364355,34.81521,46.18604,68.24757,104.44544999999998,104.584275,162.70534,207.75078,254.87583,371.47792,523.82707,0,729.00864,0,1002.29316,0,1353.49053,0,1746.3863700000002,0,2128.94697,0,2949.912875,0,3425.20455,0,0,0,0,0,0,0,6833.199725,0,0,0,0,0,0,0,0,0,0,0,0,0,0,0,0,0,0,0,0,0,0,0
2023-01-22,11.455365,34.178895000000004,57.105225,0,0,124.98387,168.574725,223.7172,284.630375,373.59861,549.97992,0,673.16699,0,1028.391455,0,1275.68728,0,1760.20635,0,0,0,2829.41588,0,3563.666195,0,0,0,0,0,0,0,0,0,0,0,0,0,0,0,0,0,0,0,0,0,0,0,0,0,0,0,0,0,0,0
2023-01-23,0,0,57.2435,0,102.35574,137.31672,172.43175,238.210245,309.39705,422.547215,578.9045699999999,0,777.7112400000001,0,1010.81992,0,1351.43394,0,1732.419225,0,2261.860425,0,2828.89376,0,0,0,0,0,0,0,0,0,0,0,0,0,0,12112.10424,0,0,0,0,0,0,0,0,0,0,0,0,0,0,0,0,0,0
2023-01-24,11.473405,0,57.3694,68.58696,80.772825,126.07578499999998,160.14166,205.90524,283.72725,347.99184,481.5195000000001,0,698.5186249999999,0,994.37096,0,1342.78291,0,1796.940885,0,2297.24341,0,2715.931425,0,0,0,0,0,0,0,0,0,0,0,0,0,0,0,0,0,0,0,0,0,0,0,0,0,0,0,0,0,0,0,0,0
2023-01-25,0,22.68393,35.242815,57.90075,90.36124,103.07106,146.1291,195.415765,264.44273,356.655,450.887775,0,624.8145599999999,0,865.808625,0,1126.29319,0,1562.007375,0,2138.53387,0,2289.785775,0,3702.309600000001,0,0,0,0,0,0,0,0,6997.041,0,0,0,0,0,0,0,0,0,0,0,0,0,0,0,0,0,0,0,0,0,0
2023-01-26,0,11.54023,34.77969,0,68.91714,104.050035,138.74232,185.286,243.02418,322.30296,427.905185,0,587.1065219999999,0,796.5270300000001,0,1095.7347499999998,0,1496.0751,0,2011.862125,0,2596.0461800000003,0,0,0,0,0,0,0,0,0,6481.563149999999,0,0,0,0,0,0,0,0,0,0,0,0,0,0,0,0,0,0,0,0,0,0,0
2023-01-27,0,23.13902,34.73172,46.84026,69.17067,81.08352000000001,127.394795,152.155575,208.11618,253.71225,370.50768,0,552.425078,0,714.21055,0,1000.87918,0,1365.97449,0,1816.75026,0,2478.192125,0,3264.630825,0,3952.2641599999993,0,0,0,0,0,0,0,0,0,0,0,0,0,0,0,0,0,0,0,0,0,0,0,0,0,0,0,0,0
2023-01-28,0,11.529225,23.06228,0,68.9394,92.0308,91.85796,126.36239,172.57252499999998,229.763,344.4411,0,483.23436,0,690.2841,0,1012.35332,0,1368.7653699999998,0,1896.753375,0,0,0,0,0,0,0,0,0,0,0,0,0,0,0,0,0,0,0,0,0,0,0,0,0,0,0,0,0,0,0,0,0,0,0
2023-01-29,0,0,35.83605,0,0,82.324655,83.68234000000001,0,165.86332,249.604845,309.22346,0,463.026525,0,641.7468,0,904.08726,0,1202.860005,0,1665.5624999999998,0,2206.801025,0,2730.5588500000003,0,0,0,0,0,0,0,0,0,0,8617.942140000001,0,0,0,0,0,0,0,0,0,0,0,0,0,0,0,0,0,0,0,0
2023-01-30,0,0,22.76233,34.143495,46.12314,69.51876,94.9478,136.55832,193.819465,262.06752,375.63058500000005,0,535.20545,0,772.2287400000001,0,1070.24828,0,1489.2551600000002,0,1799.54034,0,2306.00404,0,2964.288,0,3683.04261,0,4532.667465,0,5408.1772,0,6246.62046,7120.92612,0,0,0,0,0,0,0,0,0,0,0,0,0,0,0,0,0,0,0,0,0,0
2023-01-31,0,0,0,34.580205,0,80.070795,102.77594999999998,139.33176,184.40712,274.52880000000005,388.8869,0,570.0272339999999,0,728.578305,0,1062.211822,0,1378.723885,0,1926.23088,0,2520.2672,0,0,0,0,0,0,0,0,0,0,0,0,0,0,0,0,0,0,0,0,0,0,0,0,0,0,0,0,0,0,0,0,0
2023-02-01,0,0,23.00102,34.49064,46.9932,0,92.2788,118.7784,165.97196,222.755335,296.873125,0,427.0806,0,593.0745000000001,0,831.18665,0,1151.88179,0,1564.40658,0,2097.528765,0,0,0,3783.11532,0,0,0,0,0,6369.1911900000005,7162.292699999999,0,0,0,0,0,0,0,0,0,0,0,0,0,0,0,0,0,0,0,0,0,0
2023-02-02,0,11.988335,11.904665,23.7694,35.690175,59.72095,83.33017,117.34665,141.7233,211.8654,305.61934,0,403.21637,0,603.8022599999999,0,859.5552899999999,0,1189.85171,0,1511.2390400000002,0,2173.582575,0,2508.3135,0,3226.6809000000003,0,0,0,0,0,0,0,0,0,0,0,0,0,0,0,0,0,0,0,0,0,0,0,0,0,0,0,0,0
2023-02-03,0,11.694285,11.730475,0,35.287635,46.81134,70.57527,104.471955,152.206665,188.87976,269.62256,0,408.2463000000001,0,585.3045000000001,0,829.9722499999999,0,1148.46151,0,1515.88096,0,2037.07082,0,0,0,0,0,0,0,0,0,0,0,0,0,0,0,0,0,0,0,0,0,0,0,0,0,0,0,0,0,0,0,0,0
2023-02-04,0,0,11.776445,0,0,0,0,0,0,187.35136,269.556205,0,386.46531,0,573.704985,0,852.86484,0,1211.62496,0,1643.7928049999998,0,0,0,0,0,0,0,0,0,0,0,0,0,0,0,0,0,0,0,0,0,0,0,0,0,0,0,0,0,0,0,0,0,0,0
2023-02-05,0,11.547115,11.599305,22.87372,34.311375,68.73105,103.072995,125.9555,171.782325,229.0411,332.25894500000004,0,469.276365,0,675.88807,0,962.7051,0,1331.4091400000002,0,1853.37072,0,2383.96808,0,2963.00928,0,0,0,0,0,0,0,0,0,0,0,0,0,0,0,0,0,0,0,0,0,0,0,0,0,0,0,0,0,0,0
2023-02-06,0,0,23.040380000000003,23.06047,34.235955000000004,56.895100000000006,80.4461,115.3356,149.797765,227.3959,328.65395500000005,0,466.39878,0,670.5143499999999,0,920.7476,0,1331.3196,0,1851.198335,0,2255.0658000000003,0,3002.20429,0,3747.92031,0,0,0,0,0,0,0,0,0,0,0,0,0,0,0,0,0,0,0,0,0,0,0,0,0,0,0,0,0
2023-02-07,0,11.591715,22.88143,23.01067,0,68.82948,80.46465,115.2817,151.0483,208.86192,320.68596,0,395.72039,0,632.63585,0,790.9331600000002,0,1104.96115,0,1548.5748600000002,0,2176.69972,0,0,0,0,0,0,0,0,0,0,0,0,0,0,0,0,0,0,0,0,0,0,0,0,0,0,0,0,0,0,0,0,0
2023-02-08,0,0,22.99993,23.024880000000003,34.38807,57.118925,80.35461,114.4401,148.775055,217.19052,299.04186,0,424.511175,0,615.70395,0,858.8025,0,1204.4865,0,1652.3841599999998,0,2194.4524800000004,0,2727.9587249999995,0,0,0,0,0,0,0,0,0,0,0,0,0,0,0,0,0,0,0,0,0,0,0,0,0,0,0,0,0,0,0
2023-02-09,0,0,22.50437,0,33.8682,56.35465,87.66128,130.88682,185.23999,242.80014,381.8822,0,534.642675,0,795.8241,0,1144.8171,0,1625.4924049999995,0,2168.69598,0,2903.5549200000005,0,0,0,0,0,0,0,5615.958852,0,0,0,0,0,0,0,0,0,0,0,0,0,0,0,0,0,0,0,0,0,0,0,0,0
2023-02-10,0,10.938355,0,0,43.39268,0,85.98564,119.093535,183.57552,247.95955,345.33648,0,518.22024,0,757.7542000000001,0,1145.68987,0,1611.383595,0,2273.90205,0,2921.4974800000005,0,0,0,0,0,0,0,0,0,0,0,0,0,0,0,0,0,0,0,0,0,0,0,0,0,0,0,0,0,0,0,0,0
2023-02-11,0,10.838285,21.741380000000003,32.613,43.48612000000001,54.1415,76.137635,108.72845,152.51019,216.9896,305.20896,0,465.663985,0,695.6768000000001,0,983.9888999999998,0,1432.728005,0,0,0,0,0,0,0,0,0,0,0,0,0,0,0,0,0,0,0,0,0,0,0,0,0,0,0,0,0,0,0,0,0,0,0,0,0
2023-02-12,0,0,21.809580000000004,21.81003,21.893580000000004,33.08145,55.026225,77.18585,120.06665,174.52072,283.26961,0,424.0197,0,642.770485,0,1002.2825,0,1482.15452,0,0,0,2868.07092,0,3396.67174,0,0,0,0,0,0,0,0,0,0,0,0,0,0,0,0,0,0,0,0,0,0,0,0,0,0,0,0,0,0,0
2023-02-13,0,10.809095,10.912485,10.824625,21.62527,43.29554,75.832015,119.120485,151.53012,229.03839,335.788745,0,480.02702,0,739.89916,0,1068.02997,0,1547.7481699999998,0,2349.025755,0,0,0,0,0,0,0,0,0,0,0,0,8437.396499999999,0,0,0,0,0,0,0,0,0,0,0,0,0,0,0,0,0,0,0,0,0,0
2023-02-14,0,0,0,22.035310000000003,33.07824,33.191685,55.333450000000006,88.4944,122.246355,186.568965,265.63236,0,367.161465,0,575.56122,0,877.030745,0,1294.1416800000002,0,1833.132675,0,2519.89976,0,3224.7681,0,0,0,5380.631579999999,0,6289.980479999999,0,0,0,0,0,0,0,0,0,0,0,0,0,0,0,0,0,0,0,0,0,0,0,0,0
2023-02-15,0,0,11.375655,11.36859,22.80869,36.07251,36.404235,60.463175,85.02746,121.6337,181.6845,0,243.0277,0,316.04105,0,474.57696,0,702.9513000000001,0,995.8654,0,1430.78717,0,1943.5624,0,2602.01209,0,0,0,0,0,0,6941.685,0,0,0,0,0,0,0,0,0,0,0,0,0,0,0,0,0,0,0,0,0,0
2023-02-16,0,12.239675,12.387585,12.3323,24.15927,36.797595,49.021800000000006,83.24550500000001,108.30798,165.33790000000002,193.2964,0,352.88235000000003,0,494.17599,0,656.5625,0,1013.51559,0,1379.60082,0,1829.1196,0,2491.442635,0,2980.43787,0,3086.01156,0,0,0,0,0,0,0,0,0,0,0,0,0,0,0,0,0,0,0,0,0,0,0,0,0,0,0
2023-02-17,0,0,12.295435,12.180325000000002,0,0,49.00118,62.032700000000006,99.09904,144.78414,184.9095,0,269.86454,0,359.24591000000004,0,511.125885,0,816.1564800000001,0,1083.18804,0,1671.3021300000005,0,2081.0932500000004,0,2580.59824,0,3130.503375,0,0,0,0,0,0,0,0,0,0,0,0,0,0,0,0,0,0,0,0,0,0,0,0,0,0,0
2023-02-18,0,0,0,0,0,0,0,73.85028,86.31507500000001,122.88065,184.083825,0,247.034,0,358.10331,0,505.3327900000001,0,715.83223,0,998.614575,0,1449.3113999999998,0,1889.694585,0,2580.6606,0,0,0,0,0,0,0,0,0,0,0,0,0,0,0,0,0,0,0,0,0,0,0,0,0,0,0,0,0
2023-02-19,0,0,0,0,12.312175,24.76716,36.824475,61.6061,85.89252,110.889405,170.77368,0,222.31305,0,367.15845,0,514.68921,0,781.77664,0,1067.993295,0,1516.65392,0,1950.64667,0,2639.405575,0,3144.01995,0,0,0,0,0,0,0,0,0,0,0,0,0,0,0,0,0,0,0,0,0,0,0,0,0,0,0
2023-02-20,0,0,12.45439,12.43147,12.254790000000002,24.80651,37.423845,37.464315,74.25762,99.91044,148.74282000000002,0,210.45626,0,309.18075,0,459.014415,0,670.6786500000001,0,962.917374,0,1382.97824,0,1846.891505,0,2567.812,0,3002.2032,0,0,0,0,6206.56981,0,0,0,0,0,0,0,0,0,0,0,0,0,0,0,0,0,0,0,0,0,0
2023-02-21,0,0,12.347495,12.193745000000002,24.49913,0,0,61.6101,96.86176,121.6143,171.55033,0,254.78533500000003,0,365.37225,0,568.25397,0,768.921615,0,1072.65972,0,1454.8464,0,2099.77539,0,2781.9236,0,3163.58656,0,3779.91624,0,0,5488.289400000001,0,0,0,0,0,0,0,0,0,0,0,0,0,0,0,0,0,0,0,0,0,0
2023-02-22,0,0,0,12.01716,11.996115,23.67475,36.267615,48.30932,95.02604,108.53549999999998,178.965825,0,238.0489,0,405.1749400000001,0,504.96033,0,808.1300200000001,0,1027.96195,0,1464.3341349999998,0,2293.860005,0,2866.4465,0,3606.936,0,4204.06089,0,4990.112885,0,0,0,0,0,0,0,0,0,0,0,0,0,0,0,0,0,0,0,0,0,0,0
2023-02-23,0,0,0,0,0,0,23.88673,47.593160000000005,59.60945,107.035515,155.281295,0,214.97247,0,310.57442,0,466.774035,0,716.6373,0,1085.7100799999998,0,1534.20416,0,2182.210035,0,2751.065165,0,0,0,4389.21724,0,0,0,0,8064.44033,0,0,0,0,0,0,0,0,0,0,0,0,0,0,0,0,0,0,0,0
2023-02-24,0,0,0,0,11.580095,11.529815,23.05468,34.595085,46.3821,92.68276,150.68469,0,220.079565,0,301.29229000000004,0,498.503515,0,831.9315599999999,0,1194.49924,0,1796.756125,0,2457.05986,0,3145.524005,0,0,0,0,0,0,0,0,0,0,0,0,0,0,0,0,0,0,0,0,0,0,0,0,0,0,0,0,0
2023-02-25,0,0,0,0,0,0,0,0,0,80.519285,126.17011,0,183.67712,0,309.420405,0,486.8967600000001,0,763.9830000000001,0,1307.69115,0,1879.39408,0,2460.361935,0,0,0,0,0,0,0,0,0,0,0,0,0,0,0,0,0,0,0,0,0,0,0,0,0,0,0,0,0,0,0
2023-02-26,0,0,0,9.23192,9.23192,13.847879999999998,16.15586,23.42809,35.341185,70.6233,106.209855,0,176.270775,0,258.44467,0,423.69012,0,659.45964,0,1122.29904,0,1780.9915199999998,0,2285.937225,0,3179.8467200000005,0,4027.06686,0,0,0,0,0,0,0,0,0,0,0,16553.238199999996,0,0,0,0,0,0,0,0,0,0,0,0,0,0,0
2023-02-27,0,2.338091,4.676182,0,11.65856,0,11.74691,23.36628,35.367345,69.78192,94.19264,0,174.71925000000002,0,280.29144,0,399.22273,0,657.41312,0,1097.20043,0,1706.8111199999998,0,2164.39844,0,3007.17499,0,0,0,0,0,0,0,0,0,0,0,0,0,0,0,0,0,0,0,0,0,0,0,0,0,0,0,0,0
2023-02-28,11.62872,0,2.327921,4.655842,0,11.728645,11.699325000000002,23.26309,35.12067,69.61239,82.246535,0,152.755135,0,263.892444,0,451.334325,0,729.5327550000001,0,1136.0944,0,1721.85592,0,2394.614295,0,3042.87372,0,0,0,0,0,0,0,0,0,0,0,0,0,0,0,0,0,0,0,0,0,0,0,0,0,0,0,0,0
2023-03-01,0,0,0,0,0,0,11.867205,23.72651,35.148795,70.4418,105.447465,0,176.13989999999998,0,269.78034,0,423.60174,0,638.31024,0,1035.93292,0,1638.4669,0,2221.10343,0,0,0,0,0,0,0,0,0,0,0,0,0,0,0,0,0,0,0,0,0,0,0,0,0,0,0,0,0,0,0
2023-03-02,0,0,0,2.351398,4.702796,11.682155000000002,23.43979,23.44265,46.440160000000006,70.40985,127.89117,0,176.037525,0,270.21481,0,422.37054,0,645.805875,0,1022.46924,0,1622.3690800000002,0,2292.63062,0,0,0,0,0,0,0,0,0,0,0,0,0,0,0,0,0,0,0,0,0,0,0,0,0,0,0,0,0,0,0
2023-03-03,0,0,0,11.706835,11.173265,11.19878,22.32503,33.505335,56.07905,89.32084,144.747785,0,212.04893,0,369.06078,0,634.2940050000001,0,1023.7806,0,1538.1155700000002,0,2168.79972,0,0,0,0,0,0,0,0,0,0,0,0,0,0,0,0,0,0,0,0,0,0,0,0,0,0,0,0,0,0,0,0,0
2023-03-04,0,0,0,0,0,11.180895,11.18081,0,0,89.38764,123.175525,0,201.09672,0,366.3333300000001,0,601.26975,0,989.116185,0,1517.15004,0,0,0,0,0,0,0,0,0,0,0,0,0,0,0,0,0,0,0,0,0,0,0,0,0,0,0,0,0,0,0,0,0,0,0
2023-03-05,0,0,0,0,0,11.230105,0,33.608115,44.87264,78.50409,112.13455,0,179.3324,0,292.17201,0,548.96856,0,853.86684,0,1380.43638,0,2254.374885,0,2883.1622100000004,0,0,0,0,0,0,0,6584.23225,0,0,9556.96494,0,0,0,0,0,0,0,0,0,0,0,0,0,0,0,0,0,0,0,0
2023-03-06,11.20101,0,0,0,0,11.20338,11.2497,22.50006,44.77146,67.41591000000001,112.53965,0,179.91407999999998,0,313.62856,0,548.518985,0,895.916,0,1390.6507,0,2116.995615,0,0,0,0,0,4734.08064,0,0,0,0,0,0,0,0,0,0,0,0,0,0,0,0,0,0,0,0,0,0,0,0,0,0,0
2023-03-07,0,0,0,0,0,0,0,22.22914,33.530805,66.64251,121.553355,0,209.277685,0,353.73456,0,566.086995,0,993.9825,0,1609.56532,0,2337.5756,0,0,0,3783.68185,0,0,0,0,0,0,0,0,0,0,0,0,0,0,0,0,0,0,0,0,0,0,0,0,0,0,0,0,0
2023-03-08,0,0,0,0,0,11.03015,11.02576,21.79462,33.23409,65.9097,130.19178000000002,0,229.953962,0,379.9684,0,672.60917,0,1117.68802,0,1757.46672,0,2548.72305,0,4315.600410000001,0,0,0,0,0,0,0,0,0,0,0,0,0,0,0,0,0,0,0,0,0,0,0,0,0,0,0,0,0,0,0
2023-03-09,0,0,0,0,10.14083,20.30594,20.42667,61.068450000000006,101.80585,172.90912500000002,275.04981000000004,0,468.16132,0,803.32019,0,1303.23328,0,2015.3133000000005,0,2904.14124,0,3890.484675,0,4692.30233,0,0,0,0,0,0,0,0,0,0,0,0,0,0,0,0,0,0,29504.2375,0,0,0,0,0,0,0,0,0,0,0,0
2023-03-10,0,0,9.833825,9.95771,20.02072,29.872830000000004,30.21957,80.48183999999999,121.4487,229.608655,317.530616,393.15705,504.61375,774.7973999999999,849.08964,1100.8013549999998,1420.0370849999997,0,2354.05938,0,3182.970835,0,3977.6814,0,4938.76734,0,6084.99095,0,6988.273327000001,0,0,0,0,10011.23,0,0,0,0,0,0,20007.86,0,0,0,0,0,0,0,0,0,0,0,0,0,0,0
2023-03-11,0,10.253445,0,0,30.321060000000003,71.05161,82.38408,143.26893,164.05312,236.73877,329.93392,462.2049,565.47425,706.4682300000001,793.9131199999999,1068.74404,1290.1275,0,1937.2726800000005,0,3179.483735,0,3995.07332,0,0,0,6006.353899999999,0,0,0,0,0,0,10004.96784,0,0,0,0,0,0,0,0,0,0,0,0,0,0,0,0,0,0,0,0,0,0
2023-03-12,0,0,10.262075,0,30.896850000000004,42.80828,54.689925,66.01695000000001,110.1569,143.62023,211.02008,253.726455,299.794095,396.29934,454.04384,595.77687,759.472305,1027.3025,1076.53801,0,2878.3468000000003,0,3041.56797,0,0,0,0,0,0,0,0,0,0,0,0,0,0,0,0,0,0,0,0,0,0,0,0,0,0,0,0,0,0,0,0,0
2023-03-13,12.13238,12.130165000000002,0,0,12.061945,12.16931,12.03356,24.04268,48.55502,60.670425,84.973875,97.32028,133.270885,158.58843,192.89168,243.8979,291.69732,385.48096,482.9090000000001,638.648145,772.66048,1013.11392,1188.22942,1464.813295,1723.53139,0,2368.595499,0,0,0,0,0,0,6037.5175,0,0,0,0,0,0,16639.2263,0,0,27272.832,0,0,0,0,0,0,0,0,0,0,0,0
2023-03-14,0,0,0,0,0,13.108895,24.776080000000004,24.74595,60.837825,50.84842,86.004205,99.14732,136.353965,135.81546,171.72596,198.34512,247.3654,365.39955,418.44616,584.69832,617.5047500000001,778.101345,929.8365,1198.2317850000002,1514.518065,1841.4285,1839.92109,0,2282.713407,0,2587.6686400000003,0,0,4344.8189600000005,0,0,0,0,0,0,0,0,0,24138.6429,0,0,0,0,0,0,0,0,0,0,0,0
2023-03-15,0,0,0,0,0,0,24.18605,24.54525,0,60.6078,73.40061,98.49352,122.16975,158.262715,184.01595,219.46572,269.03261,341.86278,427.1797250000001,526.2847399999999,671.8976,799.9641,1095.39315,1308.14776,1543.55166,1722.68574,2592.63828,2444.46642,3005.97486,0,0,0,0,0,0,0,0,0,0,0,0,0,0,0,0,0,0,0,0,0,0,0,0,0,0,0
2023-03-16,0,0,0,0,0,0,12.43697,24.47513,24.67927,49.9279,50.10442,62.633325000000006,98.80424,99.06408,100.0622,136.168615,162.320665,199.052,272.99503,313.027375,425.42942,563.051925,701.4364,979.66557,1118.00821,1544.6078599999998,2049.7348,2298.7926,2588.49968,0,0,0,0,0,0,0,0,0,0,0,0,0,0,0,0,0,0,0,0,0,0,0,0,0,0,0
2023-03-17,0,0,13.259325,0,13.301,0,13.258505,13.70927,26.257240000000003,26.56498,27.80284,41.399115,41.69541,65.8332,68.93197500000001,69.10435000000001,81.78441000000001,110.15032,124.296345,151.96323999999998,192.9564,233.01696,288.685425,343.11375,479.4475000000001,591.187005,768.28668,900.2604099999999,1106.2248,1640.1009,1674.1328,0,0,3161.08205,0,0,0,0,0,0,0,0,0,0,0,0,0,0,0,0,0,0,0,0,0,0
2023-03-18,0,0,0,0,0,0,13.6247,13.6954,27.419,26.98528,27.40123,41.24721,27.46204,41.02699500000001,67.71235,68.5035,94.56356,108.99272,121.60493999999998,163.10286000000002,178.47518,268.7115,285.93694500000004,392.47817,501.040495,673.422,839.67344,1078.5512,1186.53993,1436.18055,1649.5572,0,0,0,0,0,0,0,0,0,0,0,0,0,0,0,0,0,0,0,0,0,0,0,0,0
2023-03-19,0,0,0,0,0,0,0,13.546215,14.016555,14.063545,0,27.15219,42.084705,42.319635,56.70306,70.159975,70.378025,98.34223,112.24376,126.85248,169.88928,183.553955,225.6288,282.9012,352.31712500000003,438.14067,589.71423,693.142485,952.1054,1138.07997,1274.9625,1712.28464,1819.36512,0,0,0,0,0,0,0,0,0,0,0,0,0,0,0,0,0,0,0,0,0,0,0
2023-03-20,0,0,0,0,0,0,0,0,14.220595,14.04117,0,28.303580000000004,28.07224,28.02543,42.290235,55.909400000000005,56.00552,82.99359,70.5312,97.632955,111.5728,140.51595,180.2749,196.22925,266.6935,376.059915,422.7279,627.47145,845.914145,1045.63275,1206.81736,1464.4962799999998,1789.732895,2517.54923,0,4432.46208,0,0,0,0,0,0,0,0,0,0,0,0,0,0,0,0,0,0,0,0
2023-03-21,0,0,0,0,0,0,0,0,0,14.029005,14.226545,14.07601,28.05645,0,14.054475,41.868570000000005,56.07466,56.52256,70.40155,84.39471,85.22556,112.7706,141.2748,170.4483,269.06015999999994,336.87552,462.867735,603.7507449999999,758.45079,955.60128,1246.9144749999998,1478.19945,1669.68584,2883.097525,0,0,0,0,0,0,0,0,0,0,0,0,0,0,0,0,0,0,0,0,0,0
2023-03-22,0,0,0,0,0,0,0,0,14.149965,13.671125,26.80588,14.132085,28.679360000000003,26.71875,27.16494,42.550845,54.52164,41.17347,68.1172,94.550435,121.806585,149.50001,137.21145,217.41,299.18372,395.326985,492.1938,656.45496,862.2066599999999,1120.9154,1506.763395,1751.78496,1294.137,2427.5306,0,0,0,0,0,0,0,0,0,21347.081,0,0,0,0,0,0,0,0,0,0,0,0
2023-03-23,0,0,0,0,0,0,0,0,14.316565,13.716575,13.705905,14.12236,14.138075,28.66,27.41773,27.40259,28.27242,28.64078,42.49287,28.66647,56.93816,57.1932,85.25793,112.93116,128.00583,197.64108,268.21103,327.54093,495.11735,611.5249299999999,877.57466,1052.243,1481.81145,2241.910335,0,3923.17214,0,0,0,0,0,0,0,21868.082,0,0,0,0,0,0,0,0,0,0,0,0
2023-03-24,0,0,0,0,0,0,0,0,0,14.051795,0,0,13.711665000000002,13.98795,13.720425,0,27.13944,27.33096,41.13276,55.15868,67.90385,82.27161,95.692065,162.88356,151.14495,260.03846500000003,356.37758,439.81648,632.1881199999999,865.411785,1129.6484,1231.197,1633.36446,2350.1284800000003,0,3769.087,0,0,0,0,0,0,0,0,0,0,0,0,0,0,0,0,0,0,0,0
2023-03-25,0,0,0,0,0,0,0,0,0,0,0,0,0,0,13.75858,27.60279,13.746275,13.76749,27.47592,27.50295,41.20035,40.98009,54.977,81.92412,109.6242,164.46924,233.79029000000003,357.55121999999994,535.4450400000001,770.32228,1209.737496,0,0,0,0,0,0,0,0,0,0,0,0,0,0,0,0,0,0,0,0,0,0,0,0,0
2023-03-26,13.971865,0,0,0,0,0,0,0,13.855975,13.895325,0,0,0,0,14.04101,13.935765,13.944065,13.957575,0,0,27.79403,41.568615,41.744745,69.954625,83.60466000000001,97.93126,154.32142,224.07824,349.75975,464.39349,701.47775,1050.96975,0,0,0,0,0,0,0,0,0,0,0,0,0,0,0,0,0,0,0,0,0,0,0,0
2023-03-27,0,0,0,0,0,0,0,0,0,0,2.697282,0,0,0,13.429205,13.526485,13.572115,13.49541,27.00798,27.01398,40.531425,40.526265,54.26666,81.11649000000001,108.40316,135.7486,230.95996,366.207885,529.7471400000001,827.6498300000001,1220.4243,2001.1005,0,0,0,0,0,0,0,0,0,0,0,0,0,0,0,0,0,0,0,0,0,0,0,0
2023-03-28,13.441635,0,0,0,0,0,0,0,0,0,0,0,0,0,5.386966000000001,2.723292,5.446584,13.440945,13.71389,27.23389,13.64546,26.98363,27.28902,40.917225,54.52954,81.97131,149.48527,231.26800000000003,354.67185,626.99196,1251.153645,1659.6494549999998,2079.73458,0,0,0,0,0,0,11117.555345,0,0,0,23097.470325,0,33160.28556,0,0,0,0,0,0,0,0,0,0
2023-03-29,0,0,0,0,0,0,0,0,0,0,0,0,0,0,14.01126,0,0,0,13.72616,14.036395,14.201115,14.043685,14.15941,14.09786,14.1408,14.19586,28.34339,42.566715,70.940725,113.41932,227.18728,454.67232,1013.81364,0,2752.8735,0,0,0,0,9441.86768,0,0,0,0,0,0,0,0,0,0,0,0,0,0,0,272241.2995
2023-03-30,0,0,0,0,0,0,0,0,0,0,0,0,0,0,0,0,0,0,0,0,0,0,14.301555,14.10173,14.31258,13.93344,14.057405,14.01378,14.016575,56.06606,182.249795,628.16085,1170.97008,1701.0402,0,0,5838.35427,0,0,0,0,0,16580.473359999996,21810.791045,0,0,0,0,0,0,0,0,0,0,0,0
