horizon,variables,num_vars,r2_os_1pt,r2_os_2pt,delta_1pt_minus_2pt,winner
7d,Skewness + Kurtosis + Median + VIX,4,-0.035657376405182406,-0.03767201021460753,0.002014633809425126,1pt
7d,Mean + Skewness + Kurtosis + VIX,4,-0.03514132197975206,-0.037153951670705565,0.0020126296909535046,1pt
7d,Skewness + Kurtosis + Median,3,-0.024925569063291242,-0.026870787731390733,0.001945218668099491,1pt
7d,Mean + Skewness + Kurtosis,3,-0.024621222593266268,-0.026565545281764358,0.0019443226884980902,1pt
7d,Mean + Skewness + Kurtosis + T-1 Return,4,-0.021836094486311852,-0.023756562682391902,0.0019204681960800496,1pt
7d,Skewness + Kurtosis + Median + T-1 Return,4,-0.022139961343691006,-0.02405963954434487,0.0019196782006538626,1pt
7d,Mean + Skewness + Kurtosis + T-2 Return,4,-0.026338046893542133,-0.028236898907561203,0.0018988520140190701,1pt
7d,Skewness + Kurtosis + Median + T-2 Return,4,-0.02665795559716644,-0.028556687069925202,0.0018987314727587634,1pt
7d,Skewness + Kurtosis + Median + T-3 Return,4,-0.04742508813003199,-0.049318288851636805,0.0018932007216048152,1pt
7d,Mean + Skewness + Kurtosis + T-3 Return,4,-0.04719179366155113,-0.049080878893376756,0.0018890852318256268,1pt
7d,Skewness + Kurtosis,2,-0.014251906704271677,-0.015884854031700923,0.001632947327429246,1pt
7d,Skewness + Kurtosis + T-2 Return,3,-0.015409421859033268,-0.017021634994796697,0.0016122131357634295,1pt
7d,Skewness + Kurtosis + T-3 Return,3,-0.037818625640116066,-0.039420100005227665,0.0016014743651115992,1pt
7d,Skewness + Kurtosis + T-1 Return + T-3 Return,4,-0.0348163689843346,-0.03641069643981165,0.0015943274554770515,1pt
7d,Skewness + Kurtosis + VIX,3,-0.018873055188621368,-0.020454815871410625,0.0015817606827892572,1pt
7d,Skewness + Kurtosis + T-1 Return,3,-0.01202088776770549,-0.013599907858095728,0.0015790200903902374,1pt
7d,Skewness + Kurtosis + T-2 Return + T-3 Return,4,-0.03888663381254731,-0.04046240686695968,0.001575773054412366,1pt
7d,Skewness + Kurtosis + T-1 Return + T-2 Return,4,-0.013352258682291396,-0.014914089772862571,0.0015618310905711752,1pt
7d,Kurtosis + Median + VIX,3,-0.029416405218607666,-0.03097075445375097,0.0015543492351433041,1pt
7d,Mean + Kurtosis + VIX,3,-0.02883002324825301,-0.030377341225171328,0.0015473179769183165,1pt
7d,Skewness + Kurtosis + VIX + T-2 Return,4,-0.02123905651278757,-0.022779209335916262,0.0015401528231286932,1pt
7d,Skewness + Kurtosis + VIX + T-1 Return,4,-0.016765320188512067,-0.018305328147502076,0.0015400079589900084,1pt
7d,Skewness + Kurtosis + VIX + T-3 Return,4,-0.04280957634070082,-0.04434001416384037,0.0015304378231395521,1pt
7d,Kurtosis + Median + VIX + T-2 Return,4,-0.03230438024928528,-0.03383303375227298,0.001528653502987698,1pt
7d,Kurtosis + Median + VIX + T-1 Return,4,-0.027425395097931737,-0.02894860656016318,0.001523211462231444,1pt
7d,Mean + Kurtosis + VIX + T-2 Return,4,-0.03169647615267923,-0.033217248566731694,0.0015207724140524626,1pt
7d,Mean + Kurtosis + VIX + T-1 Return,4,-0.02682119155182061,-0.028339818787081805,0.001518627235261194,1pt
7d,Std + Skewness + Kurtosis + T-1 Return,4,-0.014545943575559273,-0.016021393900899294,0.001475450325340022,1pt
7d,Mean + Kurtosis + Median + VIX,4,-0.08092057918862472,-0.0823915818300689,0.0014710026414441746,1pt
7d,Std + Skewness + Kurtosis + VIX,4,-0.02462204005513735,-0.02608366217170066,0.0014616221165633103,1pt
7d,Std + Skewness + Kurtosis,3,-0.01759496642263425,-0.01902900942315644,0.0014340430005221894,1pt
7d,Kurtosis + Median + VIX + T-3 Return,4,-0.05093182208361102,-0.05235013067128369,0.0014183085876726675,1pt
7d,Std + Skewness + Kurtosis + T-2 Return,4,-0.019117363573541768,-0.02052711376655547,0.0014097501930137035,1pt
7d,Mean + Kurtosis + VIX + T-3 Return,4,-0.05039685822516349,-0.05180595636677299,0.0014090981416094994,1pt
7d,Kurtosis + Median,2,-0.017627752332068702,-0.019014284167178985,0.0013865318351102829,1pt
7d,Mean + Kurtosis,2,-0.01729744177563952,-0.018683002926377368,0.0013855611507378462,1pt
7d,Kurtosis + Median + T-2 Return,3,-0.01960948117061223,-0.02096732095104925,0.0013578397804370201,1pt
7d,Mean + Kurtosis + T-2 Return,3,-0.019258693143760386,-0.020616489760608037,0.0013577966168476507,1pt
7d,Mean + Kurtosis + T-1 Return,3,-0.014963859044197392,-0.016319048346280063,0.001355189302082671,1pt
7d,Kurtosis + Median + T-1 Return,3,-0.015304815628848667,-0.016658686167973613,0.0013538705391249461,1pt
7d,Mean + Kurtosis + Median + T-2 Return,4,-0.07876171687824773,-0.0801086564616833,0.001346939583435569,1pt
7d,Mean + Kurtosis + Median,3,-0.07507249482278633,-0.07640366383766772,0.0013311690148813948,1pt
7d,Mean + Kurtosis + T-1 Return + T-2 Return,4,-0.016914858931059262,-0.018235649807332388,0.0013207908762731257,1pt
7d,Kurtosis + Median + T-1 Return + T-2 Return,4,-0.017274822310893168,-0.01859339775033142,0.001318575439438252,1pt
7d,Mean + Kurtosis + Median + T-1 Return,4,-0.07548382744250293,-0.07678011903224502,0.0012962915897420935,1pt
7d,Std + Skewness + Kurtosis + T-3 Return,4,-0.04325594614521666,-0.044519485030566575,0.001263538885349913,1pt
7d,Kurtosis + Median + T-1 Return + T-3 Return,4,-0.03515848032683744,-0.03642110823279321,0.001262627905955771,1pt
7d,Mean + Kurtosis + T-1 Return + T-3 Return,4,-0.03489862648012787,-0.03616004196485445,0.0012614154847265802,1pt
7d,Kurtosis + Median + T-3 Return,3,-0.038541569081817606,-0.03979394368633882,0.0012523746045212114,1pt
7d,Mean + Kurtosis + T-3 Return,3,-0.03829275720958014,-0.03954197902132517,0.0012492218117450271,1pt
7d,Kurtosis + Median + T-2 Return + T-3 Return,4,-0.04054826854271787,-0.041774567786311945,0.0012262992435940756,1pt
7d,Mean + Kurtosis + T-2 Return + T-3 Return,4,-0.04027640748508188,-0.04150054535426961,0.0012241378691877358,1pt
7d,Kurtosis,1,-0.007503017413690971,-0.008695810784126179,0.0011927933704352078,1pt
7d,Mean + Kurtosis + Median + T-3 Return,4,-0.10411872240396391,-0.10530525550658543,0.001186533102621512,1pt
7d,Kurtosis + T-2 Return,2,-0.008747626577520373,-0.00993081641884852,0.0011831898413281472,1pt
7d,Kurtosis + VIX,2,-0.01273550263932588,-0.013915744587345458,0.001180241948019578,1pt
7d,Kurtosis + VIX + T-2 Return,3,-0.015061694794985314,-0.016201942463083263,0.001140247668097949,1pt
7d,Kurtosis + VIX + T-1 Return,3,-0.011008383838570612,-0.012146679230488289,0.0011382953919176764,1pt
7d,Kurtosis + T-1 Return,2,-0.005825424096730369,-0.006962745907747925,0.0011373218110175554,1pt
7d,Kurtosis + T-1 Return + T-2 Return,3,-0.007004864204548822,-0.008133603061766248,0.0011287388572174262,1pt
7d,Mean + Kurtosis + Median + T-4 Return,4,-0.08133975372291835,-0.08243909144792605,0.0010993377250076986,1pt
7d,Kurtosis + VIX + T-1 Return + T-2 Return,4,-0.013387419964122627,-0.014482336024124853,0.0010949160600022267,1pt
7d,Std + Kurtosis + VIX + T-1 Return,4,-0.015945545742823253,-0.017039011651067026,0.0010934659082437737,1pt
7d,Mean + Skewness + Kurtosis + T-4 Return,4,-0.04196702813618414,-0.04305755111801002,0.001090522981825881,1pt
7d,Skewness + Kurtosis + Median + T-4 Return,4,-0.04236586017054167,-0.043443200461655174,0.0010773402911135044,1pt
7d,Kurtosis + T-3 Return,2,-0.029386601916385313,-0.0304550144957223,0.0010684125793369859,1pt
7d,Skewness + Kurtosis + T-4 Return,3,-0.028971040344862642,-0.030038480263973266,0.0010674399191106243,1pt
7d,Kurtosis + T-2 Return + T-3 Return,3,-0.030698485697221445,-0.031756463545227875,0.0010579778480064306,1pt
7d,Kurtosis + VIX + T-3 Return,3,-0.03525518677218509,-0.03630819265979812,0.0010530058876130344,1pt
7d,Std + Kurtosis + VIX,3,-0.018711328647551095,-0.01975414231289263,0.0010428136653415354,1pt
7d,Std + Kurtosis + T-1 Return,3,-0.008646433137261766,-0.009684501094755271,0.0010380679574935048,1pt
7d,Kurtosis + T-1 Return + T-3 Return,3,-0.026749482775653144,-0.027787540452527182,0.001038057676874038,1pt
7d,Kurtosis + VIX + T-1 Return + T-3 Return,4,-0.032561612744730795,-0.03359846876218597,0.0010368560174551789,1pt
7d,Kurtosis + T-1 Return + T-2 Return + T-3 Return,4,-0.027991546790569588,-0.02902043701157897,0.001028890221009382,1pt
7d,Skewness + Kurtosis + VIX + T-4 Return,4,-0.033531113570968385,-0.03455591940577474,0.0010248058348063527,1pt
7d,Std + Kurtosis + T-1 Return + T-2 Return,4,-0.010196123377981925,-0.011220704296787343,0.0010245809188054178,1pt
7d,Skewness + Kurtosis + T-3 Return + T-4 Return,4,-0.05408516119098494,-0.05510950105212831,0.001024339861143364,1pt
7d,Skewness + Kurtosis + T-2 Return + T-4 Return,4,-0.03055502184214598,-0.03157623893408723,0.001021217091941251,1pt
7d,Kurtosis + VIX + T-2 Return + T-3 Return,4,-0.03744355820466483,-0.03845762306780598,0.0010140648631411509,1pt
7d,Std + Kurtosis + VIX + T-2 Return,4,-0.02127711393140741,-0.022282243798016133,0.0010051298666087227,1pt
7d,Std + Kurtosis,2,-0.011473366114325811,-0.01247075589418456,0.0009973897798587483,1pt
7d,Std + Kurtosis + Fear and Greed Index + VIX,4,-0.01638711557539385,-0.017381465638840243,0.000994350063446392,1pt
7d,Std + Skewness + Kurtosis + T-4 Return,4,-0.031462842975036764,-0.03245539956884458,0.000992556593807814,1pt
7d,Std + Kurtosis + T-2 Return,3,-0.013011499599589582,-0.014000897841138338,0.0009893982415487557,1pt
7d,Skewness + Kurtosis + Fear and Greed Index + T-1 Return,4,-0.021503072837335324,-0.02246678224068921,0.0009637094033538851,1pt
7d,Skewness + Kurtosis + Fear and Greed Index,3,-0.021919840599611495,-0.022875362889478446,0.0009555222898669502,1pt
7d,Mean + Kurtosis + VIX + T-4 Return,4,-0.04850025012632475,-0.049432966910337495,0.0009327167840127437,1pt
7d,Skewness + Kurtosis + Fear and Greed Index + T-2 Return,4,-0.02077933912036456,-0.021711662179426883,0.0009323230590623233,1pt
7d,Kurtosis + Median + VIX + T-4 Return,4,-0.049122317470642995,-0.05005128142663007,0.0009289639559870722,1pt
7d,Skewness + Kurtosis + T-1 Return + T-4 Return,4,-0.027666944960992534,-0.028588611291895827,0.0009216663309032924,1pt
7d,Std + Skewness + Kurtosis + Fear and Greed Index,4,-0.019535274056384777,-0.020417021121727608,0.0008817470653428305,1pt
7d,Skewness + Kurtosis + Fear and Greed Index + VIX,4,-0.021002304549259776,-0.021864435032120877,0.0008621304828611009,1pt
7d,Mean + Kurtosis + Median + Fear and Greed Index,4,-0.0794734375570858,-0.08033190727392303,0.0008584697168372291,1pt
7d,Std + Kurtosis + T-1 Return + T-3 Return,4,-0.03194889302614001,-0.03278472993113102,0.0008358369049910053,1pt
7d,Kurtosis + T-4 Return,2,-0.024650131709527567,-0.025481965659047923,0.0008318339495203553,1pt
7d,Kurtosis + Fear and Greed Index,2,-0.01902366780782394,-0.01984840660468512,0.0008247387968611797,1pt
7d,Kurtosis + Fear and Greed Index + T-1 Return,3,-0.01896731648534966,-0.019782772391456982,0.0008154559061073208,1pt
7d,Kurtosis + T-2 Return + T-4 Return,3,-0.02619526399168226,-0.02701053505743589,0.0008152710657536311,1pt
7d,Std + Kurtosis + VIX + T-3 Return,4,-0.043115087459621115,-0.043929655818429,0.0008145683588078878,1pt
7d,Kurtosis + VIX + T-4 Return,3,-0.02950277677411406,-0.030316133171482074,0.0008133563973680147,1pt
7d,Std + Kurtosis + VIX + T-4 Return,4,-0.034653832638569027,-0.03545114394335602,0.0007973113047869962,1pt
7d,Std + Kurtosis + Fear and Greed Index + T-1 Return,4,-0.018086106525869505,-0.018883370411825195,0.0007972638859556902,1pt
7d,Kurtosis + Fear and Greed Index + T-2 Return,3,-0.01798796857997753,-0.018783648068873005,0.0007956794888954732,1pt
7d,Kurtosis + Fear and Greed Index + T-1 Return + T-2 Return,4,-0.018956243553284402,-0.01974062237930574,0.0007843788260213369,1pt
7d,Mean + Kurtosis + T-4 Return,3,-0.03762964717683337,-0.0384048935524548,0.0007752463756214301,1pt
7d,Std + Kurtosis + T-3 Return,3,-0.03584880417432168,-0.03661545834131896,0.0007666541669972826,1pt
7d,Kurtosis + Median + T-4 Return,3,-0.03805121446154813,-0.03881627983747449,0.0007650653759263548,1pt
7d,Std + Kurtosis + T-2 Return + T-3 Return,4,-0.037371559716240066,-0.038131779315482506,0.0007602195992424399,1pt
7d,Mean + Kurtosis + Fear and Greed Index + VIX,4,-0.033284646892556946,-0.034044004174033526,0.0007593572814765803,1pt
7d,Std + Kurtosis + T-4 Return,3,-0.027315674729561534,-0.028074989949505413,0.0007593152199438791,1pt
7d,Std + Kurtosis + Fear and Greed Index,3,-0.01718891596467853,-0.01794808742641041,0.0007591714617318779,1pt
7d,Std + Kurtosis + T-1 Return + T-4 Return,4,-0.02509505125702871,-0.025847644698942407,0.0007525934419136959,1pt
7d,Kurtosis + VIX + T-2 Return + T-4 Return,4,-0.03245589943691751,-0.033201710585644584,0.0007458111487270713,1pt
7d,Kurtosis + Fear and Greed Index + VIX + T-1 Return,4,-0.01874745208343742,-0.01949248519982949,0.0007450331163920687,1pt
7d,Kurtosis + Median + Fear and Greed Index + VIX,4,-0.03396458263598845,-0.03470819573076844,0.0007436130947799935,1pt
7d,Std + Kurtosis + T-2 Return + T-4 Return,4,-0.029242669771859964,-0.029985697327843397,0.0007430275559834332,1pt
7d,Kurtosis + Fear and Greed Index + VIX,3,-0.017699053333504855,-0.018434178197286544,0.0007351248637816887,1pt
7d,Kurtosis + T-1 Return + T-4 Return,3,-0.023685598771711946,-0.024420061688004147,0.0007344629162922001,1pt
7d,Kurtosis + VIX + T-1 Return + T-4 Return,4,-0.02838858715989856,-0.0291150142589518,0.0007264270990532395,1pt
7d,Kurtosis + T-1 Return + T-2 Return + T-4 Return,4,-0.0251906917812863,-0.025908883680086925,0.0007181918988006242,1pt
7d,Kurtosis + Fear and Greed Index + VIX + T-2 Return,4,-0.01802407913277304,-0.01872765310185409,0.0007035739690810505,1pt
7d,Mean + Kurtosis + T-2 Return + T-4 Return,4,-0.04032015604464134,-0.04102240858566897,0.0007022525410276259,1pt
7d,Kurtosis + T-3 Return + T-4 Return,3,-0.04919902284191724,-0.04989574428471988,0.0006967214428026391,1pt
7d,Kurtosis + VIX + T-3 Return + T-4 Return,4,-0.054310642980127666,-0.05500261565639075,0.0006919726762630862,1pt
7d,Kurtosis + Median + T-2 Return + T-4 Return,4,-0.04076475758102682,-0.041455343659159594,0.0006905860781327711,1pt
7d,Std + Kurtosis + Fear and Greed Index + T-2 Return,4,-0.01572457404757377,-0.01641337181866165,0.000688797771087879,1pt
7d,Kurtosis + T-2 Return + T-3 Return + T-4 Return,4,-0.05088560154959976,-0.05156343933988583,0.0006778377902860733,1pt
7d,Mean + Kurtosis + T-3 Return + T-4 Return,4,-0.06079905382943407,-0.06146318342706847,0.0006641295976343997,1pt
7d,Kurtosis + Median + T-3 Return + T-4 Return,4,-0.06115884005721184,-0.061813673642726386,0.0006548335855145471,1pt
7d,Kurtosis + Fear and Greed Index + T-4 Return,3,-0.030916677693396455,-0.03157022576567092,0.000653548072274468,1pt
7d,Kurtosis + Fear and Greed Index + T-2 Return + T-4 Return,4,-0.029312406782899814,-0.029963557631539572,0.0006511508486397588,1pt
7d,Mean + Kurtosis + T-1 Return + T-4 Return,4,-0.03626863034721972,-0.036916410678065725,0.000647780330846004,1pt
7d,Kurtosis + Median + T-1 Return + T-4 Return,4,-0.03670367550424647,-0.03733834935242952,0.0006346738481830538,1pt
7d,Skewness + Kurtosis + Fear and Greed Index + T-4 Return,4,-0.0343961048306094,-0.035026337567805044,0.0006302327371956462,1pt
7d,Kurtosis + T-1 Return + T-3 Return + T-4 Return,4,-0.047039203651517925,-0.047669182632595675,0.0006299789810777501,1pt
7d,Kurtosis + Fear and Greed Index + T-1 Return + T-4 Return,4,-0.03146579796794935,-0.032080818887769036,0.0006150209198196865,1pt
7d,Skewness + Kurtosis + Fear and Greed Index + T-3 Return,4,-0.05780658158218155,-0.05839945868949048,0.0005928771073089312,1pt
7d,Std + Kurtosis + T-3 Return + T-4 Return,4,-0.05342566962420703,-0.05400006760302922,0.0005743979788221942,1pt
7d,Mean + Std + Skewness + Median,4,-0.17061815945066927,-0.17115993890789127,0.0005417794572220025,1pt
7d,Kurtosis + Fear and Greed Index + VIX + T-4 Return,4,-0.02989590103778572,-0.03043191798065381,0.0005360169428680894,1pt
7d,Kurtosis + Fear and Greed Index + T-1 Return + T-3 Return,4,-0.05585211165223525,-0.056385851952124755,0.0005337402998895069,1pt
7d,Kurtosis + Fear and Greed Index + T-3 Return,3,-0.05429777482161513,-0.05483133865816914,0.0005335638365540074,1pt
7d,Std + Kurtosis + Fear and Greed Index + T-4 Return,4,-0.029874186212636822,-0.030388675213061545,0.0005144890004247227,1pt
7d,Kurtosis + Fear and Greed Index + T-2 Return + T-3 Return,4,-0.05400470137542346,-0.05450371648523311,0.0004990151098096529,1pt
7d,Mean + Kurtosis + Fear and Greed Index + T-1 Return,4,-0.03319831085797009,-0.03361402384251466,0.0004157129845445695,1pt
7d,Kurtosis + Fear and Greed Index + T-3 Return + T-4 Return,4,-0.06562552774075625,-0.0660243357814243,0.00039880804066805275,1pt
7d,Std + Kurtosis + Fear and Greed Index + T-3 Return,4,-0.05312229474304253,-0.053520199975543026,0.00039790523250049503,1pt
7d,Kurtosis + Fear and Greed Index + VIX + T-3 Return,4,-0.05319492899303446,-0.05359181951222136,0.00039689051918689877,1pt
7d,Mean + Skewness + Median + VIX,4,-0.10672918310064117,-0.1071216922406999,0.0003925091400587277,1pt
7d,Kurtosis + Median + Fear and Greed Index + T-1 Return,4,-0.033826850941447884,-0.03421640674444704,0.00038955580299915304,1pt
7d,Mean + Kurtosis + Fear and Greed Index,3,-0.03191891802386215,-0.03230287824110212,0.00038396021723996476,1pt
7d,Mean + Skewness + Kurtosis + Fear and Greed Index,4,-0.03391990489153218,-0.03429086096785028,0.00037095607631809635,1pt
7d,Kurtosis + Median + Fear and Greed Index,3,-0.032534488225660185,-0.032891954201681006,0.000357465976020821,1pt
7d,Mean + Std + Median + Fear and Greed Index,4,-0.1385958442295363,-0.13894010464457285,0.0003442604150365458,1pt
7d,Skewness + Median + T-1 Return + T-3 Return,4,-0.038338915296568965,-0.03867769645981456,0.00033878116324559393,1pt
7d,Mean + Skewness + T-1 Return + T-3 Return,4,-0.0379839832766411,-0.038322708015923634,0.00033872473928253655,1pt
7d,Mean + Std + Median + T-2 Return,4,-0.14324679397634443,-0.14358439811896528,0.0003376041426208509,1pt
7d,Mean + Std + Median + T-1 Return,4,-0.1388609295939227,-0.13919688613113856,0.0003359565372158535,1pt
7d,Mean + Std + Median + T-3 Return,4,-0.1786506113541908,-0.17898219871173127,0.00033158735754046376,1pt
7d,Mean + Std + Median,3,-0.1390721923258984,-0.1394036471912823,0.00033145486538388447,1pt
7d,Mean + Std + Median + T-4 Return,4,-0.1438424313758324,-0.14417179240611788,0.0003293610302854688,1pt
7d,Mean + Kurtosis + Fear and Greed Index + T-2 Return,4,-0.029793994262049095,-0.030120848388841548,0.00032685412679245296,1pt
7d,Skewness + Median + T-3 Return,3,-0.04130944592186281,-0.04163358726123367,0.00032414133937086476,1pt
7d,Mean + Skewness + T-3 Return,3,-0.04095323154525499,-0.04127723439862763,0.00032400285337264023,1pt
7d,Skewness + Kurtosis + Median + Fear and Greed Index,4,-0.03454791449647554,-0.034870366680173515,0.00032245218369797435,1pt
7d,Mean + Std + Median + VIX,4,-0.14717240020509204,-0.14747761498328926,0.000305214778197227,1pt
7d,Mean + Skewness + T-2 Return + T-3 Return,4,-0.04273844991532827,-0.04303854239943883,0.000300092484110559,1pt
7d,Skewness + Median + T-2 Return + T-3 Return,4,-0.043110251439167246,-0.043410266023973465,0.00030001458480621856,1pt
7d,Kurtosis + Median + Fear and Greed Index + T-2 Return,4,-0.030421937001390953,-0.030721293265053573,0.00029935626366262014,1pt
7d,Mean + Skewness + Median + T-1 Return,4,-0.09228794244867378,-0.09258011650612707,0.0002921740574532983,1pt
7d,Skewness + T-1 Return + T-3 Return,3,-0.026480545635229724,-0.02676418817874393,0.0002836425435142065,1pt
7d,Mean + Skewness + Median,3,-0.09363480139819158,-0.0939095493215949,0.0002747479234033179,1pt
7d,Mean + Skewness + T-1 Return,3,-0.01685234848965833,-0.01712417123760912,0.00027182274795078953,1pt
7d,Skewness + Median + T-1 Return,3,-0.01727551531774907,-0.017547088594052296,0.0002715732763032275,1pt
7d,Mean + Std + Skewness + T-3 Return,4,-0.12977065370680418,-0.13004134040536797,0.00027068669856378236,1pt
7d,Skewness + T-1 Return + T-2 Return + T-3 Return,4,-0.027798579268821344,-0.02806880837602277,0.0002702291072014251,1pt
7d,Std + Skewness + T-1 Return + T-3 Return,4,-0.03009303822425502,-0.0303621010829076,0.00026906285865258006,1pt
7d,Skewness + T-3 Return,2,-0.029233172132112628,-0.029501532898882132,0.00026836076676950427,1pt
7d,Mean + Skewness,2,-0.018704002843032752,-0.018970212356716143,0.00026620951368339085,1pt
7d,Skewness + Median,2,-0.019129422519775563,-0.01939542611864087,0.00026600359886530534,1pt
7d,Mean + Skewness + VIX + T-3 Return,4,-0.05140883847272115,-0.051671486485983964,0.00026264801326281173,1pt
7d,Skewness + Median + VIX + T-3 Return,4,-0.05198998960598211,-0.05225019978042034,0.0002602101744382246,1pt
7d,Skewness + VIX + T-1 Return + T-3 Return,4,-0.031124006815508087,-0.031382503951267626,0.0002584971357595389,1pt
7d,Mean + Skewness + Median + T-3 Return,4,-0.12203531367021347,-0.12229128566813308,0.0002559719979196018,1pt
7d,Mean + Skewness + T-1 Return + T-2 Return,4,-0.018788860469313384,-0.01904410436202908,0.00025524389271569525,1pt
7d,Skewness + Median + T-1 Return + T-2 Return,4,-0.019227301204723046,-0.019482119238719564,0.0002548180339965178,1pt
7d,Mean + Skewness + Median + Fear and Greed Index,4,-0.09931257695816154,-0.0995643940473705,0.00025181708920896106,1pt
7d,Std + Skewness + Median + T-3 Return,4,-0.13480422638458145,-0.13505521820282929,0.00025099181824783656,1pt
7d,Skewness + T-2 Return + T-3 Return,3,-0.030465618797999472,-0.03071563596402216,0.00025001716602268687,1pt
7d,Std + Skewness + T-3 Return,3,-0.03355015016241447,-0.033799406493313366,0.0002492563308988949,1pt
7d,Mean + Std + Skewness + T-1 Return,4,-0.09442064313393095,-0.09466604989737193,0.00024540676344098067,1pt
7d,Mean + Skewness + T-2 Return,3,-0.02056232848320061,-0.020807604137049074,0.0002452756538484646,1pt
7d,Skewness + Median + T-2 Return,3,-0.021003032468985383,-0.02124791738692644,0.00024488491794105727,1pt
7d,Std + Skewness + VIX + T-3 Return,4,-0.04066072725401848,-0.04090275052586301,0.000242023271844527,1pt
7d,Skewness + VIX + T-3 Return,3,-0.033667747020333705,-0.03390846292477856,0.0002407159044448548,1pt
7d,Mean + Skewness + Median + T-2 Return,4,-0.0995844216311148,-0.0998208853882665,0.00023646375715169476,1pt
7d,Std + Skewness + T-2 Return + T-3 Return,4,-0.035085838003394265,-0.03532133385116332,0.00023549584776905164,1pt
7d,Skewness + VIX + T-2 Return + T-3 Return,4,-0.035920657497257036,-0.03615228263316328,0.00023162513590624378,1pt
7d,Std + Skewness + Median + T-1 Return,4,-0.0991608390055323,-0.09938959287978277,0.00022875387425047577,1pt
7d,Mean + Skewness + Median + T-4 Return,4,-0.10132284862517071,-0.10155152640196397,0.0002286777767932513,1pt
7d,Mean + Std + Skewness,3,-0.09819368298050457,-0.09841477273896504,0.00022108975846046874,1pt
7d,Mean + Skewness + VIX + T-1 Return,4,-0.027402066909853584,-0.027617413747777375,0.00021534683792379106,1pt
7d,Skewness + Median + VIX + T-1 Return,4,-0.028048926232534743,-0.0282616446818027,0.0002127184492679568,1pt
7d,Skewness + T-1 Return,2,-0.003822835694985871,-0.004034120033409749,0.00021128433842387828,1pt
7d,Mean + Skewness + VIX,3,-0.028833026240111304,-0.029042553810795013,0.00020952757068370964,1pt
7d,Mean + Std + Skewness + T-2 Return,4,-0.09983902393899169,-0.10004760537264423,0.00020858143365254378,1pt
7d,Std + Skewness + T-1 Return,3,-0.005898620731558113,-0.006106159678870959,0.0002075389473128464,1pt
7d,Skewness + Median + VIX,3,-0.029468674234686132,-0.029675675476354746,0.000207001241668614,1pt
7d,Mean + Median + T-1 Return + T-2 Return,4,-0.07613611907420959,-0.07634296009716968,0.00020684102296009144,1pt
7d,Mean + Skewness + VIX + T-2 Return,4,-0.0317227907714932,-0.03192905045070349,0.00020625967921028554,1pt
7d,Skewness,1,-0.0054297254691080266,-0.0056340557232070765,0.00020433025409904992,1pt
7d,Skewness + Median + VIX + T-2 Return,4,-0.032375142155226966,-0.03257902095697962,0.00020387880175265494,1pt
7d,Std + Skewness + Median,3,-0.10294114728792225,-0.10314487137185013,0.00020372408392788088,1pt
7d,Mean + Median + T-2 Return,3,-0.07493385875404157,-0.07513749126984615,0.00020363251580457487,1pt
7d,Mean + Median + T-2 Return + T-3 Return,4,-0.10404967924981845,-0.10425201883236856,0.00020233958255011508,1pt
7d,Std + Skewness + VIX + T-1 Return,4,-0.013121295274638678,-0.01332294264133771,0.0002016473666990315,1pt
7d,Skewness + T-1 Return + T-2 Return,3,-0.005188869857013723,-0.00539043606601064,0.00020156620899691724,1pt
7d,Std + Skewness + T-1 Return + T-2 Return,4,-0.007611211524950923,-0.007810947961940373,0.00019973643698945054,1pt
7d,Mean + Median + T-1 Return,3,-0.07275552622819093,-0.07295488085272228,0.000199354624531356,1pt
7d,Mean + Median + T-1 Return + T-3 Return,4,-0.1009717777497181,-0.10117044033311884,0.00019866258340073273,1pt
7d,Std + Skewness,2,-0.008105554806715931,-0.008302920850818074,0.00019736604410214298,1pt
7d,Mean + Median + Fear and Greed Index + T-2 Return,4,-0.07960972456368398,-0.0798069516636637,0.00019722709997971322,1pt
7d,Mean + Median,2,-0.07155909256167936,-0.07175538330235365,0.00019629074067428753,1pt
7d,Skewness + VIX + T-1 Return,3,-0.008402120599470653,-0.00859709349630422,0.00019497289683356733,1pt
7d,Mean + Median + T-3 Return,3,-0.10035110773883305,-0.10054596697012785,0.0001948592312948083,1pt
7d,Mean + Median + T-2 Return + T-4 Return,4,-0.08134544150990553,-0.08153775141802022,0.00019230990811469617,1pt
7d,Std + Skewness + Median + T-2 Return,4,-0.10459034301338943,-0.10478190640002794,0.0001915633866385047,1pt
7d,Skewness + VIX + T-1 Return + T-2 Return,4,-0.010821731596224238,-0.011012482718743444,0.000190751122519206,1pt
7d,Mean + Median + Fear and Greed Index + T-1 Return,4,-0.0797594604395988,-0.07994977031738149,0.0001903098777826795,1pt
7d,Std + Skewness + VIX,3,-0.015259773814512823,-0.01544993170029274,0.000190157885779918,1pt
7d,Skewness + T-2 Return,2,-0.006715087055899627,-0.006905058863738045,0.00018997180783841827,1pt
7d,Mean + Median + Fear and Greed Index,3,-0.07728755392155717,-0.07747524898818092,0.0001876950666237498,1pt
7d,Skewness + VIX,2,-0.009816475683476655,-0.010002916987497557,0.0001864413040209012,1pt
7d,Mean + Median + T-1 Return + T-4 Return,4,-0.07956459740644872,-0.07975024397819319,0.00018564657174446886,1pt
7d,Std + Skewness + T-2 Return,3,-0.009711984073652369,-0.009897523456177115,0.00018553938252474644,1pt
7d,Mean + Median + T-4 Return,3,-0.07801189986693124,-0.07819545539807993,0.0001835555311486825,1pt
7d,Std + Skewness + VIX + T-2 Return,4,-0.01796632618642513,-0.018149678544105985,0.0001833523576808549,1pt
7d,Mean + Median + VIX + T-2 Return,4,-0.08475931928205194,-0.08494164158311301,0.0001823223010610775,1pt
7d,Mean + Median + VIX + T-1 Return,4,-0.079353077012281,-0.0795343656449905,0.00018128863270949758,1pt
7d,Mean + Median + T-3 Return + T-4 Return,4,-0.10741307522658472,-0.10759416386055465,0.00018108863396992803,1pt
7d,Mean + Median + Fear and Greed Index + T-4 Return,4,-0.08260073223966025,-0.08278076016540004,0.00018002792573978965,1pt
7d,Mean + Median + VIX,3,-0.07789390678179076,-0.07807262104143575,0.00017871425964499643,1pt
7d,Skewness + VIX + T-2 Return,3,-0.012227204306924033,-0.012405523098152127,0.0001783187912280937,1pt
7d,Mean + Median + Fear and Greed Index + T-3 Return,4,-0.11262591357015861,-0.11280272991044238,0.0001768163402837697,1pt
7d,Mean + Median + VIX + T-3 Return,4,-0.10735046854698638,-0.10752580398992784,0.00017533544294145997,1pt
7d,Mean + Median + Fear and Greed Index + VIX,4,-0.07834254345473313,-0.07851534677380623,0.00017280331907310043,1pt
7d,Mean + Std + Skewness + Fear and Greed Index,4,-0.08941371770446072,-0.08958634518442632,0.00017262747996560357,1pt
7d,Mean + Median + VIX + T-4 Return,4,-0.08442836722208447,-0.08459463370163745,0.0001662664795529789,1pt
7d,Mean + Skewness + T-3 Return + T-4 Return,4,-0.06168158425962966,-0.06184754207579868,0.00016595781616901562,1pt
7d,Skewness + Median + T-3 Return + T-4 Return,4,-0.062076368038542995,-0.0622416373180712,0.0001652692795282018,1pt
7d,Std + Skewness + Median + Fear and Greed Index,4,-0.09365897738521922,-0.0938228373349761,0.00016385994975687268,1pt
7d,Mean + Std + Skewness + VIX,4,-0.11333652823627527,-0.11347548089721315,0.0001389526609378855,1pt
7d,Skewness + T-1 Return + T-3 Return + T-4 Return,4,-0.046170076220839684,-0.04629553021527366,0.0001254539944339772,1pt
7d,Mean + Std + Skewness + T-4 Return,4,-0.11049648635195308,-0.1106175874524089,0.00012110110045582267,1pt
7d,Skewness + T-3 Return + T-4 Return,3,-0.048335660330632635,-0.048456575302055604,0.00012091497142296959,1pt
7d,Std + Skewness + Median + VIX,4,-0.11871619419103596,-0.1188368050605082,0.00012061086947223743,1pt
7d,Std + Skewness + T-3 Return + T-4 Return,4,-0.05162320561237599,-0.051741916058851034,0.00011871044647504547,1pt
7d,Mean + Skewness + T-4 Return,3,-0.03814046420971651,-0.03825755217599491,0.00011708796627840634,1pt
7d,Skewness + Median + T-4 Return,3,-0.038600156769150296,-0.03871628273240346,0.00011612596325316638,1pt
7d,Std + Median + VIX + T-1 Return,4,-0.1116879915246598,-0.11180346972805677,0.00011547820339696813,1pt
7d,Std + Median + VIX,3,-0.11552687404718553,-0.11564136353214649,0.00011448948496095568,1pt
7d,Std + Median + VIX + T-4 Return,4,-0.12677083323523664,-0.12688497078606598,0.00011413755082934074,1pt
7d,Std + Median + Fear and Greed Index + VIX,4,-0.09830496498425623,-0.09841829684987458,0.00011333186561834907,1pt
7d,Std + Median + VIX + T-2 Return,4,-0.11946966345848775,-0.11958208717958363,0.00011242372109587784,1pt
7d,Std + Median + T-1 Return + T-2 Return,4,-0.09663512173881461,-0.09674704910247511,0.00011192736366050227,1pt
7d,Std + Median + T-1 Return,3,-0.09503628328002311,-0.09514805114796743,0.00011176786794431237,1pt
7d,Std + Median + T-2 Return + T-4 Return,4,-0.11335876711954773,-0.11347016069897475,0.00011139357942702155,1pt
7d,Std + Median + T-1 Return + T-4 Return,4,-0.10718198521743583,-0.10729336689765723,0.00011138168022140071,1pt
7d,Std + Median + T-2 Return,3,-0.10084434751602322,-0.10095560140005277,0.00011125388402954961,1pt
7d,Std + Median,2,-0.09917207100042824,-0.09928307364040934,0.00011100263998109483,1pt
7d,Std + Median + T-4 Return,3,-0.1113290866573533,-0.1114397958514699,0.0001107091941165983,1pt
7d,Mean + Skewness + T-1 Return + T-4 Return,4,-0.03732975486015078,-0.03743993194288975,0.00011017708273897142,1pt
7d,Std + Median + VIX + T-3 Return,4,-0.14843678124646442,-0.1485469429711832,0.0001101617247187825,1pt
7d,Skewness + Median + T-1 Return + T-4 Return,4,-0.03778997474252033,-0.037899116231302044,0.00010914148878171659,1pt
7d,Std + Median + Fear and Greed Index + T-4 Return,4,-0.10261678115913675,-0.10272559639570278,0.00010881523656602887,1pt
7d,Std + Median + Fear and Greed Index + T-1 Return,4,-0.0931995296660324,-0.0933080134206401,0.00010848375460770221,1pt
7d,Std + Median + Fear and Greed Index,3,-0.09166001709785876,-0.09176816471770044,0.00010814761984168086,1pt
7d,Std + Median + T-1 Return + T-3 Return,4,-0.12553995706894838,-0.12564796258191357,0.00010800551296519245,1pt
7d,Std + Median + T-3 Return + T-4 Return,4,-0.144207108232993,-0.1443149309991043,0.00010782276611132069,1pt
7d,Std + Median + T-2 Return + T-3 Return,4,-0.13226457150229876,-0.13237197766206443,0.00010740615976567724,1pt
7d,Std + Median + T-3 Return,3,-0.13057850158714834,-0.13068557898599265,0.0001070773988443019,1pt
7d,Std + Skewness + Median + T-4 Return,4,-0.11492028967638368,-0.11502726645370709,0.00010697677732340871,1pt
7d,Std + Median + Fear and Greed Index + T-2 Return,4,-0.0879015986409426,-0.08800722655145132,0.000105627910508721,1pt
7d,Mean + Std + VIX + T-1 Return,4,-0.10621795596709993,-0.10632220758348221,0.0001042516163822782,1pt
7d,Mean + Std + VIX + T-4 Return,4,-0.12190283152524706,-0.12200653187545574,0.00010370035020867974,1pt
7d,Mean + Std + VIX,3,-0.10999129132643448,-0.11009450123322284,0.00010320990678835962,1pt
7d,Mean + Std + Fear and Greed Index + VIX,4,-0.09365584141578043,-0.09375823047973642,0.00010238906395598768,1pt
7d,Std + Median + Fear and Greed Index + T-3 Return,4,-0.12960313048497674,-0.12970469023748388,0.000101559752507141,1pt
7d,Mean + Std + VIX + T-2 Return,4,-0.11378076215604516,-0.11388205909116156,0.0001012969351164017,1pt
7d,Mean + Std + T-2 Return + T-4 Return,4,-0.10892956185121516,-0.10903084217764247,0.000101280326427311,1pt
7d,Mean + Std + T-1 Return + T-4 Return,4,-0.10282160204936686,-0.10292285259388967,0.0001012505445228129,1pt
7d,Mean + Std + T-1 Return + T-2 Return,4,-0.09159554095489297,-0.09169652121775207,0.00010098026285909611,1pt
7d,Mean + Std + T-1 Return,3,-0.08998994645205549,-0.09009067077001154,0.00010072431795604686,1pt
7d,Mean + Std + T-4 Return,3,-0.10686374564258982,-0.10696421841323023,0.00010047277064040294,1pt
7d,Mean + Std + T-2 Return,3,-0.09574312019114939,-0.09584337534434217,0.00010025515319278533,1pt
7d,Mean + Std,2,-0.09406309394227752,-0.09416299768332048,9.990374104296151e-05,1pt
7d,Mean + Std + VIX + T-3 Return,4,-0.1423660716171411,-0.1424650197067059,9.894808956478762e-05,1pt
7d,Mean + Std + Fear and Greed Index + T-4 Return,4,-0.09876189301512128,-0.09886066638587687,9.877337075558934e-05,1pt
7d,Skewness + VIX + T-3 Return + T-4 Return,4,-0.05279606714583496,-0.052894582026881354,9.85148810463965e-05,1pt
7d,Mean + Std + Fear and Greed Index + T-1 Return,4,-0.08900257175746096,-0.08910044400589046,9.787224842949804e-05,1pt
7d,Mean + Std + T-3 Return + T-4 Return,4,-0.13932880980984708,-0.13942644146677075,9.763165692366904e-05,1pt
7d,Mean + Std + Fear and Greed Index,3,-0.08748814228137336,-0.08758572404501108,9.758176363772186e-05,1pt
7d,Mean + Std + T-1 Return + T-3 Return,4,-0.1199970210559882,-0.12009397554533274,9.695448934454731e-05,1pt
7d,Mean + Std + T-2 Return + T-3 Return,4,-0.126697119539958,-0.12679355147417737,9.643193421937646e-05,1pt
7d,Mean + Std + T-3 Return,3,-0.125003588824123,-0.12509957704132413,9.598821720113726e-05,1pt
7d,Mean + Std + Fear and Greed Index + T-2 Return,4,-0.08376283082603919,-0.0838579805536952,9.51497276560076e-05,1pt
7d,Skewness + T-2 Return + T-3 Return + T-4 Return,4,-0.0501056613209403,-0.05019983344717338,9.417212623308302e-05,1pt
7d,Mean + Std + Fear and Greed Index + T-3 Return,4,-0.12536540406679775,-0.1254568052631262,9.140119632844446e-05,1pt
7d,Mean + Skewness + T-2 Return + T-4 Return,4,-0.040855788930235226,-0.04094297943191738,8.719050168215503e-05,1pt
7d,Skewness + Median + T-2 Return + T-4 Return,4,-0.04133603839625444,-0.04142209736287472,8.605896662028378e-05,1pt
7d,Std + Skewness + T-4 Return,3,-0.0251516128964564,-0.025225246649942745,7.363375348634627e-05,1pt
7d,Std + Skewness + T-1 Return + T-4 Return,4,-0.0237765626904185,-0.023849820235169128,7.325754475062674e-05,1pt
7d,Skewness + T-4 Return,2,-0.02296142357319164,-0.023030266382018993,6.884280882735183e-05,1pt
7d,Std + Skewness + Fear and Greed Index + T-2 Return,4,-0.012654047370256105,-0.012720925973834563,6.687860357845743e-05,1pt
7d,Mean + Skewness + VIX + T-4 Return,4,-0.048536377308220136,-0.04860226297539327,6.588566717313782e-05,1pt
7d,Skewness + T-1 Return + T-4 Return,3,-0.02235176553481355,-0.0224172918232024,6.552628838885077e-05,1pt
7d,Skewness + Median + VIX + T-4 Return,4,-0.04920076680850127,-0.049263879961729984,6.311315322871103e-05,1pt
7d,Mean + Skewness + Fear and Greed Index + T-2 Return,4,-0.029057939672288313,-0.029120224117872517,6.22844455842042e-05,1pt
7d,Std + Skewness + Fear and Greed Index + T-1 Return,4,-0.01497371109747414,-0.01503543546853403,6.172437105989026e-05,1pt
7d,Std + Skewness + VIX + T-4 Return,4,-0.032501036006860495,-0.032562426272487954,6.139026562745897e-05,1pt
7d,Skewness + Median + Fear and Greed Index + T-2 Return,4,-0.029688735035885427,-0.029748062620930105,5.932758504467728e-05,1pt
7d,Skewness + Fear and Greed Index + T-1 Return + T-2 Return,4,-0.016046910001598746,-0.016103374592502107,5.646459090336009e-05,1pt
7d,Std + Skewness + Fear and Greed Index + VIX,4,-0.01591100977385196,-0.01596684092681988,5.583115296792229e-05,1pt
7d,Std + Skewness + T-2 Return + T-4 Return,4,-0.027350276298137244,-0.027404440171719058,5.416387358181396e-05,1pt
7d,Skewness + VIX + T-4 Return,3,-0.0274800809659399,-0.027533387543623666,5.33065776837649e-05,1pt
7d,Std + Skewness + Fear and Greed Index,3,-0.014254906871187911,-0.014307277839842092,5.237096865418067e-05,1pt
7d,Mean + Skewness + Fear and Greed Index + T-1 Return,4,-0.03280881508580169,-0.03286061051783151,5.179543202982195e-05,1pt
7d,Skewness + VIX + T-1 Return + T-4 Return,4,-0.027028185877770117,-0.02707970222828382,5.1516350513702847e-05,1pt
7d,Skewness + T-1 Return + T-2 Return + T-4 Return,4,-0.024344274699990676,-0.024395194221130456,5.09195211397806e-05,1pt
7d,Skewness + Median + Fear and Greed Index + T-1 Return,4,-0.03345300864909406,-0.033501710812905205,4.8702163811142896e-05,1pt
7d,Skewness + T-2 Return + T-4 Return,3,-0.0247654785225786,-0.024813504264766806,4.802574218820688e-05,1pt
7d,Skewness + Fear and Greed Index + T-1 Return,3,-0.0160401815601543,-0.016087752418913137,4.75708587588386e-05,1pt
7d,Skewness + Fear and Greed Index + T-2 Return,3,-0.015395211789077656,-0.01544086859062066,4.565680154300367e-05,1pt
7d,Skewness + Fear and Greed Index + VIX + T-1 Return,4,-0.01755676573802889,-0.01760221186159172,4.5446123562831175e-05,1pt
7d,Mean + Skewness + Fear and Greed Index,3,-0.03158159527117266,-0.03162578921919246,4.419394801979948e-05,1pt
7d,Skewness + Median + Fear and Greed Index,3,-0.03221233377620947,-0.032253547463078514,4.121368686904603e-05,1pt
7d,Skewness + VIX + T-2 Return + T-4 Return,4,-0.03069533390216206,-0.030734502494277116,3.916859211505752e-05,1pt
7d,Skewness + Fear and Greed Index + VIX + T-2 Return,4,-0.01664832925718107,-0.016687365426385492,3.9036169204420545e-05,1pt
7d,Skewness + Fear and Greed Index,2,-0.016379742081700233,-0.016415631168626987,3.588908692675474e-05,1pt
7d,Skewness + Fear and Greed Index + VIX,3,-0.016689793328503733,-0.016723342247106254,3.354891860252174e-05,1pt
7d,Mean + Skewness + Fear and Greed Index + VIX,4,-0.035954659096207875,-0.035986106059844536,3.1446963636660996e-05,1pt
7d,Skewness + Median + Fear and Greed Index + VIX,4,-0.03671801963161281,-0.036746091470664766,2.8071839051957426e-05,1pt
7d,Std + Skewness + Fear and Greed Index + T-3 Return,4,-0.05161339727926806,-0.05164089514882453,2.7497869556469823e-05,1pt
7d,Skewness + Fear and Greed Index + T-1 Return + T-3 Return,4,-0.054492530649047355,-0.054512807283098486,2.027663405113067e-05,1pt
7d,Mean + Skewness + Fear and Greed Index + T-3 Return,4,-0.0681158522945089,-0.0681346727267389,1.8820432230004513e-05,1pt
7d,Skewness + Median + Fear and Greed Index + T-3 Return,4,-0.06876168445478359,-0.06877748981198395,1.5805357200360248e-05,1pt
7d,Skewness + Fear and Greed Index + T-2 Return + T-3 Return,4,-0.05325878929751937,-0.05327189753812167,1.3108240602299759e-05,1pt
7d,Skewness + Fear and Greed Index + T-3 Return,3,-0.0533941133898872,-0.053404666527186784,1.0553137299584847e-05,1pt
7d,Std + VIX + T-1 Return + T-3 Return,4,-0.031331533394043154,-0.031341146452296575,9.613058253421514e-06,1pt
7d,Std + VIX + T-2 Return + T-3 Return,4,-0.03727095156541749,-0.03728038318977056,9.431624353073431e-06,1pt
7d,Std + VIX + T-3 Return,3,-0.034666415968386266,-0.03467570888863025,9.292920243986202e-06,1pt
7d,Std + T-1 Return + T-3 Return,3,-0.024107814239281433,-0.024116514677229972,8.70043794853892e-06,1pt
7d,Std + VIX + T-1 Return + T-2 Return,4,-0.010956507997607279,-0.010965133091658918,8.625094051639692e-06,1pt
7d,Std + VIX + T-1 Return,3,-0.008293427938818043,-0.00830196680216333,8.53886334528653e-06,1pt
7d,Std + VIX + T-2 Return,3,-0.013037833051020575,-0.013046367873530862,8.534822510286588e-06,1pt
7d,Std + VIX + T-3 Return + T-4 Return,4,-0.05525833012288417,-0.05526680723643551,8.47711355134173e-06,1pt
7d,Std + VIX,2,-0.010307097203910986,-0.01031549901893225,8.401815021263914e-06,1pt
7d,Std + T-3 Return,2,-0.027488259204530907,-0.027496504477790618,8.245273259710473e-06,1pt
7d,Std + T-1 Return + T-2 Return + T-3 Return,4,-0.02570741488981909,-0.025715628210142727,8.213320323635642e-06,1pt
7d,Std + T-2 Return + T-3 Return,3,-0.02916032027508142,-0.029168118135740162,7.79786065874255e-06,1pt
7d,Std + T-1 Return + T-3 Return + T-4 Return,4,-0.04478744822071756,-0.04479497049360659,7.522272889026738e-06,1pt
7d,Std + T-1 Return,2,-0.0010016162727053413,-0.001009048995469053,7.432722763711652e-06,1pt
7d,Std + T-3 Return + T-4 Return,3,-0.04782964665213596,-0.04783683986585108,7.193213715117608e-06,1pt
7d,Std + VIX + T-2 Return + T-4 Return,4,-0.032527772554603596,-0.032534951187471295,7.178632867699264e-06,1pt
7d,Std,1,-0.0030440933527560166,-0.0030512104352922176,7.117082536201025e-06,1pt
7d,Std + VIX + T-4 Return,3,-0.02908746639140669,-0.029094529339312114,7.062947905422945e-06,1pt
7d,Std + VIX + T-1 Return + T-4 Return,4,-0.02768214138057523,-0.02768911066886881,6.969288293579012e-06,1pt
7d,Std + T-1 Return + T-2 Return,3,-0.0025960160312878955,-0.0026029226600607913,6.906628772895829e-06,1pt
7d,Std + Fear and Greed Index + VIX + T-3 Return,4,-0.049642721327357364,-0.0496495845923568,6.863264999434904e-06,1pt
7d,Std + Fear and Greed Index + VIX,3,-0.013085218321853276,-0.013091864267077424,6.6459452241485195e-06,1pt
7d,Std + T-2 Return,2,-0.004709149897213827,-0.0047157761892402394,6.626292026412628e-06,1pt
7d,Std + Fear and Greed Index + VIX + T-2 Return,4,-0.013493757140999874,-0.013500353194751957,6.596053752083719e-06,1pt
7d,Std + T-2 Return + T-3 Return + T-4 Return,4,-0.049977602302156976,-0.04998413274854685,6.5304463898741005e-06,1pt
7d,Std + Fear and Greed Index + VIX + T-1 Return,4,-0.014970786520627,-0.014977282263676006,6.495743049006464e-06,1pt
7d,Std + Fear and Greed Index + VIX + T-4 Return,4,-0.02626459047324392,-0.026270752898402083,6.1624251581626766e-06,1pt
7d,Std + T-1 Return + T-4 Return,3,-0.020150525759502935,-0.020156161531373673,5.635771870737827e-06,1pt
7d,Std + T-4 Return,2,-0.02156801877522696,-0.021573534874750777,5.51609952381682e-06,1pt
7d,Std + T-1 Return + T-2 Return + T-4 Return,4,-0.022224359521422432,-0.02222917777341893,4.81825199649677e-06,1pt
7d,Std + T-2 Return + T-4 Return,3,-0.023684341337366854,-0.023689103659486843,4.762322119988838e-06,1pt
7d,Skewness + Fear and Greed Index + VIX + T-3 Return,4,-0.053410254187309825,-0.05341436976574765,4.1155784378243965e-06,1pt
7d,Std + Fear and Greed Index + T-2 Return + T-3 Return,4,-0.04829847064900328,-0.048302544611041,4.073962037720591e-06,1pt
7d,Std + Fear and Greed Index + T-3 Return,3,-0.048939625893198,-0.048943660322583904,4.0344293859018165e-06,1pt
7d,Std + Fear and Greed Index + T-1 Return + T-2 Return,4,-0.012811688602786253,-0.012815715274011819,4.026671225565437e-06,1pt
7d,Std + Fear and Greed Index + T-2 Return,3,-0.01074697260636559,-0.010750925408378187,3.9528020125967345e-06,1pt
7d,Std + Fear and Greed Index + T-1 Return,3,-0.013237862595329997,-0.013241752518242889,3.889922912891919e-06,1pt
7d,Std + Fear and Greed Index,2,-0.012187407309018461,-0.012191263945538822,3.856636520360723e-06,1pt
7d,Std + Fear and Greed Index + T-1 Return + T-4 Return,4,-0.026998281410957503,-0.027002049271900086,3.767860942582857e-06,1pt
7d,Std + Fear and Greed Index + T-3 Return + T-4 Return,4,-0.06103624144537023,-0.06103985161519665,3.6101698264179305e-06,1pt
7d,Std + Fear and Greed Index + T-1 Return + T-3 Return,4,-0.051885338067814146,-0.05188894522234633,3.6071545321814114e-06,1pt
7d,Std + Fear and Greed Index + T-2 Return + T-4 Return,4,-0.023110566342856798,-0.023114124153790883,3.557810934085026e-06,1pt
7d,Std + Fear and Greed Index + T-4 Return,3,-0.025296546858110558,-0.025299909894727524,3.3630366169656867e-06,1pt
7d,Median,1,-0.012707987329646064,-0.012707987329646064,0.0,tie
7d,VIX + T-1 Return + T-3 Return + T-4 Return,4,-0.047169615760158434,-0.047169615760158434,0.0,tie
7d,Fear and Greed Index + VIX + T-2 Return + T-4 Return,4,-0.026045961769533443,-0.026045961769533443,0.0,tie
7d,Fear and Greed Index + VIX + T-1 Return + T-3 Return,4,-0.052917746537754606,-0.052917746537754606,0.0,tie
7d,Fear and Greed Index + VIX + T-1 Return + T-4 Return,4,-0.027972353954895945,-0.027972353954895945,0.0,tie
7d,Fear and Greed Index,1,-0.013716319008823863,-0.013716319008823863,0.0,tie
7d,VIX,1,-0.004702411664867956,-0.004702411664867956,0.0,tie
7d,T-1 Return,1,0.0011534246593331021,0.0011534246593331021,0.0,tie
7d,T-2 Return,1,-0.0013827690365166845,-0.0013827690365166845,0.0,tie
7d,T-3 Return,1,-0.02241061970761371,-0.02241061970761371,0.0,tie
7d,Median + T-2 Return + T-4 Return,3,-0.03754890247580156,-0.03754890247580156,0.0,tie
7d,Fear and Greed Index + VIX + T-2 Return,3,-0.013616289653606728,-0.013616289653606728,0.0,tie
7d,Fear and Greed Index + VIX + T-1 Return,3,-0.014698392103277946,-0.014698392103277946,0.0,tie
7d,T-1 Return + T-3 Return + T-4 Return,3,-0.04246741569026713,-0.04246741569026713,0.0,tie
7d,T-1 Return + T-2 Return + T-4 Return,3,-0.02042953760628774,-0.02042953760628774,0.0,tie
7d,VIX + T-2 Return + T-4 Return,3,-0.02723583220476633,-0.02723583220476633,0.0,tie
7d,VIX + T-3 Return + T-4 Return,3,-0.04909933535331312,-0.04909933535331312,0.0,tie
7d,Fear and Greed Index + VIX + T-4 Return,3,-0.026240491676754907,-0.026240491676754907,0.0,tie
7d,Fear and Greed Index + T-1 Return + T-2 Return,3,-0.013765670986626954,-0.013765670986626954,0.0,tie
7d,Median + T-2 Return + T-3 Return,3,-0.03573487908757378,-0.03573487908757378,0.0,tie
7d,Median + T-3 Return + T-4 Return,3,-0.05780325591119606,-0.05780325591119606,0.0,tie
7d,Fear and Greed Index + VIX + T-2 Return + T-3 Return,4,-0.05032535090905821,-0.05032535090905821,0.0,tie
7d,T-4 Return,1,-0.01931895200363476,-0.01931895200363476,0.0,tie
7d,Median + T-1 Return + T-3 Return + T-4 Return,4,-0.05567964302067274,-0.05567964302067274,0.0,tie
7d,Median + T-2 Return + T-3 Return + T-4 Return,4,-0.06072519592501435,-0.06072519592501435,0.0,tie
7d,Fear and Greed Index + VIX + T-1 Return + T-2 Return,4,-0.01538662999092022,-0.01538662999092022,0.0,tie
7d,Fear and Greed Index + T-1 Return + T-2 Return + T-3 Return,4,-0.05327050109079012,-0.05327050109079012,0.0,tie
7d,Fear and Greed Index + T-2 Return + T-3 Return + T-4 Return,4,-0.06046357997641416,-0.06046357997641416,0.0,tie
7d,VIX + T-1 Return + T-2 Return + T-3 Return,4,-0.027326742073474852,-0.027326742073474852,0.0,tie
7d,VIX + T-1 Return + T-2 Return + T-4 Return,4,-0.026634327260348645,-0.026634327260348645,0.0,tie
7d,VIX + T-2 Return + T-3 Return + T-4 Return,4,-0.052143988110373796,-0.052143988110373796,0.0,tie
7d,Fear and Greed Index + VIX + T-3 Return + T-4 Return,4,-0.06152673871804715,-0.06152673871804715,0.0,tie
7d,Fear and Greed Index + T-1 Return + T-2 Return + T-4 Return,4,-0.026948360556276807,-0.026948360556276807,0.0,tie
7d,Fear and Greed Index + T-1 Return + T-3 Return + T-4 Return,4,-0.0625279880687013,-0.0625279880687013,0.0,tie
7d,Fear and Greed Index + T-2 Return + T-3 Return,3,-0.05010152650461386,-0.05010152650461386,0.0,tie
7d,Fear and Greed Index + T-2 Return + T-4 Return,3,-0.02484115070962667,-0.02484115070962667,0.0,tie
7d,Fear and Greed Index + T-1 Return + T-3 Return,3,-0.05158834715802074,-0.05158834715802074,0.0,tie
7d,Fear and Greed Index + T-1 Return + T-4 Return,3,-0.027044049825932115,-0.027044049825932115,0.0,tie
7d,Fear and Greed Index + T-3 Return + T-4 Return,3,-0.061850578237867326,-0.061850578237867326,0.0,tie
7d,VIX + T-1 Return + T-2 Return,3,-0.005949270230815928,-0.005949270230815928,0.0,tie
7d,Median + VIX + T-4 Return,3,-0.04563391560659502,-0.04563391560659502,0.0,tie
7d,Median + VIX + T-1 Return,3,-0.0229085927416115,-0.0229085927416115,0.0,tie
7d,Median + VIX + T-1 Return + T-3 Return,4,-0.04300651378534037,-0.04300651378534037,0.0,tie
7d,Median + VIX + T-1 Return + T-4 Return,4,-0.045378281256457154,-0.045378281256457154,0.0,tie
7d,Median + VIX + T-2 Return + T-3 Return,4,-0.0481617086697248,-0.0481617086697248,0.0,tie
7d,Median + VIX + T-2 Return + T-4 Return,4,-0.049048877947425185,-0.049048877947425185,0.0,tie
7d,Median + VIX + T-3 Return + T-4 Return,4,-0.06918171156066788,-0.06918171156066788,0.0,tie
7d,Median + Fear and Greed Index + T-2 Return + T-4 Return,4,-0.04027227934806987,-0.04027227934806987,0.0,tie
7d,Median + Fear and Greed Index + T-3 Return + T-4 Return,4,-0.07834127561585746,-0.07834127561585746,0.0,tie
7d,Median + VIX + T-1 Return + T-2 Return,4,-0.025743235746010118,-0.025743235746010118,0.0,tie
7d,Median + T-1 Return + T-2 Return + T-4 Return,4,-0.036789650834927023,-0.036789650834927023,0.0,tie
7d,Median + T-1 Return + T-2 Return + T-3 Return,4,-0.03293989104746209,-0.03293989104746209,0.0,tie
7d,T-1 Return + T-2 Return + T-3 Return + T-4 Return,4,-0.044193900073043135,-0.044193900073043135,0.0,tie
7d,Fear and Greed Index + T-1 Return,2,-0.013690556622899086,-0.013690556622899086,0.0,tie
7d,Median + T-4 Return,2,-0.034738847728938094,-0.034738847728938094,0.0,tie
7d,VIX + T-1 Return,2,-0.0035815110189238997,-0.0035815110189238997,0.0,tie
7d,Fear and Greed Index + T-4 Return,2,-0.02633541175535825,-0.02633541175535825,0.0,tie
7d,VIX + T-3 Return,2,-0.027392208267972507,-0.027392208267972507,0.0,tie
7d,Median + Fear and Greed Index + VIX + T-4 Return,4,-0.04711831149660739,-0.04711831149660739,0.0,tie
7d,Median + Fear and Greed Index + T-1 Return + T-2 Return,4,-0.030692074863874153,-0.030692074863874153,0.0,tie
7d,Median + Fear and Greed Index + T-1 Return + T-3 Return,4,-0.07072357045909694,-0.07072357045909694,0.0,tie
7d,Median + Fear and Greed Index + T-1 Return + T-4 Return,4,-0.045478971384103284,-0.045478971384103284,0.0,tie
7d,Median + Fear and Greed Index + T-2 Return + T-3 Return,4,-0.06444535027388731,-0.06444535027388731,0.0,tie
7d,Median + Fear and Greed Index + VIX + T-1 Return,4,-0.035807739116789916,-0.035807739116789916,0.0,tie
7d,Median + Fear and Greed Index + VIX + T-3 Return,4,-0.06938913219375387,-0.06938913219375387,0.0,tie
7d,Median + Fear and Greed Index + VIX + T-2 Return,4,-0.03506258127314332,-0.03506258127314332,0.0,tie
7d,Median + VIX,2,-0.023984469306772338,-0.023984469306772338,0.0,tie
7d,Median + Fear and Greed Index,2,-0.030434322942488823,-0.030434322942488823,0.0,tie
7d,T-2 Return + T-3 Return,2,-0.023889005408064934,-0.023889005408064934,0.0,tie
7d,Median + T-1 Return,2,-0.011250661977367793,-0.011250661977367793,0.0,tie
7d,T-1 Return + T-4 Return,2,-0.018859945472141648,-0.018859945472141648,0.0,tie
7d,Median + T-3 Return,2,-0.033535589460834014,-0.033535589460834014,0.0,tie
7d,Median + T-2 Return,2,-0.014852946656681132,-0.014852946656681132,0.0,tie
7d,T-3 Return + T-4 Return,2,-0.04437664896104798,-0.04437664896104798,0.0,tie
7d,Median + T-1 Return + T-2 Return,3,-0.013270005572437293,-0.013270005572437293,0.0,tie
7d,Median + VIX + T-2 Return,3,-0.026883250456929852,-0.026883250456929852,0.0,tie
7d,Median + T-1 Return + T-4 Return,3,-0.03408816793641378,-0.03408816793641378,0.0,tie
7d,Median + T-1 Return + T-3 Return,3,-0.030866247878730046,-0.030866247878730046,0.0,tie
7d,Median + VIX + T-3 Return,3,-0.04534742984401885,-0.04534742984401885,0.0,tie
7d,Fear and Greed Index + VIX,2,-0.013565217382487171,-0.013565217382487171,0.0,tie
7d,Fear and Greed Index + T-2 Return,2,-0.012831160571039169,-0.012831160571039169,0.0,tie
7d,Fear and Greed Index + T-3 Return,2,-0.05018908008740208,-0.05018908008740208,0.0,tie
7d,Fear and Greed Index + VIX + T-3 Return,3,-0.049839553751277244,-0.049839553751277244,0.0,tie
7d,VIX + T-1 Return + T-3 Return,3,-0.025070632928688497,-0.025070632928688497,0.0,tie
7d,Median + Fear and Greed Index + VIX,3,-0.03381520964363616,-0.03381520964363616,0.0,tie
7d,VIX + T-1 Return + T-4 Return,3,-0.023552149176495396,-0.023552149176495396,0.0,tie
7d,Median + Fear and Greed Index + T-2 Return,3,-0.028135450002104045,-0.028135450002104045,0.0,tie
7d,Median + Fear and Greed Index + T-3 Return,3,-0.06631943353735648,-0.06631943353735648,0.0,tie
7d,Median + Fear and Greed Index + T-4 Return,3,-0.04351771446560404,-0.04351771446560404,0.0,tie
7d,Median + Fear and Greed Index + T-1 Return,3,-0.031981308950044474,-0.031981308950044474,0.0,tie
7d,T-1 Return + T-2 Return,2,-8.647234185144015e-05,-8.647234185144015e-05,0.0,tie
7d,VIX + T-4 Return,2,-0.024054133148715184,-0.024054133148715184,0.0,tie
7d,T-1 Return + T-3 Return,2,-0.0200453443018882,-0.0200453443018882,0.0,tie
7d,VIX + T-2 Return,2,-0.007171211725237603,-0.007171211725237603,0.0,tie
7d,T-2 Return + T-4 Return,2,-0.021025379485012596,-0.021025379485012596,0.0,tie
7d,T-2 Return + T-3 Return + T-4 Return,3,-0.04625034166415709,-0.04625034166415709,0.0,tie
7d,T-1 Return + T-2 Return + T-3 Return,3,-0.021373364855135746,-0.021373364855135746,0.0,tie
7d,VIX + T-2 Return + T-3 Return,3,-0.0297404594394155,-0.0297404594394155,0.0,tie
7d,Mean + T-3 Return,2,-0.03316435156503017,-0.03316396096460328,-3.9060042689165186e-07,2pt
7d,Mean + T-1 Return + T-3 Return,3,-0.0304876006192889,-0.030487197107073927,-4.035122149748105e-07,2pt
7d,Mean + T-2 Return + T-3 Return,3,-0.03534329753856169,-0.03534288109819039,-4.1644037129806577e-07,2pt
7d,Mean + T-1 Return + T-2 Return + T-3 Return,4,-0.032542230595517196,-0.032541801569758055,-4.290257591410551e-07,2pt
7d,Mean + T-3 Return + T-4 Return,3,-0.057389788287844246,-0.057389306648456095,-4.816393881501568e-07,2pt
7d,Mean + T-1 Return + T-3 Return + T-4 Return,4,-0.055259612041482775,-0.05525911015440177,-5.018870810058473e-07,2pt
7d,Mean,1,-0.012258245529302103,-0.01225773347957193,-5.120497301724924e-07,2pt
7d,Mean + T-2 Return + T-3 Return + T-4 Return,4,-0.060291420822728536,-0.06029090585194097,-5.149707875684584e-07,2pt
7d,Mean + T-1 Return,2,-0.010797283899214527,-0.010796759686160229,-5.242130542981727e-07,2pt
7d,Mean + T-2 Return,2,-0.014385294706676044,-0.014384756254959497,-5.384517165474278e-07,2pt
7d,Mean + T-1 Return + T-2 Return,3,-0.012800024343495808,-0.012799474198942118,-5.501445536904015e-07,2pt
7d,Mean + VIX + T-3 Return,3,-0.044696803800536866,-0.044696235426773256,-5.683737636097419e-07,2pt
7d,Mean + VIX + T-2 Return + T-3 Return,4,-0.04749344581541415,-0.04749287536151492,-5.704538992290509e-07,2pt
7d,Mean + VIX + T-1 Return + T-3 Return,4,-0.042341403024678925,-0.04234080962374387,-5.934009350561098e-07,2pt
7d,Mean + T-4 Return,2,-0.03426156552725934,-0.034260959173803895,-6.063534554456851e-07,2pt
7d,Mean + VIX + T-3 Return + T-4 Return,4,-0.0685413900759142,-0.06854077235363887,-6.177222753311895e-07,2pt
7d,Mean + T-1 Return + T-4 Return,3,-0.03360896827067461,-0.03360834202096452,-6.262497100895104e-07,2pt
7d,Mean + T-2 Return + T-4 Return,3,-0.03705482129366122,-0.037054180816282756,-6.404773784662865e-07,2pt
7d,Mean + T-1 Return + T-2 Return + T-4 Return,4,-0.036295440455356376,-0.03629478027894195,-6.60176414424285e-07,2pt
7d,Mean + VIX,2,-0.02328564219169249,-0.023284962665817366,-6.795258751246536e-07,2pt
7d,Mean + VIX + T-2 Return,3,-0.02616826864461319,-0.02616758699271582,-6.816518973717933e-07,2pt
7d,Mean + VIX + T-1 Return,3,-0.02219725488676838,-0.022196548924354964,-7.059624134164721e-07,2pt
7d,Mean + VIX + T-1 Return + T-2 Return,4,-0.025013680572159247,-0.025012971347251778,-7.092249074691637e-07,2pt
7d,Mean + VIX + T-2 Return + T-4 Return,4,-0.04836556961880456,-0.04836483554758586,-7.340712186998388e-07,2pt
7d,Mean + VIX + T-4 Return,3,-0.044955050679410746,-0.04495431601436661,-7.346650441331093e-07,2pt
7d,Mean + VIX + T-1 Return + T-4 Return,4,-0.044691102794347515,-0.04469033548399737,-7.67310350147099e-07,2pt
7d,Mean + Fear and Greed Index + T-3 Return + T-4 Return,4,-0.07775893991787353,-0.07775798797987377,-9.519379997602329e-07,2pt
7d,Mean + Fear and Greed Index + T-3 Return,3,-0.06568213690722824,-0.06568114743952669,-9.8946770155095e-07,2pt
7d,Mean + Fear and Greed Index + T-1 Return + T-4 Return,4,-0.04488980611414517,-0.04488881083981888,-9.95274326287543e-07,2pt
7d,Mean + Fear and Greed Index + T-2 Return + T-4 Return,4,-0.03969039980675659,-0.03968940438682367,-9.95419932925401e-07,2pt
7d,Mean + Fear and Greed Index + T-4 Return,3,-0.04293603829164283,-0.04293504223764244,-9.960540003906004e-07,2pt
7d,Mean + Fear and Greed Index + VIX + T-3 Return,4,-0.06866765778419026,-0.06866666052035986,-9.97263830404549e-07,2pt
7d,Mean + Fear and Greed Index + T-2 Return + T-3 Return,4,-0.06379970206734886,-0.06379870371965213,-9.983476967345695e-07,2pt
7d,Mean + Fear and Greed Index + VIX + T-4 Return,4,-0.04644553959203512,-0.046444522041043435,-1.0175509916887648e-06,2pt
7d,Mean + Fear and Greed Index,2,-0.02979608643993914,-0.029795051958169783,-1.0344817693574981e-06,2pt
7d,Mean + Fear and Greed Index + T-2 Return,3,-0.02749143724664549,-0.027490395554209623,-1.0416924358658264e-06,2pt
7d,Mean + Fear and Greed Index + T-1 Return + T-3 Return,4,-0.07004325804499678,-0.07004221236406205,-1.045680934730342e-06,2pt
7d,Mean + Fear and Greed Index + T-1 Return,3,-0.03132766541784071,-0.031326614797319685,-1.0506205210258912e-06,2pt
7d,Mean + Fear and Greed Index + VIX,3,-0.033085753209464386,-0.03308469648345547,-1.056726008918929e-06,2pt
7d,Mean + Fear and Greed Index + T-1 Return + T-2 Return,4,-0.030031155805873233,-0.03003009285304037,-1.0629528328642834e-06,2pt
7d,Mean + Fear and Greed Index + VIX + T-1 Return,4,-0.03506745007975853,-0.0350663776558271,-1.0724239314363615e-06,2pt
7d,Mean + Fear and Greed Index + VIX + T-2 Return,4,-0.03426208059634006,-0.034260965951266265,-1.1146450737964386e-06,2pt
7d,Mean + Std + Skewness + Kurtosis,4,-0.10131332396538806,-0.10130050950393343,-1.2814461454624393e-05,2pt
7d,Skewness + Fear and Greed Index + T-2 Return + T-4 Return,4,-0.028099793231932235,-0.028084173395767964,-1.5619836164271206e-05,2pt
7d,Std + Skewness + Fear and Greed Index + T-4 Return,4,-0.028082928348968528,-0.02806459857469923,-1.8329774269298937e-05,2pt
7d,Skewness + Fear and Greed Index + T-1 Return + T-4 Return,4,-0.030034098556337208,-0.030014717691006387,-1.9380865330820285e-05,2pt
7d,Mean + Skewness + Fear and Greed Index + T-4 Return,4,-0.045529165471200006,-0.0455004490258577,-2.8716445342302777e-05,2pt
7d,Skewness + Fear and Greed Index + T-4 Return,3,-0.029655001634496303,-0.029625758973724103,-2.9242660772199613e-05,2pt
7d,Skewness + Median + Fear and Greed Index + T-4 Return,4,-0.04613587489728532,-0.046104225092530315,-3.164980475500734e-05,2pt
7d,Mean + Kurtosis + Fear and Greed Index + T-4 Return,4,-0.04570781153742809,-0.04567549549034555,-3.231604708253677e-05,2pt
7d,Skewness + Fear and Greed Index + VIX + T-4 Return,4,-0.02995372692756537,-0.029918232362982078,-3.549456458329381e-05,2pt
7d,Skewness + Fear and Greed Index + T-3 Return + T-4 Return,4,-0.06583178581620897,-0.06578057519835045,-5.121061785851033e-05,2pt
7d,Kurtosis + Median + Fear and Greed Index + T-4 Return,4,-0.04629121985787865,-0.0462314452839141,-5.977457396455499e-05,2pt
7d,Mean + Std + Kurtosis + VIX,4,-0.11271236299618437,-0.11259388741558896,-0.00011847558059541186,2pt
7d,Std + Skewness + Kurtosis + Median,4,-0.10626253351023696,-0.10613375038068806,-0.00012878312954889282,2pt
7d,Mean + Kurtosis + Fear and Greed Index + T-3 Return,4,-0.06847704482281203,-0.06833826887994521,-0.00013877594286682005,2pt
7d,Kurtosis + Median + Fear and Greed Index + T-3 Return,4,-0.06913673937803155,-0.06896597995241005,-0.00017075942562150281,2pt
7d,Std + Kurtosis + Median + VIX,4,-0.11837562346999331,-0.1181948473230654,-0.0001807761469279079,2pt
7d,Mean + Skewness + Kurtosis + Median,4,-0.09648690373997093,-0.09627634850758038,-0.0002105552323905524,2pt
7d,Mean + Std + Kurtosis,3,-0.0972681725306126,-0.09703787042273038,-0.00023030210788221872,2pt
7d,Mean + Std + Kurtosis + T-1 Return,4,-0.09320451178761613,-0.09297137953474088,-0.00023313225287524553,2pt
7d,Mean + Std + Kurtosis + T-2 Return,4,-0.09891788075865238,-0.09865470110546082,-0.00026317965319155867,2pt
7d,Mean + Std + Kurtosis + T-3 Return,4,-0.12857328571379356,-0.1282931366566813,-0.0002801490571122667,2pt
7d,Std + Kurtosis + Median,3,-0.10255742533084478,-0.10226184247983539,-0.0002955828510093905,2pt
7d,Std + Kurtosis + Median + T-1 Return,4,-0.09843791348196351,-0.0981390127848547,-0.00029890069710880596,2pt
7d,Std + Kurtosis + Median + T-2 Return,4,-0.10419932580261504,-0.1038722774833647,-0.00032704831925034483,2pt
7d,Mean + Std + Kurtosis + Median,4,-0.14347739426058825,-0.14314655593332115,-0.00033083832726710227,2pt
7d,Std + Kurtosis + Median + T-3 Return,4,-0.1343830440674072,-0.13404349684440997,-0.0003395472229972274,2pt
7d,Mean + Std + Kurtosis + Fear and Greed Index,4,-0.09164819548890835,-0.09096745963223563,-0.0006807358566727206,2pt
7d,Mean + Std + Kurtosis + T-4 Return,4,-0.111543689528806,-0.11084909127467268,-0.0006945982541333162,2pt
7d,Std + Kurtosis + Median + Fear and Greed Index,4,-0.09602512472877156,-0.09528922428127484,-0.0007359004474967179,2pt
7d,Std + Kurtosis + Median + T-4 Return,4,-0.11625143677499716,-0.11549860351739216,-0.0007528332576050012,2pt
