,10000,15000,18000,19000,20000,21000,22000,23000,24000,25000,26000,27000,28000,29000,30000,31000,32000,33000,34000,35000,36000,37000,38000,39000,40000,41000,42000,43000,44000,45000,46000,47000,48000,49000,50000,51000,52000,53000,54000,55000,56000,57000,58000,59000,60000,61000,62000,63000,64000,65000,66000,67000,68000,69000,70000,71000,72000,73000,74000,75000,76000,77000,80000,85000,90000,100000,120000
2023-03-30,0,0,0,0,0,0,0,0,0,0,0,0,0,0,62.85,0,0,0,0,0,0,0,0,0,0,0,0,0,0,64.88,0,0,0,0,65.05,0,0,0,0,0,0,0,0,0,66.86,0,0,0,0,67.76,0,0,0,0,0,0,0,0,0,0,0,0,69.79,0,0,73.69,76.16
2023-03-31,0,65.63,0,0,61.69,0,0,0,0,60.84,0,0,58.54,59.78,58.68,60.59,0,0,0,0,0,0,59.06,0,61.4,0,0,0,0,61.2,0,0,0,0,63.47,0,0,0,0,65.3,0,0,0,0,66.25,0,0,0,0,66.22,0,0,0,0,67.51,0,0,0,0,0,0,0,0,0,0,73.61,76.63
2023-04-01,0,0,0,0,0,0,0,0,0,0,0,0,59.97,0,57.85,0,0,0,0,59.0,0,0,0,0,0,0,0,0,0,0,0,0,0,0,63.98,0,0,0,0,0,0,0,0,0,0,0,0,0,0,0,0,0,0,0,0,0,0,0,0,0,0,0,70.34,0,0,75.64,0
2023-04-02,0,0,0,0,0,0,0,0,0,0,0,0,0,0,60.42,0,0,0,0,58.69,0,0,60.07,0,0,0,0,0,0,0,0,0,0,0,64.47,0,0,0,0,0,0,0,0,0,67.74,0,0,0,0,0,0,0,0,0,0,0,0,0,0,0,0,0,71.44,0,0,75.55,76.75
2023-04-03,0,0,0,0,0,0,0,0,0,0,0,0,0,61.17,61.29,0,61.97,0,0,0,0,0,0,0,60.4,0,0,0,0,63.05,0,0,0,0,0,0,0,0,0,64.69,0,0,0,0,0,0,0,0,0,0,0,0,0,0,0,0,0,0,0,0,0,0,0,0,0,0,77.87
2023-04-04,0,0,0,0,0,0,0,0,0,0,0,0,60.36,59.83,60.31,59.99,0,0,0,0,0,0,0,0,62.1,0,0,0,0,63.74,0,0,0,0,65.26,0,0,0,0,65.96,0,0,0,0,0,0,0,0,0,0,0,0,0,0,69.04,0,0,0,0,0,0,0,0,71.4,0,74.4,76.61
2023-04-05,0,0,0,0,0,0,0,0,0,0,0,0,60.39,60.4,60.34,58.43,0,0,59.86,0,0,0,0,0,0,0,0,0,0,0,0,0,0,0,0,0,0,0,0,0,0,0,0,0,0,0,0,0,0,0,0,0,0,0,0,0,0,0,0,0,0,0,0,0,0,0,77.44
2023-04-06,0,0,0,0,0,0,0,0,0,0,0,0,0,0,61.53,0,0,0,0,0,0,0,0,0,0,0,0,0,0,0,0,0,0,0,64.71,0,0,0,0,0,0,0,0,0,0,0,0,0,0,0,0,0,0,0,0,0,0,0,0,0,0,0,0,0,0,73.61,77.24
2023-04-07,0,0,0,0,0,0,0,0,0,0,0,0,59.53,59.73,59.81,0,0,0,60.2,0,0,0,61.3,0,0,0,0,0,0,0,0,0,0,0,64.69,0,0,0,0,66.76,0,0,0,0,0,0,0,0,0,68.93,0,0,0,0,0,0,0,0,0,0,0,0,0,0,0,0,0
2023-04-08,0,0,0,0,0,0,0,0,0,0,0,0,59.15,59.41,0,0,0,0,0,0,0,0,0,0,0,0,0,0,0,0,0,0,0,0,64.24,0,0,0,0,0,0,0,0,0,66.34,0,0,0,0,0,0,0,0,0,0,0,0,0,0,0,0,0,70.48,0,0,0,75.75
2023-04-09,0,0,0,0,0,0,0,0,0,0,0,0,0,0,59.49,0,0,0,0,0,0,0,0,0,0,0,0,0,0,0,0,0,0,0,64.26,0,0,0,0,0,0,0,0,0,0,0,0,0,0,68.55,0,0,0,0,0,0,0,0,0,0,0,0,0,0,0,71.13,75.55
2023-04-10,0,0,0,0,62.33,0,0,0,0,0,0,0,0,60.99,60.34,60.53,0,0,0,0,0,0,0,0,0,0,0,0,0,63.26,0,0,0,0,63.19,0,0,0,0,64.08,0,0,0,0,0,0,0,0,0,0,0,0,0,0,0,0,0,0,0,0,0,0,0,0,0,71.67,75.18
2023-04-11,0,66.94,0,0,63.1,0,0,0,0,61.13,0,0,60.69,59.65,60.58,0,59.81,59.7,0,61.14,60.32,59.72,61.06,0,61.7,0,0,0,0,0,0,0,0,0,63.06,0,0,0,0,63.96,0,0,0,0,0,0,0,0,0,0,0,0,0,0,0,0,0,0,0,0,0,0,68.7,0,0,71.5,73.65
2023-04-12,0,0,0,62.19,0,0,0,0,0,0,0,0,0,58.67,60.37,59.44,0,0,0,59.82,0,0,60.43,0,60.11,0,0,0,0,61.29,0,0,0,0,0,0,0,0,0,63.39,0,0,0,0,0,0,0,0,0,0,0,0,0,0,0,0,0,0,0,0,0,0,68.64,68.91,0,0,74.58
2023-04-13,0,0,0,0,0,0,0,0,0,0,0,0,0,0,59.38,0,0,0,0,0,0,58.42,0,0,60.44,0,0,0,0,61.25,0,0,0,0,62.87,0,0,0,0,0,0,0,0,0,0,0,0,0,0,0,0,0,0,0,65.65,0,0,0,0,0,0,0,0,0,0,0,74.24
2023-04-14,0,0,0,0,0,0,0,0,0,0,0,0,0,0,58.2,58.2,58.3,0,0,58.9,0,58.73,0,0,59.57,0,0,0,0,60.02,0,0,0,0,61.75,0,0,0,0,62.27,0,0,0,0,0,0,0,0,0,0,0,0,0,0,0,0,0,0,0,0,0,0,0,68.1,0,69.79,0
2023-04-15,0,0,0,0,0,0,0,0,0,0,0,0,0,0,0,57.04,57.9,0,0,0,0,0,0,0,59.13,0,0,0,0,60.25,0,0,0,0,60.99,0,0,0,0,0,0,0,0,0,0,0,0,0,0,0,0,0,0,0,0,0,0,0,0,0,0,0,0,0,0,0,73.78
2023-04-16,0,0,0,0,0,0,0,0,0,0,0,0,0,0,57.86,57.91,0,0,0,0,0,0,0,0,58.85,0,0,0,0,0,0,0,0,0,0,0,0,0,0,0,0,0,0,0,62.96,0,0,0,0,0,0,0,0,0,0,0,0,0,0,0,0,0,0,0,0,0,0
2023-04-17,0,0,0,0,0,0,0,0,0,0,0,0,0,57.97,0,0,58.3,0,0,0,0,0,58.68,0,59.22,0,0,0,0,61.12,0,0,0,0,62.01,0,0,0,0,62.76,0,0,0,0,0,0,0,0,0,0,0,0,0,0,65.7,0,0,0,0,0,0,0,67.2,0,0,70.53,72.35
2023-04-18,0,0,0,0,0,0,0,0,0,0,0,0,0,0,58.01,56.99,0,0,0,57.36,0,0,0,0,0,0,0,0,0,0,0,0,0,0,0,0,0,0,0,62.79,0,0,0,0,62.89,0,0,0,0,0,0,0,0,0,65.3,0,0,0,0,0,0,0,0,0,0,0,0
2023-04-19,0,0,0,0,59.53,0,0,0,0,0,0,0,0,57.26,58.82,0,58.06,0,0,58.33,58.06,0,0,0,59.59,0,0,0,0,0,0,0,0,0,61.52,0,0,0,0,0,0,0,0,0,63.26,0,0,0,0,0,0,0,0,0,0,0,0,0,0,0,0,0,0,0,0,70.71,0
2023-04-20,0,0,0,0,59.27,0,0,0,0,0,0,0,0,56.95,57.47,0,59.44,0,0,56.85,0,0,0,58.53,59.78,0,0,0,0,60.68,0,0,0,0,61.94,0,0,0,0,62.84,0,0,0,0,64.39,0,0,0,0,0,0,0,0,0,0,0,0,0,0,0,0,0,68.23,0,0,68.59,0
2023-04-21,0,0,0,0,57.77,0,0,0,0,0,0,56.3,56.43,56.52,56.77,55.76,56.01,56.12,0,0,0,0,0,0,59.54,0,0,0,0,60.42,0,0,0,0,61.51,0,0,0,0,62.59,0,0,0,0,63.06,0,0,0,0,0,0,0,0,0,0,0,0,0,0,0,0,0,0,0,0,0,0
2023-04-22,0,62.67,0,0,0,0,0,0,0,0,0,0,56.13,0,0,0,0,0,0,58.07,0,0,0,0,0,0,0,0,0,0,0,0,0,0,0,0,0,0,0,0,0,0,0,0,0,0,0,0,0,0,0,0,0,0,0,0,0,0,0,0,0,0,0,0,0,0,0
2023-04-23,0,0,0,0,0,0,0,0,0,0,0,0,57.36,0,0,0,0,0,0,0,0,0,0,0,0,0,0,0,0,0,0,0,0,0,0,0,0,0,0,0,0,0,0,0,0,0,0,0,0,0,0,0,0,0,0,0,0,0,0,0,0,0,0,0,0,0,0
2023-04-24,0,0,0,0,0,0,0,0,0,0,0,0,55.75,0,0,0,0,0,0,56.46,0,57.35,0,0,0,0,0,0,0,0,0,0,0,0,60.49,0,0,0,0,61.81,0,0,0,0,62.62,0,0,0,0,0,0,0,0,0,0,0,0,0,0,0,0,0,0,0,0,0,0
2023-04-25,0,0,0,0,0,0,0,0,0,0,0,0,0,0,0,0,55.59,0,0,0,0,0,57.5,0,57.24,0,0,0,0,0,0,0,0,0,60.0,0,0,0,0,0,0,0,0,0,62.47,0,0,0,0,0,0,0,0,0,63.81,0,0,0,0,0,0,0,67.13,0,0,68.5,0
2023-04-26,0,0,0,0,0,0,0,0,0,0,0,0,0,0,56.47,0,0,0,0,57.84,0,0,0,0,58.78,0,0,0,0,0,0,0,0,0,60.86,0,0,0,0,61.63,0,0,0,0,0,0,0,0,0,63.86,0,0,0,0,0,0,0,0,0,65.39,0,0,0,67.75,67.98,69.5,74.18
2023-04-27,0,0,0,0,0,0,0,0,0,0,0,0,0,0,0,0,0,0,0,57.56,0,0,0,0,58.7,0,0,0,0,0,0,0,0,0,0,0,0,0,0,0,0,0,0,0,62.91,0,0,0,0,0,0,0,0,0,64.06,0,0,0,0,0,0,0,0,0,0,0,74.89
2023-04-28,0,0,0,0,0,0,0,0,0,0,0,0,0,0,0,0,0,0,0,0,0,0,0,0,57.77,58.69,0,0,0,59.83,0,0,0,0,58.32,0,0,0,0,61.91,0,0,0,0,62.1,0,0,0,0,63.69,0,0,0,0,64.07,0,0,0,0,0,0,0,0,0,0,0,0
2023-04-29,0,0,0,79.46,0,0,0,0,0,0,0,0,0,54.0,0,0,0,0,0,0,0,0,0,0,0,0,0,0,0,0,0,0,0,0,58.38,0,0,0,0,0,0,0,0,0,0,0,0,0,0,0,0,0,0,0,0,0,0,0,0,0,0,0,0,0,0,0,0
2023-04-30,0,0,0,0,0,0,0,0,0,0,0,0,0,0,0,0,0,0,0,0,0,0,0,0,0,0,0,0,0,0,0,0,0,0,57.66,0,0,0,0,0,0,0,0,0,0,0,0,0,0,0,0,0,0,0,0,0,0,0,0,0,0,0,0,0,0,0,0
2023-05-01,0,0,0,57.7,0,0,0,0,0,0,0,0,55.02,0,56.16,0,0,0,0,0,0,0,0,0,57.51,0,0,0,0,0,0,0,0,0,59.72,0,0,0,0,61.45,0,0,0,0,62.57,0,0,0,0,0,0,0,0,0,0,0,0,0,0,0,0,0,0,0,0,69.9,75.25
2023-05-02,0,0,0,0,0,0,0,0,0,0,0,0,0,0,54.08,0,0,0,0,0,0,0,54.66,55.25,56.11,0,0,0,0,57.61,0,0,0,0,58.4,0,0,0,0,60.35,0,0,0,0,61.13,0,0,0,0,0,0,0,0,0,63.28,0,0,0,0,0,0,0,0,0,0,0,71.95
2023-05-03,0,0,0,0,0,0,0,0,0,0,0,0,54.64,0,54.71,0,0,0,0,0,53.58,53.76,0,0,55.98,54.87,0,0,0,57.6,0,0,0,0,58.3,0,0,0,0,0,0,0,0,0,61.6,0,0,0,0,0,0,0,0,0,0,0,0,0,0,65.21,0,0,0,0,0,0,0
2023-05-04,0,0,0,0,0,0,0,0,0,0,0,0,0,54.28,54.79,0,0,0,0,0,0,0,0,0,54.96,0,0,0,0,57.25,0,0,0,0,58.98,0,0,0,0,60.61,0,0,0,0,61.12,0,0,0,0,0,0,0,0,0,0,0,0,0,0,0,0,0,0,0,0,68.53,73.43
2023-05-05,0,0,0,0,0,0,0,0,0,0,0,0,0,0,0,0,0,0,0,0,0,0,0,0,0,0,0,0,0,0,0,0,0,0,0,0,0,0,0,0,0,0,0,0,61.9,0,0,0,0,61.84,0,0,0,0,0,0,0,0,0,0,0,0,65.07,0,0,71.42,75.09
2023-05-06,0,0,0,0,0,0,0,0,0,0,0,0,0,54.39,53.77,0,0,0,0,54.31,0,0,0,0,55.45,55.69,0,0,0,55.95,0,0,0,0,58.37,0,0,0,0,0,0,0,0,0,62.18,0,0,0,0,0,0,0,0,0,0,0,0,0,0,0,0,0,0,0,0,0,0
2023-05-07,0,0,0,0,0,0,0,0,0,0,0,0,0,0,54.14,0,0,0,0,0,0,0,0,0,0,0,0,0,0,0,0,0,0,0,58.48,0,0,0,0,0,0,0,0,0,61.32,0,0,0,0,0,0,0,0,0,64.14,0,0,0,0,0,0,0,66.77,0,0,71.23,76.25
2023-05-08,0,0,0,55.25,0,0,0,0,0,0,0,0,53.03,53.86,54.44,53.57,0,0,54.52,0,54.35,0,55.09,0,55.6,0,0,0,0,57.24,0,0,0,0,58.7,0,0,0,0,60.14,0,0,0,0,61.46,0,0,0,0,63.7,0,0,0,0,63.97,0,0,0,0,65.32,0,0,0,0,69.49,70.06,73.37
2023-05-09,0,0,0,0,0,0,0,0,0,0,0,0,0,0,0,53.37,53.91,0,0,0,0,0,0,0,0,56.01,0,0,0,57.64,0,0,0,0,59.42,0,0,0,0,59.5,0,0,0,0,61.56,0,0,0,0,62.84,0,0,0,0,0,0,0,0,0,65.75,0,0,0,0,0,0,0
2023-05-10,0,0,0,0,0,0,0,0,53.93,0,0,0,53.4,52.58,0,0,54.18,54.55,0,0,54.47,0,0,0,57.38,0,0,0,0,0,0,0,0,0,58.51,0,0,0,0,0,0,0,0,0,63.03,0,0,0,0,62.39,0,0,0,0,64.08,0,0,0,0,0,0,0,0,0,0,71.88,0
2023-05-11,0,0,0,0,0,0,0,0,0,0,0,0,0,0,0,54.42,53.71,0,0,53.8,54.79,0,55.19,0,0,0,0,0,0,56.77,0,0,0,0,58.8,0,0,0,0,59.51,0,0,0,0,0,0,0,0,0,0,0,0,0,0,0,0,0,0,0,0,0,0,0,0,0,70.54,75.6
2023-05-12,0,59.99,56.61,0,0,0,0,0,0,0,0,0,0,53.56,54.03,0,54.95,54.06,0,55.42,55.68,56.12,56.83,56.61,57.36,57.76,0,0,0,59.12,0,0,0,0,60.28,0,0,0,0,0,0,0,0,0,0,0,0,0,0,0,0,0,0,0,0,0,0,0,0,0,0,0,0,0,0,72.42,75.0
2023-05-13,0,0,0,0,0,0,0,0,0,0,0,0,0,0,0,0,0,0,0,0,0,0,0,0,0,0,0,0,0,0,0,0,0,0,0,0,0,0,0,61.98,0,0,0,0,0,0,0,0,0,0,0,0,0,0,0,0,0,0,0,0,0,0,0,0,0,71.24,73.84
2023-05-14,0,0,0,0,0,0,0,0,0,0,54.89,0,0,0,0,0,0,0,0,0,0,0,0,0,0,0,0,0,0,56.56,0,0,0,0,58.68,0,0,0,0,60.6,0,0,0,0,60.73,0,0,0,0,0,0,0,0,0,62.63,0,0,0,0,0,0,0,0,0,66.37,0,0
2023-05-15,0,0,0,0,0,0,0,0,0,0,0,0,0,52.45,54.44,54.22,0,0,0,0,54.8,55.02,55.37,0,0,0,0,0,0,57.19,0,0,0,0,58.83,0,0,0,0,60.13,0,0,0,0,62.1,0,0,0,0,62.53,0,0,0,0,0,0,0,0,0,65.19,0,0,0,0,0,0,0
2023-05-16,0,0,0,0,0,0,0,0,0,0,0,53.27,53.43,0,0,0,0,0,0,0,0,0,0,0,0,55.37,0,0,0,0,0,0,0,0,0,0,0,0,0,0,0,0,0,0,62.14,0,0,0,0,0,0,0,0,0,0,0,0,0,0,65.7,0,0,0,0,0,0,0
2023-05-17,0,0,0,0,0,0,0,0,0,0,0,53.24,0,0,0,0,0,0,0,0,54.51,0,0,0,0,0,0,0,0,57.52,0,0,0,0,58.37,0,0,0,0,0,0,0,0,0,0,0,0,0,0,62.88,0,0,0,0,0,0,0,0,0,0,0,0,0,0,0,0,0
2023-05-18,0,0,0,0,0,0,0,0,0,0,50.24,0,0,0,51.99,0,49.88,51.71,0,52.31,0,0,0,0,51.89,52.96,0,0,0,52.89,0,0,0,0,53.82,0,0,0,0,54.2,0,0,0,0,55.64,0,0,0,0,57.42,0,0,0,0,61.14,0,0,0,0,62.84,0,0,59.43,60.79,63.12,69.66,72.26
2023-05-19,0,0,52.36,0,0,0,0,0,0,0,0,0,0,0,0,0,50.18,50.33,0,0,0,0,0,0,50.95,51.79,0,0,0,0,0,0,0,0,53.53,0,0,0,0,55.01,0,0,0,0,56.37,0,0,0,0,57.73,0,0,0,0,0,0,0,0,0,0,0,0,0,0,0,0,0
2023-05-20,0,0,0,0,0,0,0,0,0,0,0,0,0,0,50.22,0,0,0,0,50.58,0,0,0,0,0,0,0,0,0,0,0,0,0,0,0,0,0,0,0,0,0,0,0,0,0,0,0,0,0,0,0,0,0,0,0,0,0,0,0,0,0,0,0,0,0,0,0
2023-05-21,0,0,0,0,0,0,0,0,0,0,0,0,0,49.69,49.49,0,0,0,0,0,0,0,0,0,51.31,0,0,0,0,52.64,0,0,0,0,53.9,0,0,0,0,0,0,0,0,0,0,0,0,0,0,0,0,0,0,0,0,0,0,0,0,0,0,0,0,0,0,0,0
2023-05-22,0,0,0,0,0,0,0,0,0,0,0,49.14,49.02,0,48.95,48.78,0,49.39,0,0,0,0,0,0,51.83,51.93,0,0,0,53.13,0,0,0,0,54.61,0,0,0,0,56.11,0,0,0,0,0,0,0,0,0,57.79,0,0,0,0,60.56,0,0,0,0,0,0,0,0,0,0,0,72.45
2023-05-23,0,0,0,0,0,0,0,0,0,0,0,0,0,0,0,0,0,0,0,0,50.78,50.78,51.57,51.56,52.1,52.39,0,0,0,53.51,0,0,0,0,54.36,0,0,0,0,55.88,0,0,0,0,57.53,0,0,0,0,59.49,0,0,0,0,0,0,0,0,0,61.52,0,0,0,0,0,67.48,0
2023-05-24,0,0,0,0,0,0,0,0,50.6,50.48,0,0,50.02,0,49.95,50.67,0,50.15,0,50.59,0,51.45,0,0,52.17,0,0,0,0,53.83,0,0,0,0,54.51,0,0,0,0,0,0,0,0,0,0,0,0,0,0,60.08,0,0,0,0,0,0,0,0,0,60.94,0,0,0,0,0,0,0
2023-05-25,0,0,0,0,0,0,0,0,50.47,0,0,48.41,49.13,0,0,0,0,48.99,49.35,49.96,0,0,0,50.81,51.15,51.99,0,0,0,52.27,0,0,0,0,54.81,0,0,0,0,0,0,0,0,0,0,0,0,0,0,59.2,0,0,0,0,61.17,0,0,0,0,0,0,0,62.42,0,0,0,0
2023-05-26,76.87,0,0,0,0,0,0,0,0,48.83,0,47.81,47.94,0,49.13,0,47.97,48.19,48.21,48.46,0,49.07,0,0,0,51.48,0,0,0,53.21,0,0,0,0,53.43,0,0,0,0,0,0,0,0,0,57.35,0,0,0,0,0,0,0,0,0,60.52,0,0,0,0,0,0,0,63.67,0,0,0,70.98
2023-05-27,0,0,0,0,0,0,0,0,0,0,0,48.29,0,0,0,0,47.33,0,0,48.23,0,0,0,0,49.43,0,0,0,0,0,0,0,0,0,0,0,0,0,0,0,0,0,0,0,0,0,0,0,0,0,0,0,0,0,0,0,0,0,0,0,0,0,63.74,0,0,0,0
2023-05-28,0,0,0,0,0,0,0,0,47.95,0,0,48.55,0,0,48.19,0,0,48.44,0,50.02,0,0,0,0,0,0,0,0,0,0,0,0,0,0,53.88,0,0,0,0,0,0,0,0,0,0,0,0,0,0,0,0,0,0,0,0,0,0,0,0,0,0,0,0,0,0,0,0
2023-05-29,0,0,0,0,0,0,0,0,0,0,0,0,48.37,0,48.55,0,48.95,49.0,0,0,50.01,50.29,50.7,50.79,51.22,51.66,0,0,0,52.82,0,0,0,0,54.31,0,0,0,0,55.99,0,0,0,0,57.19,0,0,0,0,0,0,0,0,0,59.47,0,0,0,0,0,0,0,0,0,0,67.86,71.84
2023-05-30,0,0,0,0,0,0,0,0,0,0,0,0,0,0,47.27,0,0,0,0,0,0,0,0,50.04,0,49.21,0,0,0,0,0,0,0,0,0,0,0,0,0,54.77,0,0,0,0,56.35,0,0,0,0,0,0,0,0,0,0,0,0,0,0,0,0,0,0,0,0,67.45,72.71
2023-05-31,0,0,0,0,0,0,0,0,0,0,0,0,0,0,0,0,0,0,0,47.2,47.84,47.24,0,0,48.93,49.32,0,0,0,0,0,0,0,0,0,0,0,0,0,54.48,0,0,0,0,0,0,0,0,0,0,0,0,0,0,0,0,0,0,0,0,0,0,0,0,0,0,0
2023-06-01,0,0,0,0,0,0,0,0,0,0,0,0,0,0,45.98,46.2,46.52,0,0,47.08,0,46.82,0,0,47.95,49.77,0,0,0,50.11,0,0,0,0,51.89,0,0,0,0,0,0,0,0,0,0,0,0,0,0,0,0,0,0,0,0,0,0,0,0,0,0,0,0,0,0,0,0
2023-06-02,0,0,0,0,0,0,0,0,0,0,0,45.3,46.13,0,45.62,0,43.71,0,44.27,0,47.09,0,48.56,46.6,47.79,47.37,0,0,0,0,0,0,0,0,52.12,0,0,0,0,0,0,0,0,0,0,0,0,0,0,0,0,0,0,0,0,0,0,0,0,0,0,0,61.2,0,0,0,0
2023-06-03,0,0,0,0,0,0,0,0,0,0,0,45.53,45.62,0,0,0,0,0,46.64,0,0,47.78,47.03,0,0,0,0,0,0,0,0,0,0,0,0,0,0,0,0,0,0,0,0,0,0,0,0,0,0,0,0,0,0,0,0,0,0,0,0,0,0,0,0,0,0,0,0
2023-06-04,0,0,0,0,0,0,0,0,0,0,0,45.26,45.59,0,46.89,0,0,0,0,0,0,0,0,0,0,48.93,0,0,0,50.61,0,0,0,0,0,0,0,0,0,0,0,0,0,0,0,0,0,0,0,0,0,0,0,0,0,0,0,0,0,0,0,0,0,0,0,0,0
2023-06-05,0,0,0,0,0,0,0,0,0,0,45.17,44.49,45.42,0,45.78,0,46.21,45.89,0,46.65,46.49,46.96,47.69,48.6,49.01,49.5,0,0,0,51.46,0,0,0,0,54.18,0,0,0,0,55.12,0,0,0,0,57.04,0,0,0,0,0,0,0,0,0,0,0,0,0,0,62.37,0,0,0,0,0,0,0
2023-06-06,0,0,0,0,0,0,0,44.58,0,0,43.74,0,44.6,44.82,44.44,44.47,44.64,44.68,46.66,46.96,47.18,47.77,0,48.5,48.94,49.11,0,0,0,50.86,0,0,0,0,52.0,0,0,0,0,54.3,0,0,0,0,0,0,0,0,0,59.61,0,0,0,0,0,0,0,0,0,0,0,0,0,0,0,69.54,72.82
2023-06-07,0,0,0,0,0,0,0,0,0,0,0,0,44.51,44.56,44.7,0,0,0,45.49,0,46.41,46.81,47.76,0,48.65,0,0,0,0,0,0,0,0,0,0,0,0,0,0,0,0,0,0,0,0,0,0,0,0,0,0,0,0,0,0,0,0,0,0,0,0,0,0,0,0,0,0
2023-06-08,0,0,0,0,0,0,0,0,0,44.58,0,0,44.12,44.07,44.61,0,0,0,0,46.06,0,0,0,0,48.19,49.02,0,0,0,0,0,0,0,0,52.95,0,0,0,0,0,0,0,0,0,0,0,0,0,0,0,0,0,0,0,0,0,0,0,0,0,0,0,0,0,0,0,0
2023-06-09,0,0,0,0,0,0,0,0,0,0,0,0,0,44.42,0,0,0,44.65,45.41,46.17,0,0,0,0,0,0,0,0,0,50.21,0,0,0,0,52.1,0,0,0,0,54.5,0,0,0,0,0,0,0,0,0,0,0,0,0,0,0,0,0,0,0,61.23,0,0,0,0,0,0,0
2023-06-10,0,0,0,0,0,0,0,0,0,46.39,46.0,0,0,0,46.77,0,0,0,0,49.25,0,47.17,0,0,50.19,0,0,0,0,0,0,0,0,0,52.94,0,0,0,0,0,0,0,0,0,0,0,0,0,0,0,0,0,0,0,0,0,0,0,0,0,0,0,0,0,0,0,0
2023-06-11,0,0,0,0,0,0,0,0,0,0,0,0,0,0,0,0,0,0,0,0,0,0,0,49.5,49.72,50.07,0,0,0,0,0,0,0,0,53.01,0,0,0,0,56.24,0,0,0,0,57.9,0,0,0,0,0,0,0,0,0,0,0,0,0,0,0,0,0,0,0,0,0,0
2023-06-12,0,0,0,0,0,0,0,0,0,0,45.37,45.81,0,0,0,0,0,0,0,0,0,0,0,0,0,0,0,0,0,51.18,0,0,0,0,0,0,0,0,0,55.27,0,0,0,0,57.08,0,0,0,0,0,0,0,0,0,60.93,0,0,0,0,0,0,0,0,0,0,0,72.89
2023-06-13,0,0,0,0,0,0,0,0,0,0,46.07,0,0,0,46.35,46.33,0,0,0,0,0,0,0,0,50.08,0,0,0,0,0,0,0,0,0,55.22,0,0,0,0,0,0,0,0,0,0,0,0,0,0,59.63,0,0,0,0,0,0,0,0,0,0,0,0,0,0,0,0,0
2023-06-14,0,0,0,0,0,0,0,0,0,45.75,0,46.0,45.52,0,45.69,0,0,46.96,0,0,48.37,48.59,0,49.87,50.3,0,0,0,0,52.7,0,0,0,0,53.72,0,0,0,0,57.69,0,0,0,0,60.3,0,0,0,0,62.43,0,0,0,0,0,0,0,0,0,63.11,0,0,0,0,0,0,0
2023-06-15,0,55.95,0,0,0,0,0,0,0,0,46.1,0,47.09,0,46.78,46.71,0,48.22,0,49.1,0,0,49.45,0,49.86,0,0,0,0,52.74,0,0,0,0,55.58,0,0,0,0,58.05,0,0,0,0,59.67,0,0,0,0,60.75,0,0,0,0,62.77,0,0,0,0,0,0,0,66.86,68.83,0,0,75.67
2023-06-16,0,0,0,0,0,0,0,0,0,47.08,0,47.82,46.16,0,47.24,0,0,48.11,47.29,48.98,0,0,0,0,51.32,0,0,0,0,0,0,0,0,0,55.25,0,0,0,0,0,0,0,0,0,0,0,0,0,0,0,0,0,0,0,0,0,0,0,0,0,0,0,0,0,0,0,0
2023-06-17,0,0,0,0,0,0,0,0,0,0,0,0,47.24,0,0,0,47.76,0,0,0,0,0,0,0,0,51.47,0,0,0,0,0,0,0,0,0,0,0,0,0,57.6,0,0,0,0,0,0,0,0,0,0,0,0,0,0,0,0,0,0,0,0,0,0,0,0,0,0,0
2023-06-18,0,0,0,0,0,0,0,0,0,0,0,0,0,0,0,0,0,0,0,49.49,0,0,0,0,0,0,0,0,0,52.09,0,0,0,0,0,0,0,0,0,57.46,0,0,0,0,0,0,0,0,0,60.02,0,0,0,0,0,0,0,0,0,0,0,0,0,67.91,0,0,0
2023-06-19,0,0,0,0,0,0,0,0,0,0,0,48.19,47.75,47.6,47.79,47.93,48.95,48.55,48.63,0,0,0,50.8,50.81,51.22,0,0,0,0,53.76,0,0,0,0,54.7,0,0,0,0,58.01,0,0,0,0,0,0,0,0,0,60.91,0,0,0,0,0,0,0,0,0,0,0,0,66.66,0,0,0,74.75
2023-06-20,0,0,0,0,0,0,0,0,0,0,0,52.44,51.41,49.85,52.29,50.03,51.98,51.75,53.03,50.56,0,51.15,51.45,0,0,55.72,0,0,0,58.49,0,0,0,0,59.24,0,0,0,0,62.11,0,0,0,0,60.07,0,0,0,0,61.82,0,0,0,0,65.95,0,0,0,0,0,0,0,66.15,0,0,70.83,75.2
2023-06-21,0,63.08,0,57.23,0,0,0,0,0,53.44,52.98,53.1,52.15,51.8,50.84,51.85,51.7,52.51,53.19,52.34,52.63,0,53.35,53.64,54.87,54.86,0,0,0,56.35,0,0,0,0,58.53,0,0,0,0,60.03,0,0,0,0,61.55,0,0,0,0,64.11,0,0,0,0,65.22,0,0,0,0,67.27,0,0,0,0,0,73.67,75.62
2023-06-22,0,0,0,0,0,0,0,0,54.42,0,0,51.99,51.61,0,51.11,0,0,0,0,52.43,0,52.34,52.83,0,54.25,53.88,0,0,0,54.06,0,0,0,0,57.35,0,0,0,0,59.33,0,0,0,0,0,0,0,0,0,61.98,0,0,0,0,63.84,0,0,0,0,65.79,0,0,0,0,0,0,75.64
2023-06-23,0,0,0,0,0,0,0,0,0,0,0,53.05,0,0,50.97,51.72,0,0,51.06,0,52.04,0,0,53.04,53.33,54.71,0,0,0,56.39,0,0,0,0,58.1,0,0,0,0,59.72,0,0,0,0,61.47,0,0,0,0,62.99,0,0,0,0,0,0,0,0,0,0,0,0,0,0,0,0,0
2023-06-24,0,0,0,0,0,0,0,0,0,0,0,51.82,0,0,50.9,0,0,0,0,52.49,0,0,0,0,0,0,0,0,0,0,0,0,0,0,58.13,0,0,0,0,0,0,0,0,0,0,0,0,0,0,0,0,0,0,0,0,0,0,0,0,0,0,0,0,0,0,71.18,0
2023-06-25,0,0,0,0,0,0,0,0,0,66.95,0,0,0,0,0,0,0,0,0,0,0,0,0,0,0,0,0,0,0,0,0,0,0,0,57.87,0,0,0,0,0,0,0,0,0,0,0,0,0,0,62.96,0,0,0,0,64.55,0,0,0,0,0,0,0,0,0,0,72.14,0
2023-06-26,0,0,0,0,0,0,0,0,0,0,0,0,0,0,0,50.39,50.66,51.02,51.08,51.46,0,0,52.73,0,0,0,0,0,0,0,0,0,0,0,57.77,0,0,0,0,0,0,0,0,0,0,0,0,0,0,63.49,0,0,0,0,0,0,0,0,0,65.28,0,0,0,0,0,0,0
2023-06-27,0,0,0,0,0,0,0,0,0,0,0,0,52.39,52.03,0,0,52.96,0,0,52.12,0,0,53.19,0,54.29,0,0,0,0,0,0,0,0,0,57.45,0,0,0,0,0,0,0,0,0,0,0,0,0,0,0,0,0,0,0,0,0,0,0,0,0,0,0,0,0,0,72.62,0
2023-06-28,0,0,0,0,0,0,0,0,0,41.39,0,0,0,0,51.77,0,0,0,0,0,0,0,0,0,53.81,0,0,0,0,0,0,0,0,0,57.75,0,0,0,0,0,0,0,0,0,0,0,0,0,0,63.13,0,0,0,0,0,0,0,0,0,65.94,0,0,0,67.69,68.93,0,75.34
2023-06-29,0,0,0,0,0,0,0,0,0,0,0,0,0,0,0,0,0,0,0,0,0,0,0,0,53.19,0,0,0,0,54.69,0,0,0,0,56.45,0,0,0,0,59.01,0,0,0,0,60.69,0,0,0,0,62.67,0,0,0,0,0,0,0,0,0,0,0,0,66.79,0,69.08,71.08,74.32
2023-06-30,0,0,0,0,0,0,0,0,0,0,0,0,48.85,0,47.75,49.8,50.28,49.71,0,50.39,50.87,50.12,51.54,51.88,52.32,51.7,0,0,0,54.1,0,0,0,0,56.25,0,0,0,0,56.76,0,0,0,0,60.79,0,0,0,0,61.93,0,0,0,0,62.86,0,0,0,0,0,0,0,0,0,0,0,0
2023-07-01,0,0,0,0,0,0,0,0,0,0,0,0,0,0,0,0,0,0,0,0,0,0,0,0,0,0,0,0,0,0,0,0,0,0,0,0,0,0,0,0,0,0,0,0,0,0,0,0,0,62.26,0,0,0,0,0,0,0,0,0,0,0,0,0,0,68.97,71.17,74.64
2023-07-02,0,0,0,0,0,0,0,0,0,0,0,0,0,0,0,0,49.95,0,0,0,0,0,0,0,0,0,0,0,0,0,0,0,0,0,0,0,0,0,0,0,0,0,0,0,0,0,0,0,0,0,0,0,0,0,0,0,0,0,0,0,0,0,0,0,68.3,0,0
2023-07-03,0,0,0,0,0,0,0,0,0,0,0,0,0,0,0,0,0,0,0,51.2,0,0,0,0,53.46,0,0,0,0,0,0,0,0,0,0,0,0,0,0,59.36,0,0,0,0,0,0,0,0,0,62.01,0,0,0,0,63.6,0,0,0,0,0,0,0,0,0,67.29,69.29,73.87
2023-07-04,0,0,0,0,0,0,0,0,0,52.15,0,0,0,0,0,0,0,0,0,0,0,0,0,0,0,0,0,0,0,0,0,0,0,0,0,0,0,0,0,0,0,0,0,0,0,0,0,0,0,0,0,0,0,0,0,0,0,0,0,0,0,0,0,0,0,69.94,0
2023-07-05,0,0,0,0,0,0,0,0,0,0,0,0,51.91,0,50.73,51.76,51.2,51.96,51.88,52.8,0,0,0,0,0,0,0,0,0,0,0,0,0,0,0,0,0,0,0,0,0,0,0,0,60.27,0,0,0,0,0,0,0,0,0,0,0,0,0,0,65.18,0,0,0,0,0,0,0
2023-07-06,0,0,0,0,0,0,0,0,0,0,0,0,0,0,52.65,0,53.75,52.98,0,53.46,0,0,0,0,0,0,0,0,0,0,0,0,0,0,58.48,0,0,0,0,59.12,0,0,0,0,0,0,0,0,0,0,0,0,0,0,0,0,0,0,0,0,0,0,0,0,0,70.32,72.83
2023-07-07,0,0,0,0,0,0,0,0,0,0,0,0,0,53.0,53.03,0,0,0,0,53.75,0,0,0,0,0,0,0,0,0,57.04,0,0,0,0,58.46,0,0,0,0,0,0,0,0,0,0,0,0,0,0,0,0,0,0,0,0,0,0,0,0,0,0,0,0,0,0,0,74.07
2023-07-08,0,0,0,0,0,0,0,0,0,0,0,0,0,0,0,0,0,0,0,0,0,0,0,0,0,0,0,0,0,57.1,0,0,0,0,0,0,0,0,0,0,0,0,0,0,0,0,0,0,0,0,0,0,0,0,64.33,0,0,0,0,0,0,0,66.31,67.06,0,0,0
2023-07-09,0,0,0,0,0,0,0,0,0,0,0,0,0,0,0,0,0,0,0,0,0,0,0,0,0,0,0,0,0,0,0,0,0,0,0,0,0,0,0,0,0,0,0,0,0,0,0,0,0,62.21,0,0,0,0,0,0,0,0,0,0,0,0,0,0,0,0,0
2023-07-10,0,0,0,0,0,0,0,0,0,0,0,0,0,0,0,0,0,0,0,52.5,0,0,0,0,53.86,0,0,0,0,55.89,0,0,0,0,0,0,0,0,0,58.5,0,0,0,0,0,0,0,0,0,0,0,0,0,0,0,0,0,0,0,0,0,0,66.0,0,66.9,68.96,73.23
2023-07-11,0,0,0,0,0,0,0,0,0,0,0,0,0,0,50.95,0,0,0,0,0,0,0,0,0,53.58,53.85,0,0,0,0,0,0,0,0,0,0,0,0,0,0,0,0,0,0,0,0,0,0,0,0,0,0,0,0,62.34,0,0,0,0,63.71,0,0,64.99,65.64,66.89,68.37,70.26
2023-07-12,0,0,0,0,0,0,0,0,0,0,0,0,0,0,0,0,0,0,0,0,51.82,53.04,53.53,0,53.43,0,0,0,0,54.26,0,0,0,0,56.98,0,0,0,0,0,0,0,0,0,0,0,0,0,0,0,0,0,0,0,0,0,0,0,0,0,0,0,0,65.59,0,0,71.18
2023-07-13,0,0,0,0,0,0,0,0,0,0,0,0,0,0,0,0,49.59,0,0,51.02,0,0,0,52.42,51.79,53.33,0,0,0,54.4,0,0,0,0,55.77,0,0,0,0,57.48,0,0,0,0,58.8,0,0,0,0,61.08,0,0,0,0,63.02,0,0,0,0,63.79,0,0,65.38,0,67.02,0,73.73
2023-07-14,0,0,0,0,0,0,0,0,0,0,0,0,0,0,0,0,50.8,0,0,51.76,52.07,52.25,0,0,0,0,0,0,0,54.56,0,0,0,0,55.82,0,0,0,0,57.55,0,0,0,0,0,0,0,0,0,0,0,0,0,0,62.11,0,0,0,0,0,0,0,0,0,0,0,72.39
2023-07-15,0,0,0,0,0,0,0,0,0,0,0,0,0,0,0,0,0,0,0,0,0,0,0,0,0,0,0,0,0,0,0,0,0,0,56.66,0,0,0,0,0,0,0,0,0,0,0,0,0,0,0,0,0,0,0,62.41,0,0,0,0,0,0,0,0,0,0,0,0
2023-07-16,0,59.97,0,0,0,0,0,0,0,0,0,0,0,0,0,0,0,0,0,0,0,0,0,0,0,0,0,0,0,0,0,0,0,0,56.07,0,0,0,0,0,0,0,0,0,0,0,0,0,0,0,0,0,0,0,61.28,0,0,0,0,0,0,0,65.18,0,0,0,0
2023-07-17,0,0,0,0,0,0,0,0,0,0,0,0,0,0,0,0,0,0,0,0,0,0,0,0,0,0,0,0,0,54.12,0,0,0,0,55.98,0,0,0,0,58.23,0,0,0,0,59.9,0,0,0,0,0,0,0,0,0,61.72,0,0,0,0,62.87,0,0,0,0,0,0,0
2023-07-18,0,0,0,0,0,0,0,0,0,0,0,0,0,0,0,0,50.63,0,0,0,0,0,52.36,0,52.49,0,0,0,0,0,0,0,0,0,56.81,0,0,0,0,57.28,0,0,0,0,0,0,0,0,0,62.18,0,0,0,0,63.01,0,0,0,0,64.48,0,0,0,0,0,0,0
2023-07-19,0,0,0,0,0,0,0,0,0,0,0,50.65,0,0,50.28,0,50.75,0,51.03,51.66,0,0,0,0,52.82,53.3,0,0,0,54.61,0,0,0,0,55.86,0,0,0,0,0,0,0,0,0,0,0,0,0,0,61.41,0,0,0,0,62.8,0,0,0,0,0,0,0,0,66.93,67.9,0,0
2023-07-20,0,0,0,0,0,0,0,0,0,0,0,0,0,0,50.85,0,50.53,0,0,50.74,0,51.67,51.93,0,52.62,0,0,0,0,54.54,0,0,0,0,0,0,0,0,0,59.53,0,0,0,0,0,0,0,0,0,62.02,0,0,0,0,63.59,0,0,0,0,64.58,0,0,0,0,68.05,0,74.38
2023-07-21,0,0,0,0,0,0,0,0,0,0,0,0,0,0,49.57,0,0,49.75,0,50.39,0,0,0,0,0,0,0,0,0,54.5,0,0,0,0,56.73,0,0,0,0,0,0,0,0,0,0,0,0,0,0,0,0,0,0,0,0,0,0,0,0,0,0,0,66.42,67.52,68.56,70.65,73.61
2023-07-22,0,0,0,0,0,0,0,0,0,0,0,0,0,0,0,48.66,0,0,0,0,0,0,0,0,0,0,0,0,0,54.63,0,0,0,0,0,0,0,0,0,0,0,0,0,0,60.3,0,0,0,0,62.69,0,0,0,0,0,0,0,0,0,0,0,0,0,0,0,0,0
2023-07-23,0,0,0,0,0,0,0,0,0,0,0,0,0,50.18,0,0,49.62,0,0,50.92,50.05,0,0,0,0,0,0,0,0,0,0,0,0,0,56.31,0,0,0,0,0,0,0,0,0,0,0,0,0,0,0,0,0,0,0,63.63,0,0,0,0,64.5,0,0,0,0,0,0,0
2023-07-24,0,0,0,0,0,0,0,0,0,0,0,0,0,0,49.01,0,49.84,0,0,50.82,50.64,0,0,0,52.52,53.07,0,0,0,55.16,0,0,0,0,0,0,0,0,0,59.38,0,0,0,0,0,0,0,0,0,0,0,0,0,0,0,0,0,0,0,0,0,0,0,0,0,73.51,75.04
2023-07-25,0,0,0,0,0,0,0,0,0,0,0,0,0,0,48.56,48.97,48.9,49.01,0,49.76,0,0,51.84,51.14,50.97,51.51,0,0,0,53.63,0,0,0,0,56.23,0,0,0,0,58.85,0,0,0,0,60.76,0,0,0,0,62.88,0,0,0,0,0,0,0,0,0,0,0,0,0,0,0,73.15,0
2023-07-26,0,0,0,0,0,0,0,0,0,0,0,0,48.8,0,48.8,0,0,0,0,49.88,50.25,0,0,0,0,0,0,0,0,53.68,0,0,0,0,56.78,0,0,0,0,58.61,0,0,0,0,0,0,0,0,0,0,0,0,0,0,64.23,0,0,0,0,0,0,0,0,0,0,71.62,0
2023-07-27,0,0,0,0,0,0,0,0,0,0,0,0,48.28,0,0,48.86,0,0,0,50.66,50.45,0,51.37,0,51.32,0,0,0,0,54.45,0,0,0,0,56.52,0,0,0,0,58.5,0,0,0,0,60.48,0,0,0,0,62.45,0,0,0,0,63.14,0,0,0,0,64.43,0,0,0,0,0,71.21,0
2023-07-28,0,0,0,0,0,0,0,0,0,0,0,0,48.45,0,48.05,47.46,48.05,47.92,48.66,48.62,0,49.28,49.91,0,51.04,0,0,0,0,53.62,0,0,0,0,55.97,0,0,0,0,57.78,0,0,0,0,59.94,0,0,0,0,61.54,0,0,0,0,63.01,0,0,0,0,0,0,0,65.82,67.34,0,0,75.73
2023-07-29,0,0,0,0,0,0,0,0,0,0,0,0,0,0,0,0,0,0,0,0,0,49.19,49.56,50.24,0,50.72,0,0,0,52.84,0,0,0,0,55.11,0,0,0,0,57.69,0,0,0,0,59.27,0,0,0,0,0,0,0,0,0,63.28,0,0,0,0,64.33,0,0,0,67.16,0,0,74.61
2023-07-30,0,0,0,0,0,0,0,0,0,0,0,0,0,46.85,48.07,46.95,47.66,0,47.08,47.85,48.49,48.78,0,49.04,50.13,50.29,0,0,0,52.36,0,0,0,0,54.62,0,0,0,0,56.68,0,0,0,0,58.91,0,0,0,0,60.21,0,0,0,0,61.23,0,0,0,0,62.84,0,0,65.39,66.66,67.59,70.33,74.32
2023-07-31,0,0,0,0,0,0,0,0,0,0,0,0,0,46.57,45.72,47.44,47.19,0,47.75,0,48.43,48.72,49.68,48.9,49.18,49.59,0,0,0,51.92,0,0,0,0,54.12,0,0,0,0,56.07,0,0,0,0,57.73,0,0,0,0,59.86,0,0,0,0,61.07,0,0,0,0,63.96,0,0,64.65,66.15,67.53,69.52,0
2023-08-01,0,0,0,0,0,0,0,0,0,0,0,0,0,46.98,47.13,46.72,47.84,48.01,48.36,48.32,49.05,48.24,49.22,49.44,50.67,50.9,0,0,0,52.78,0,0,0,0,55.24,0,0,0,0,57.26,0,0,0,0,59.23,0,0,0,0,59.42,0,0,0,0,62.11,0,0,0,0,62.97,0,0,65.16,66.49,66.67,67.75,73.16
2023-08-02,0,0,0,0,0,0,0,0,0,0,0,0,0,46.93,0,46.87,47.0,0,0,48.0,0,48.5,0,0,50.05,50.01,0,0,0,51.59,0,0,0,0,53.94,0,0,0,0,57.17,0,0,0,0,58.99,0,0,0,0,0,0,0,0,0,62.26,0,0,0,0,62.75,0,0,65.97,64.86,66.0,68.67,71.31
2023-08-03,0,0,0,0,0,0,0,0,0,0,0,0,0,0,0,46.17,47.06,46.5,0,0,48.1,48.39,48.73,0,0,49.9,0,0,0,51.8,0,0,0,0,54.68,0,0,0,0,56.92,0,0,0,0,58.99,0,0,0,0,0,0,0,0,0,0,0,0,0,0,63.48,0,0,0,0,67.66,68.77,72.9
2023-08-04,0,0,0,0,0,0,0,0,0,45.33,0,0,0,0,0,46.25,45.55,46.58,0,46.78,0,0,0,48.28,0,49.48,0,0,0,51.07,0,0,0,0,53.54,0,0,0,0,55.41,0,0,0,0,57.76,0,0,0,0,0,0,0,0,0,0,0,0,0,0,62.68,0,0,63.7,0,0,0,72.93
2023-08-05,0,0,0,0,0,0,0,0,0,0,0,0,0,0,0,0,0,0,0,0,0,0,0,0,0,0,0,0,0,0,0,0,0,0,52.91,0,0,0,0,0,0,0,0,0,0,0,0,0,0,0,0,0,0,0,0,0,0,0,0,0,0,0,0,0,0,0,0
2023-08-06,0,0,0,0,0,0,0,0,0,0,0,0,0,0,0,0,0,44.05,45.16,0,0,0,45.96,46.87,48.25,0,0,0,0,50.59,0,0,0,0,52.03,0,0,0,0,0,0,0,0,0,56.02,0,0,0,0,56.84,0,0,0,0,61.19,0,0,0,0,60.75,0,0,0,64.9,63.32,0,0
2023-08-07,0,0,0,0,0,0,0,0,0,0,44.43,43.7,44.88,0,44.82,44.38,44.0,43.99,46.02,46.73,46.77,46.07,46.73,46.99,47.7,48.38,0,0,0,51.07,0,0,0,0,52.01,0,0,0,0,55.73,0,0,0,0,57.12,0,0,0,0,58.5,0,0,0,0,59.16,0,0,0,0,60.52,0,0,62.72,63.54,65.47,67.48,69.93
2023-08-08,0,0,0,0,0,0,0,0,0,0,0,44.39,0,0,44.45,44.2,44.48,45.1,44.89,0,46.48,46.71,46.78,47.23,47.71,48.5,0,0,0,50.0,0,0,0,0,53.46,0,0,0,0,54.69,0,0,0,0,57.48,0,0,0,0,58.95,0,0,0,0,60.71,0,0,0,0,61.89,0,0,62.94,64.05,65.34,66.98,71.53
2023-08-09,0,0,0,0,0,0,0,0,0,0,0,0,0,0,0,44.81,45.51,45.98,46.31,46.9,46.37,46.7,48.1,48.65,48.88,49.37,0,0,0,51.5,0,0,0,0,53.72,0,0,0,0,56.38,0,0,0,0,57.96,0,0,0,0,59.26,0,0,0,0,60.67,0,0,0,0,61.93,0,0,63.0,0,0,68.61,72.05
2023-08-10,0,0,0,0,0,0,0,0,0,0,0,0,0,0,0,45.16,45.27,0,0,0,0,47.51,0,0,49.37,49.81,0,0,0,51.23,0,0,0,0,53.93,0,0,0,0,0,0,0,0,0,0,0,0,0,0,0,0,0,0,0,0,0,0,0,0,0,0,0,0,0,0,0,0
2023-08-11,0,0,0,0,0,0,0,0,0,0,0,0,0,0,43.36,0,0,0,0,45.39,0,0,0,47.64,48.29,48.88,0,0,0,50.46,0,0,0,0,53.15,0,0,0,0,55.61,0,0,0,0,57.46,0,0,0,0,59.15,0,0,0,0,0,0,0,0,0,0,0,0,63.35,64.3,0,0,72.09
2023-08-12,0,0,0,0,45.03,0,0,0,0,0,42.96,0,0,0,0,0,42.91,43.93,0,43.58,44.57,45.13,44.74,0,47.34,46.15,0,0,0,49.28,0,0,0,0,52.91,0,0,0,0,0,0,0,0,0,0,0,0,0,0,58.86,0,0,0,0,60.28,0,0,0,0,0,0,0,0,66.45,0,0,71.85
2023-08-13,0,0,0,0,0,0,0,0,0,0,0,42.36,0,0,0,0,42.68,0,0,0,0,0,0,44.48,45.34,46.21,0,0,0,48.23,0,0,0,0,0,0,0,0,0,0,0,0,0,0,0,0,0,0,0,58.5,0,0,0,0,60.45,0,0,0,0,0,0,0,0,0,0,0,0
2023-08-14,0,0,0,0,46.94,0,0,0,0,0,0,0,0,0,41.97,0,42.41,42.69,42.77,43.15,43.63,44.15,44.63,45.24,45.72,46.19,0,0,0,48.68,0,0,0,0,51.27,0,0,0,0,53.43,0,0,0,0,54.59,0,0,0,0,57.47,0,0,0,0,59.2,0,0,0,0,60.54,0,0,61.81,63.25,0,66.27,70.96
2023-08-15,0,0,0,0,46.0,0,0,0,0,0,0,41.81,0,0,42.2,41.43,41.71,42.42,43.1,42.16,43.01,0,44.34,44.93,45.0,45.81,0,0,0,47.74,0,0,0,0,50.61,0,0,0,0,0,0,0,0,0,55.71,0,0,0,0,0,0,0,0,0,59.13,0,0,0,0,0,0,0,61.73,62.33,63.57,67.05,72.04
2023-08-16,0,0,0,0,0,0,0,0,0,0,0,0,0,0,40.9,0,41.49,0,42.29,42.77,43.02,44.03,45.14,0,46.18,46.02,0,0,0,48.0,0,0,0,0,50.98,0,0,0,0,0,0,0,0,0,0,0,0,0,0,0,0,0,0,0,59.33,0,0,0,0,0,0,0,60.58,61.94,0,0,0
2023-08-17,0,0,0,0,0,0,0,0,42.36,49.63,48.93,0,60.0,60.04,60.07,60.23,60.59,52.38,53.55,53.73,54.55,62.76,59.16,58.32,57.65,59.65,0,0,0,59.28,0,0,0,0,61.4,0,0,0,0,66.81,0,0,0,0,66.73,0,0,0,0,0,0,0,0,0,66.64,0,0,0,0,68.3,0,0,61.12,0,65.49,69.53,74.82
2023-08-18,0,0,50.39,0,0,0,0,0,0,45.57,0,45.01,45.33,45.29,45.52,47.02,46.58,46.45,48.27,48.3,48.69,49.04,49.51,49.73,50.97,50.83,0,0,0,53.25,0,0,0,0,57.37,0,0,0,0,58.09,0,0,0,0,61.79,0,0,0,0,64.29,0,0,0,0,64.78,0,0,0,0,66.22,0,0,66.85,69.26,69.71,0,79.04
2023-08-19,0,0,0,0,0,0,0,0,0,0,39.95,0,44.19,0,44.96,43.75,0,0,0,45.13,0,0,48.59,0,48.48,51.87,0,0,0,52.46,0,0,0,0,53.6,0,0,0,0,0,0,0,0,0,62.44,0,0,0,0,0,0,0,0,0,0,0,0,0,0,0,0,0,0,0,0,0,0
2023-08-20,0,0,0,0,0,0,0,0,0,0,0,0,0,42.94,0,0,0,45.68,0,0,0,0,0,0,48.94,0,0,0,0,50.32,0,0,0,0,55.19,0,0,0,0,54.49,0,0,0,0,0,0,0,0,0,0,0,0,0,0,0,0,0,0,0,0,0,0,70.16,0,0,71.29,0
2023-08-21,0,0,0,0,0,0,0,0,0,0,42.67,43.64,43.7,44.34,44.87,0,45.19,0,46.9,47.56,48.03,48.45,0,49.33,49.25,0,0,0,0,53.03,0,0,0,0,55.96,0,0,0,0,58.76,0,0,0,0,61.17,0,0,0,0,63.01,0,0,0,0,66.15,0,0,0,0,0,0,0,0,0,0,0,80.88
2023-08-22,0,0,0,0,0,0,0,0,0,0,43.12,43.64,44.4,44.13,44.44,44.82,0,0,46.22,46.89,0,48.6,49.03,48.96,50.67,51.53,0,0,0,53.2,0,0,0,0,56.02,0,0,0,0,58.68,0,0,0,0,61.0,0,0,0,0,63.32,0,0,0,0,64.77,0,0,0,0,0,0,0,0,0,0,0,0
2023-08-23,0,0,0,0,0,0,0,0,0,0,0,44.98,45.18,44.13,46.9,46.28,45.55,46.09,0,48.59,48.87,49.74,53.34,53.93,54.37,52.22,0,0,0,55.82,0,0,0,0,56.0,0,0,0,0,62.13,0,0,0,0,62.51,0,0,0,0,66.69,0,0,0,0,66.15,0,0,0,0,67.79,0,0,69.85,69.71,71.54,75.41,0
2023-08-24,0,0,50.33,47.55,48.43,48.07,47.05,47.03,46.13,45.98,45.05,45.67,46.04,46.35,46.82,47.06,47.16,48.43,48.58,49.58,49.79,51.35,51.77,52.41,52.63,53.48,0,0,0,56.41,0,0,0,0,58.75,0,0,0,0,0,0,0,0,0,62.36,0,0,0,0,65.26,0,0,0,0,67.33,0,0,0,0,68.92,0,0,0,0,0,0,0
2023-08-25,0,0,0,0,0,0,0,0,0,45.54,46.17,46.13,46.06,46.31,46.29,47.46,47.93,47.93,48.47,49.33,0,50.67,51.14,52.11,52.55,53.22,0,0,0,55.6,0,0,0,0,57.59,0,0,0,0,61.38,0,0,0,0,63.35,0,0,0,0,0,0,0,0,0,0,0,0,0,0,68.54,0,0,71.15,71.77,73.75,0,0
2023-08-26,0,0,0,0,0,0,0,0,0,0,45.79,45.94,0,45.88,46.23,0,0,0,0,49.68,49.95,0,0,0,0,0,0,0,0,0,0,0,0,0,58.07,0,0,0,0,0,0,0,0,0,62.91,0,0,0,0,0,0,0,0,0,67.84,0,0,0,0,0,0,0,0,0,0,0,0
2023-08-27,0,0,0,0,0,0,0,0,0,0,0,0,0,46.8,0,0,0,0,0,0,0,50.43,0,0,52.97,0,0,0,0,0,0,0,0,0,57.72,0,0,0,0,0,0,0,0,0,0,0,0,0,0,0,0,0,0,0,0,0,0,0,0,0,0,0,0,0,0,0,0
2023-08-28,0,0,0,0,0,0,46.64,0,0,0,45.96,45.74,45.71,45.59,46.21,0,47.44,47.67,48.56,49.49,49.58,50.55,50.97,51.46,52.6,0,0,0,0,54.65,0,0,0,0,57.79,0,0,0,0,60.38,0,0,0,0,0,0,0,0,0,0,0,0,0,0,66.49,0,0,0,0,68.33,0,0,70.1,0,74.29,76.39,79.79
2023-08-29,0,0,0,0,0,0,0,48.09,0,0,47.19,45.05,46.99,47.13,46.21,0,47.97,47.07,48.18,48.57,49.19,50.2,50.86,52.26,52.0,51.93,0,0,0,55.06,0,0,0,0,57.8,0,0,0,0,60.95,0,0,0,0,0,0,0,0,0,64.94,0,0,0,0,0,0,0,0,0,0,0,0,0,71.24,72.47,74.38,80.11
2023-08-30,0,0,0,50.35,0,0,0,0,0,45.12,45.03,44.9,0,45.58,46.0,46.04,46.94,46.83,0,48.0,0,49.43,50.01,50.73,51.34,51.91,0,0,0,55.1,0,0,0,0,56.59,0,0,0,0,59.3,0,0,0,0,61.9,0,0,0,0,63.77,0,0,0,0,65.61,0,0,0,0,0,0,0,0,71.03,72.16,0,0
2023-08-31,0,0,0,49.52,0,0,46.63,0,45.44,0,44.95,44.35,44.89,45.82,46.51,0,46.68,46.75,48.1,48.48,0,0,50.15,50.96,51.31,51.75,0,0,0,54.13,0,0,0,0,57.26,0,0,0,0,59.0,0,0,0,0,61.14,0,0,0,0,0,0,0,0,0,0,0,0,0,0,0,0,0,0,69.8,71.01,0,0
2023-09-01,0,0,0,0,47.32,0,0,0,0,0,44.65,44.78,44.77,46.29,45.89,47.31,47.35,0,0,48.16,49.39,49.36,49.89,50.61,51.63,0,0,0,0,54.16,0,0,0,0,56.82,0,0,0,0,0,0,0,0,0,61.57,0,0,0,0,0,0,0,0,0,0,0,0,0,0,0,0,0,0,0,0,0,0
2023-09-02,0,0,0,0,0,0,0,0,0,0,0,0,0,0,46.99,0,46.56,47.04,0,0,49.01,0,0,0,51.19,0,0,0,0,53.37,0,0,0,0,0,0,0,0,0,0,0,0,0,0,62.11,0,0,0,0,0,0,0,0,0,0,0,0,0,0,0,0,0,0,0,74.78,0,0
2023-09-03,0,0,0,0,0,0,0,0,0,0,0,0,0,0,0,0,0,0,0,0,0,0,0,0,51.47,0,0,0,0,53.9,0,0,0,0,0,0,0,0,0,0,0,0,0,0,0,0,0,0,0,0,0,0,0,0,0,0,0,0,0,0,0,0,0,0,0,0,81.67
2023-09-04,0,0,0,0,0,0,0,0,0,0,0,46.0,46.5,46.73,46.82,0,47.27,0,48.86,0,50.07,50.39,50.91,51.82,52.54,52.73,0,0,0,54.39,0,0,0,0,58.12,0,0,0,0,0,0,0,0,0,0,0,0,0,0,64.46,0,0,0,0,0,0,0,0,0,0,0,0,69.41,0,0,0,0
2023-09-05,0,0,0,0,0,0,0,0,0,0,46.5,0,0,0,47.16,47.46,0,48.32,0,0,0,51.09,50.87,51.36,0,0,0,0,0,54.91,0,0,0,0,0,0,0,0,0,0,0,0,0,0,0,0,0,0,0,0,0,0,0,0,66.17,0,0,0,0,0,0,0,0,0,74.22,77.81,0
2023-09-06,0,0,0,0,0,0,0,0,0,46.55,45.06,45.8,45.7,46.34,46.46,46.87,47.44,48.27,48.53,48.89,49.88,0,50.63,51.09,51.66,52.72,0,0,0,54.86,0,0,0,0,57.68,0,0,0,0,59.99,0,0,0,0,61.84,0,0,0,0,0,0,0,0,0,0,0,0,0,0,67.31,0,0,0,0,0,0,0
2023-09-07,0,0,0,0,50.65,0,0,0,0,0,0,46.34,45.43,45.7,45.65,47.73,46.51,48.02,48.54,48.86,50.41,50.53,51.0,0,52.63,52.76,0,0,0,55.42,0,0,0,0,57.6,0,0,0,0,60.83,0,0,0,0,0,0,0,0,0,0,0,0,0,0,0,0,0,0,0,67.45,0,0,0,0,0,0,0
2023-09-08,0,0,0,0,0,0,0,0,0,0,0,46.28,46.65,46.79,47.13,48.18,48.14,48.92,49.39,50.11,49.94,0,0,52.73,52.09,52.88,0,0,0,55.25,0,0,0,0,59.31,0,0,0,0,61.89,0,0,0,0,0,0,0,0,0,0,0,0,0,0,0,0,0,0,0,68.57,0,0,0,70.58,0,0,0
2023-09-09,0,0,0,0,0,0,0,0,0,0,0,0,0,0,0,0,0,0,0,49.91,0,0,0,0,0,0,0,0,0,0,0,0,0,0,0,0,0,0,0,61.26,0,0,0,0,62.55,0,0,0,0,0,0,0,0,0,0,0,0,0,0,0,0,0,0,0,0,0,80.07
2023-09-10,0,0,0,0,0,0,0,0,0,0,46.71,0,0,47.53,47.41,47.68,47.66,48.92,0,49.02,0,0,0,0,52.49,0,0,0,0,0,0,0,0,0,0,0,0,0,0,0,0,0,0,0,0,0,0,0,0,0,0,0,0,0,0,0,0,0,0,0,0,0,0,0,0,0,0
2023-09-11,0,0,0,0,51.35,0,0,0,0,47.66,47.8,47.49,48.41,48.51,49.12,48.18,50.09,50.11,50.41,50.69,52.18,52.55,52.47,53.39,54.97,55.1,0,0,0,57.19,0,0,0,0,59.14,0,0,0,0,63.62,0,0,0,0,64.22,0,0,0,0,0,0,0,0,0,0,0,0,0,0,0,0,0,73.56,74.74,0,78.14,82.98
2023-09-12,0,0,0,0,51.68,0,0,0,0,0,47.01,47.39,47.59,47.86,48.98,49.44,49.31,0,50.64,51.04,51.76,52.56,52.54,53.76,54.01,54.56,0,0,0,57.45,0,0,0,0,60.91,0,0,0,0,0,0,0,0,0,0,0,0,0,0,67.03,0,0,0,0,68.37,0,0,0,0,0,0,0,0,0,0,76.55,82.01
2023-09-13,0,0,0,0,0,0,0,0,0,0,0,0,47.56,0,48.71,49.1,49.24,49.97,50.55,51.53,52.53,0,0,0,54.91,55.51,0,0,0,58.23,0,0,0,0,60.95,0,0,0,0,64.41,0,0,0,0,66.49,0,0,0,0,0,0,0,0,0,0,0,0,0,0,71.56,0,0,73.22,74.5,76.19,0,83.16
2023-09-14,0,0,0,0,0,0,0,0,0,48.35,48.3,47.75,48.6,48.36,49.05,49.12,50.26,0,51.03,52.04,52.84,0,54.01,54.88,54.77,56.07,0,0,0,58.52,0,0,0,0,60.98,0,0,0,0,64.12,0,0,0,0,64.96,0,0,0,0,67.64,0,0,0,0,0,0,0,0,0,71.52,0,0,0,75.3,74.65,78.18,0
2023-09-15,0,0,0,0,0,0,0,0,0,0,0,0,47.62,47.87,47.98,48.89,49.14,0,0,51.24,52.41,53.09,53.61,54.15,0,55.16,0,0,0,58.34,0,0,0,0,61.07,0,0,0,0,63.25,0,0,0,0,66.35,0,0,0,0,67.71,0,0,0,0,70.12,0,0,0,0,72.55,0,0,73.12,74.38,77.33,77.6,0
2023-09-16,0,0,0,0,0,0,0,0,0,0,0,0,0,48.13,0,0,0,0,0,0,0,0,0,0,0,0,0,0,0,56.59,0,0,0,0,60.58,0,0,0,0,64.31,0,0,0,0,0,0,0,0,0,0,0,0,0,0,0,0,0,0,0,0,0,0,0,0,0,0,0
2023-09-17,0,0,0,0,0,0,0,0,0,0,0,0,47.86,0,0,0,0,50.18,0,0,0,0,0,0,0,55.45,0,0,0,0,0,0,0,0,0,0,0,0,0,0,0,0,0,0,0,0,0,0,0,0,0,0,0,0,0,0,0,0,0,0,0,0,0,0,0,0,83.23
2023-09-18,0,0,0,0,0,0,0,0,0,0,49.32,49.2,48.83,49.35,49.64,50.12,50.67,51.08,52.07,52.4,53.24,53.78,53.98,54.84,56.33,55.82,0,0,0,58.42,0,0,0,0,61.98,0,0,0,0,64.03,0,0,0,0,65.58,0,0,0,0,68.61,0,0,0,0,69.56,0,0,0,0,71.03,0,0,73.64,73.77,0,77.02,0
2023-09-19,0,0,0,0,0,0,0,0,0,0,0,48.73,49.32,49.13,49.5,50.01,50.47,51.05,51.7,51.53,52.37,54.3,55.03,56.01,55.67,57.53,0,0,0,59.6,0,0,0,0,63.69,0,0,0,0,65.36,0,0,0,0,69.58,0,0,0,0,71.51,0,0,0,0,75.05,0,0,0,0,76.03,0,0,76.62,78.53,79.25,81.92,83.07
2023-09-20,0,0,0,0,0,0,0,0,0,0,0,0,50.4,50.55,51.34,51.68,51.79,52.93,53.8,54.73,55.49,56.01,56.71,57.51,58.05,58.53,0,0,0,62.05,0,0,0,0,66.01,0,0,0,0,69.11,0,0,0,0,71.95,0,0,0,0,73.02,0,0,0,0,75.05,0,0,0,0,78.42,0,0,79.58,82.06,81.19,84.13,89.3
2023-09-21,0,0,0,55.9,0,0,0,0,0,50.44,0,50.09,50.39,50.05,50.88,51.51,52.29,52.63,53.29,54.43,55.23,55.72,56.82,56.71,57.75,59.11,0,0,0,62.14,0,0,0,0,65.43,0,0,0,0,67.46,0,0,0,0,70.99,0,0,0,0,72.48,0,0,0,0,74.38,0,0,0,0,76.99,0,0,78.28,79.91,0,83.55,0
2023-09-22,0,0,0,0,0,0,0,0,0,0,48.72,49.25,47.99,49.97,50.17,50.83,49.86,52.42,52.67,51.98,52.5,53.29,54.31,56.32,55.79,57.43,0,0,0,60.63,0,0,0,0,63.12,0,0,0,0,65.74,0,0,0,0,70.14,0,0,0,0,71.56,0,0,0,0,0,0,0,0,0,0,0,0,0,80.22,0,83.63,0
2023-09-23,0,0,0,0,0,0,0,0,0,0,0,48.7,48.51,49.31,48.59,49.38,49.0,51.16,0,50.74,53.15,53.25,54.54,54.61,56.04,55.37,0,0,0,59.01,0,0,0,0,63.57,0,0,0,0,65.39,0,0,0,0,68.84,0,0,0,0,69.85,0,0,0,0,71.83,0,0,0,0,74.53,0,0,0,81.2,0,0,86.57
2023-09-24,0,0,0,0,0,0,0,0,0,0,0,0,0,0,49.09,49.45,50.09,0,0,51.92,51.59,0,54.49,0,55.65,56.26,0,0,0,0,0,0,0,0,0,0,0,0,0,0,0,0,0,0,0,0,0,0,0,0,0,0,0,0,0,0,0,0,0,0,0,0,0,0,0,0,85.52
2023-09-25,0,0,0,0,53.1,0,0,0,0,47.14,47.04,48.44,48.49,48.97,49.43,48.52,51.22,50.38,52.17,52.99,53.64,54.73,55.16,55.83,56.59,57.21,0,0,0,59.89,0,0,0,0,62.35,0,0,0,0,64.84,0,0,0,0,67.32,0,0,0,0,69.25,0,0,0,0,71.48,0,0,0,0,73.93,0,0,77.02,78.57,81.35,81.44,87.37
2023-09-26,0,0,0,0,0,0,0,0,0,0,48.79,48.7,49.4,50.19,49.54,49.93,51.31,51.53,52.81,53.5,53.4,54.38,55.65,55.56,56.96,57.01,0,0,0,60.33,0,0,0,0,63.55,0,0,0,0,65.37,0,0,0,0,68.36,0,0,0,0,68.99,0,0,0,0,72.62,0,0,0,0,72.77,0,0,74.34,0,77.16,80.38,0
2023-09-27,0,0,0,0,0,0,0,0,0,0,0,47.94,48.07,48.58,48.95,50.49,51.18,51.66,52.69,53.37,53.07,54.07,54.56,55.61,55.98,56.47,0,0,0,60.35,0,0,0,0,62.58,0,0,0,0,65.1,0,0,0,0,67.83,0,0,0,0,69.56,0,0,0,0,0,0,0,0,0,0,0,0,0,77.09,77.71,78.88,82.5
2023-09-28,0,0,0,0,0,0,0,0,0,0,48.56,48.08,47.99,49.62,49.59,50.24,51.02,51.03,52.22,52.88,54.16,54.68,54.73,55.38,57.34,0,0,0,0,60.23,0,0,0,0,62.46,0,0,0,0,64.69,0,0,0,0,67.37,0,0,0,0,67.93,0,0,0,0,71.05,0,0,0,0,71.38,0,0,71.81,73.78,75.32,77.77,80.72
2023-09-29,0,0,0,0,0,0,0,0,0,0,48.64,45.77,45.88,46.41,47.85,48.02,0,49.11,50.28,50.7,51.45,52.16,52.44,53.53,53.86,55.65,0,0,0,57.48,0,0,0,0,58.78,0,0,0,0,62.04,0,0,0,0,64.49,0,0,0,0,64.86,0,0,0,0,65.87,0,0,0,0,67.72,0,0,71.75,72.81,74.16,76.81,0
2023-09-30,0,0,0,0,0,0,0,0,0,0,0,0,0,0,46.59,0,0,0,0,0,49.34,50.17,51.78,0,53.31,0,0,0,0,56.52,0,0,0,0,0,0,0,0,0,60.93,0,0,0,0,63.79,0,0,0,0,63.31,0,0,0,0,65.73,0,0,0,0,0,0,0,0,0,0,0,78.19
2023-10-01,0,0,0,0,0,0,0,0,0,0,0,0,0,45.71,47.03,0,0,47.33,48.52,49.48,49.12,0,50.18,0,51.58,52.64,0,0,0,54.96,0,0,0,0,58.26,0,0,0,0,61.2,0,0,0,0,62.84,0,0,0,0,66.41,0,0,0,0,66.58,0,0,0,0,67.63,0,0,70.35,73.36,0,74.36,79.8
2023-10-02,0,0,0,0,0,0,0,0,0,49.08,0,0,47.62,48.18,48.33,48.94,49.05,49.7,50.17,50.9,51.07,51.83,52.48,52.68,54.25,54.77,0,0,0,56.46,0,0,0,0,59.67,0,0,0,0,62.39,0,0,0,0,64.11,0,0,0,0,65.7,0,0,0,0,66.47,0,0,0,0,67.26,0,0,0,70.04,0,71.16,77.02
2023-10-03,0,0,0,0,0,0,0,0,0,0,0,48.12,47.75,47.95,48.22,48.75,48.99,49.27,50.37,50.88,51.72,52.1,52.48,53.38,53.93,53.77,0,0,0,56.83,0,0,0,0,59.94,0,0,0,0,61.98,0,0,0,0,64.09,0,0,0,0,0,0,0,0,0,67.22,0,0,0,0,68.79,0,0,69.67,71.03,0,73.43,0
2023-10-04,0,0,0,0,0,0,0,0,0,0,47.13,46.66,47.39,48.16,47.9,48.02,49.1,49.44,49.98,49.79,51.52,52.62,52.93,54.17,54.28,55.1,0,0,0,58.15,0,0,0,0,60.43,0,0,0,0,62.85,0,0,0,0,66.62,0,0,0,0,66.08,0,0,0,0,67.67,0,0,0,0,71.33,0,0,70.66,74.7,76.23,77.71,80.52
2023-10-05,0,0,0,0,0,0,0,0,0,0,0,47.32,46.31,47.27,47.07,47.29,48.56,49.28,49.69,50.53,50.86,51.4,52.73,52.47,54.37,55.1,0,0,0,57.33,0,0,0,0,60.22,0,0,0,0,62.56,0,0,0,0,65.2,0,0,0,0,66.42,0,0,0,0,68.99,0,0,0,0,69.05,0,0,71.16,73.34,72.48,76.54,80.76
2023-10-06,0,0,0,0,0,0,0,0,0,0,0,0,45.9,46.63,46.07,46.27,46.62,47.09,47.55,48.17,49.02,50.08,50.41,51.21,51.11,53.04,0,0,0,54.47,0,0,0,0,58.88,0,0,0,0,60.82,0,0,0,0,64.3,0,0,0,0,66.3,0,0,0,0,67.07,0,0,0,0,68.61,0,0,0,0,72.71,74.8,0
2023-10-07,0,0,0,0,0,0,0,0,0,0,0,45.69,45.31,0,46.09,45.82,0,0,48.22,48.71,49.95,50.64,51.28,51.96,52.91,53.8,0,0,0,56.52,0,0,0,0,59.44,0,0,0,0,62.57,0,0,0,0,64.65,0,0,0,0,0,0,0,0,0,68.23,0,0,0,0,0,0,0,0,0,0,0,0
2023-10-08,0,0,0,0,0,0,0,0,0,0,0,0,0,0,46.93,0,0,0,48.22,0,0,0,0,51.8,52.56,0,0,0,0,0,0,0,0,0,59.11,0,0,0,0,0,0,0,0,0,0,0,0,0,0,0,0,0,0,0,0,0,0,0,0,0,0,0,0,0,71.11,0,78.73
2023-10-09,0,0,0,0,0,0,0,0,0,0,0,46.64,46.1,46.56,46.74,46.53,47.04,48.08,49.05,48.97,49.61,50.4,50.97,52.58,53.51,53.59,0,0,0,55.39,0,0,0,0,58.58,0,0,0,0,61.57,0,0,0,0,63.05,0,0,0,0,64.58,0,0,0,0,67.11,0,0,0,0,68.39,0,0,0,0,0,0,0
2023-10-10,0,0,0,0,0,0,0,0,0,0,46.04,0,45.54,45.53,45.77,46.17,46.77,47.64,47.9,48.81,49.45,49.79,50.9,51.92,52.68,52.79,0,0,0,55.87,0,0,0,0,0,0,0,0,0,61.48,0,0,0,0,63.35,0,0,0,0,65.64,0,0,0,0,66.84,0,0,0,0,0,0,0,71.24,0,0,74.88,0
2023-10-11,0,0,0,0,0,0,0,0,0,44.89,44.27,44.22,44.45,44.71,45.07,45.58,46.3,47.19,48.02,48.32,49.09,49.72,50.67,52.6,53.38,53.93,0,0,0,57.28,0,0,0,0,60.66,0,0,0,0,63.81,0,0,0,0,65.42,0,0,0,0,68.46,0,0,0,0,70.31,0,0,0,0,71.75,0,0,73.8,0,75.22,77.14,81.27
2023-10-12,0,0,0,0,0,0,0,0,0,0,0,0,45.03,45.03,45.67,46.21,46.54,47.2,48.33,49.33,49.76,50.61,51.7,0,53.3,53.87,0,0,0,56.58,0,0,0,0,60.03,0,0,0,0,63.12,0,0,0,0,65.34,0,0,0,0,68.33,0,0,0,0,0,0,0,0,0,71.59,0,0,0,0,0,0,0
2023-10-13,0,0,0,0,0,0,0,0,0,45.73,0,0,44.6,44.74,44.88,45.37,46.09,47.19,0,47.94,49.18,49.91,50.95,52.08,52.93,53.95,0,0,0,0,0,0,0,0,59.76,0,0,0,0,62.05,0,0,0,0,65.01,0,0,0,0,66.53,0,0,0,0,0,0,0,0,0,0,0,0,0,73.2,0,0,0
2023-10-14,0,0,0,0,0,0,0,0,0,0,0,0,0,44.63,44.93,45.53,45.78,46.84,47.61,48.5,49.26,50.16,51.13,0,0,0,0,0,0,56.53,0,0,0,0,59.59,0,0,0,0,0,0,0,0,0,0,0,0,0,0,0,0,0,0,0,0,0,0,0,0,0,0,0,72.29,0,74.07,0,0
2023-10-15,0,0,0,0,0,0,0,0,0,0,0,0,0,45.37,45.84,0,0,47.27,47.48,49.22,49.31,0,51.08,51.88,52.75,54.48,0,0,0,57.71,0,0,0,0,61.11,0,0,0,0,63.97,0,0,0,0,0,0,0,0,0,0,0,0,0,0,70.73,0,0,0,0,0,0,0,0,72.73,0,0,0
2023-10-16,0,0,0,0,57.6,0,0,0,0,46.08,0,45.18,44.72,47.25,46.14,45.7,46.93,46.89,47.74,48.5,49.19,50.39,50.71,51.25,52.18,52.86,0,0,0,55.2,0,0,0,0,58.35,0,0,0,0,62.16,0,0,0,0,64.61,0,0,0,0,67.22,0,0,0,0,69.47,0,0,0,0,70.05,0,0,72.2,71.52,73.67,75.25,77.78
2023-10-17,0,0,0,0,0,0,0,0,0,47.96,0,46.05,46.31,46.05,46.84,46.78,47.23,47.62,48.38,49.08,0,49.83,51.46,52.4,53.19,53.43,0,0,0,56.13,0,0,0,0,59.51,0,0,0,0,62.73,0,0,0,0,64.56,0,0,0,0,65.51,0,0,0,0,0,0,0,0,0,0,0,0,0,73.99,75.01,76.52,0
2023-10-18,0,0,0,0,0,0,0,0,0,0,0,45.14,0,45.05,45.91,46.43,47.03,47.65,48.31,49.2,49.64,50.73,51.44,51.58,53.08,54.14,0,0,0,56.11,0,0,0,0,59.78,0,0,0,0,62.02,0,0,0,0,63.51,0,0,0,0,0,0,0,0,0,68.15,0,0,0,0,0,0,0,0,71.62,75.74,75.02,0
2023-10-19,0,0,0,0,0,0,0,49.16,0,0,0,46.57,46.0,46.18,45.81,46.57,47.04,48.36,48.55,49.18,49.97,50.61,51.55,52.61,53.14,53.47,0,0,0,57.1,0,0,0,0,59.68,0,0,0,0,62.51,0,0,0,0,64.35,0,0,0,0,66.92,0,0,0,0,68.67,0,0,0,0,0,0,0,72.71,73.62,0,73.79,0
2023-10-20,0,0,0,0,0,0,0,0,0,0,0,49.14,49.82,49.53,49.49,50.65,50.13,50.69,50.56,51.78,52.45,53.2,53.76,54.4,55.91,56.05,0,0,0,58.87,0,0,0,0,62.19,0,0,0,0,65.54,0,0,0,0,67.41,0,0,0,0,70.03,0,0,0,0,71.5,0,0,0,0,72.2,0,0,74.17,76.57,76.68,79.41,79.57
2023-10-21,0,0,0,0,55.22,0,0,0,0,0,0,0,0,51.08,48.33,49.77,49.39,51.05,51.75,51.55,53.37,53.23,54.07,54.35,55.88,0,0,0,0,58.6,0,0,0,0,62.67,0,0,0,0,65.86,0,0,0,0,68.17,0,0,0,0,69.39,0,0,0,0,71.76,0,0,0,0,73.38,0,0,0,0,0,0,0
2023-10-22,0,0,0,0,0,0,0,0,0,0,50.27,50.58,0,0,50.06,51.05,50.83,50.1,52.53,52.45,53.34,53.92,54.63,55.26,56.46,57.02,0,0,0,59.73,0,0,0,0,62.89,0,0,0,0,0,0,0,0,0,0,0,0,0,0,0,0,0,0,0,0,0,0,0,0,0,0,0,0,77.28,0,77.31,82.36
2023-10-23,0,0,0,0,0,0,0,0,0,53.5,53.81,0,63.99,63.79,54.93,56.47,56.54,56.57,56.84,53.4,56.83,57.39,60.27,58.65,59.26,59.58,0,0,0,61.22,0,0,0,0,63.12,0,0,0,0,64.88,0,0,0,0,67.4,0,0,0,0,69.01,0,0,0,0,70.54,0,0,0,0,72.11,0,0,75.21,76.15,76.82,84.44,84.37
2023-10-24,0,0,66.38,0,66.66,0,0,0,0,59.52,0,54.99,59.08,53.08,52.71,53.4,53.47,52.12,53.49,52.54,53.48,53.21,55.46,54.69,54.75,55.34,55.54,0,0,57.43,0,0,0,0,60.03,0,0,0,0,61.9,0,0,0,0,63.47,0,0,0,0,66.52,0,0,0,0,66.89,0,0,0,0,70.49,0,0,71.23,75.9,74.08,74.09,80.28
2023-10-25,0,0,0,0,64.14,0,0,0,0,0,0,56.87,0,0,57.38,55.87,57.31,57.24,56.72,57.41,57.71,57.81,58.19,58.54,58.93,58.56,58.4,0,0,60.34,0,0,0,0,62.61,0,0,0,0,64.25,0,0,0,0,66.53,0,0,0,0,67.75,0,0,0,0,69.54,0,0,0,0,0,0,0,72.52,74.66,76.44,75.36,80.81
2023-10-26,0,0,66.7,0,0,0,0,0,0,0,0,58.36,0,58.6,58.59,58.55,56.73,0,56.0,58.63,59.32,57.12,60.16,57.23,57.94,60.24,61.06,0,0,59.47,0,0,0,0,61.91,0,0,0,0,63.73,0,0,0,0,65.07,0,0,0,0,68.2,0,0,0,0,68.97,0,0,0,0,0,0,0,73.35,75.16,75.05,78.88,81.75
2023-10-27,0,0,0,0,0,0,0,0,0,0,55.5,0,54.22,55.45,0,53.92,56.65,0,0,54.99,55.79,56.0,57.26,55.83,57.42,0,57.52,0,0,59.85,0,0,0,0,61.97,0,0,0,0,63.84,0,0,0,0,66.5,0,0,0,0,68.01,0,0,0,0,70.0,0,0,0,0,0,0,0,71.52,72.9,76.01,79.74,0
2023-10-28,0,0,0,0,0,0,0,0,0,0,55.94,0,0,53.95,53.87,0,0,55.33,55.62,54.27,0,56.26,56.52,0,57.11,0,0,0,0,58.75,0,0,0,0,63.18,0,0,0,0,63.58,0,0,0,0,64.86,0,0,0,0,0,0,0,0,0,68.29,0,0,0,0,0,0,0,0,0,0,0,0
2023-10-29,0,0,0,0,0,0,0,0,0,0,0,0,0,0,55.91,0,0,55.83,56.58,57.53,55.6,57.2,57.15,57.87,58.91,0,60.01,0,0,58.99,0,0,0,0,62.15,0,0,0,0,0,0,0,0,0,66.05,0,0,0,0,0,0,0,0,0,0,0,0,0,0,0,0,0,73.12,0,0,78.56,82.99
2023-10-30,0,0,0,0,64.65,0,0,0,0,0,0,56.5,57.95,56.63,56.99,57.31,56.92,0,55.85,57.21,57.4,58.1,58.46,58.99,59.27,0,59.19,0,0,61.28,0,0,0,0,63.96,0,0,0,0,65.93,0,0,0,0,67.72,0,0,0,0,69.42,0,0,0,0,70.68,0,0,0,0,71.96,0,0,0,0,75.63,78.3,80.94
2023-10-31,0,0,0,0,0,0,0,0,0,0,0,0,56.86,56.71,58.22,56.3,56.07,0,0,0,57.81,57.56,58.36,58.93,59.84,60.2,60.99,0,0,62.14,0,0,0,0,64.3,0,0,0,0,66.52,0,0,0,0,0,0,0,0,0,69.22,0,0,0,0,70.74,0,0,0,0,0,0,0,0,0,74.81,0,83.42
2023-11-01,0,0,0,0,68.99,0,0,0,0,0,0,58.1,0,0,60.57,0,59.55,0,0,0,60.58,59.41,61.63,61.56,61.84,61.9,61.67,0,0,63.93,0,0,0,0,66.8,0,0,0,0,68.57,0,0,0,0,70.28,0,0,0,0,72.72,0,0,0,0,73.35,0,0,0,0,74.29,0,0,77.32,77.64,78.95,82.8,82.6
2023-11-02,0,0,0,0,69.53,0,0,0,0,0,0,0,0,0,59.76,60.99,60.97,60.92,61.1,61.18,61.8,61.56,62.69,63.0,63.34,64.1,64.51,64.12,0,65.3,0,0,0,0,68.81,0,0,0,0,70.93,0,0,0,0,72.35,0,0,0,0,73.49,0,0,0,0,76.71,0,0,0,0,76.84,0,0,76.88,79.11,79.2,81.9,85.31
2023-11-03,0,0,0,0,0,0,0,0,0,0,0,60.79,0,0,59.93,59.59,60.73,61.13,0,61.27,60.87,61.32,61.82,61.85,62.68,63.31,63.7,64.29,0,65.14,0,0,0,0,67.66,0,0,0,0,70.09,0,0,0,0,72.85,0,0,0,0,74.61,0,0,0,0,74.47,0,0,0,0,0,0,0,77.23,0,0,80.74,84.53
2023-11-04,0,0,0,0,0,0,0,0,0,0,0,0,61.15,0,61.97,0,0,0,0,61.56,0,63.71,63.68,0,63.03,0,0,65.65,0,0,0,0,0,0,68.3,0,0,0,0,72.35,0,0,0,0,74.19,0,0,0,0,75.89,0,0,0,0,0,0,0,0,0,80.66,0,0,0,84.42,83.47,87.82,94.37
2023-11-05,0,0,0,0,69.71,0,0,0,0,63.83,62.11,0,61.83,0,0,0,0,0,0,62.04,62.88,62.49,63.14,0,63.85,0,66.09,65.63,0,66.56,0,0,0,0,68.53,0,0,0,0,72.17,0,0,0,0,0,0,0,0,0,74.49,0,0,0,0,0,0,0,0,0,0,0,0,80.12,81.25,83.45,85.93,89.43
2023-11-06,0,0,0,0,68.92,0,0,0,0,0,63.02,0,0,0,60.45,61.12,0,61.68,58.2,61.56,61.36,62.59,62.45,63.66,64.21,64.68,65.02,65.34,0,66.61,0,0,0,0,68.58,0,0,0,0,70.39,0,0,0,0,72.86,0,0,0,0,74.88,0,0,0,0,76.38,0,0,0,0,77.71,0,0,79.61,81.39,0,85.41,88.65
2023-11-07,0,0,0,0,67.99,0,0,0,0,62.03,0,0,60.29,0,59.42,0,0,59.6,60.03,60.39,60.34,60.69,61.49,61.84,62.29,62.38,63.56,64.1,0,65.04,0,0,0,0,68.11,0,0,0,0,68.77,0,0,0,0,71.14,0,0,0,0,74.39,0,0,0,0,74.26,0,0,0,0,77.35,0,0,78.32,79.49,81.83,83.63,86.89
2023-11-08,0,0,0,0,0,0,0,63.85,0,62.84,0,60.62,0,0,59.44,0,59.48,59.23,0,0,60.28,60.36,60.85,0,61.65,62.41,63.05,62.93,0,64.48,0,0,0,0,66.63,0,0,0,0,68.09,0,0,0,0,70.84,0,0,0,0,72.47,0,0,0,0,73.99,0,0,0,0,75.96,0,0,78.12,0,81.18,84.06,85.56
2023-11-09,0,0,0,0,0,0,0,0,64.51,66.38,62.85,61.2,64.1,60.26,60.0,60.4,0,59.84,62.49,59.76,61.38,62.98,61.15,61.82,62.67,62.68,63.15,63.57,65.33,63.63,0,0,0,0,66.19,0,0,0,0,67.91,0,0,0,0,70.99,0,0,0,0,72.15,0,0,0,0,74.07,0,0,0,0,75.73,0,0,77.32,78.76,80.34,83.37,87.11
2023-11-10,0,0,67.34,0,0,0,0,0,0,60.96,62.09,0,60.25,59.99,60.08,59.61,59.31,59.07,59.07,59.69,59.8,60.36,60.39,59.62,60.28,60.17,61.96,62.74,61.91,62.34,0,0,0,0,63.73,0,0,0,0,66.18,0,0,0,0,67.99,0,0,0,0,69.59,0,0,0,0,71.92,0,0,0,0,73.8,0,0,75.5,76.82,77.6,80.52,84.2
2023-11-11,0,0,0,0,0,0,0,0,0,0,0,0,0,58.68,58.73,0,0,57.22,0,0,59.03,57.99,58.55,59.14,59.71,60.75,60.02,0,0,61.73,0,0,0,0,63.79,0,0,0,0,0,0,0,0,0,68.57,0,0,0,0,0,0,0,0,0,0,0,0,0,0,0,0,0,0,0,0,0,84.95
2023-11-12,0,0,0,0,0,0,0,0,0,0,0,0,0,0,60.07,0,0,0,0,57.99,0,59.21,59.01,0,59.81,0,0,60.34,60.73,60.18,0,0,0,0,63.28,0,0,0,0,0,0,0,0,0,67.54,0,0,0,0,69.06,0,0,0,0,0,0,0,0,0,0,0,0,0,0,0,0,85.01
2023-11-13,0,0,0,0,0,0,0,0,0,0,62.26,59.48,0,0,59.67,0,0,0,0,0,0,58.61,58.88,58.77,58.66,59.42,0,60.3,61.3,60.33,0,0,0,0,63.28,0,0,0,0,65.91,0,0,0,0,66.85,0,0,0,0,69.28,0,0,0,0,71.88,0,0,0,0,73.5,0,0,75.32,75.95,79.33,82.17,87.34
2023-11-14,0,0,0,0,0,0,0,0,0,0,61.24,0,0,0,58.21,58.91,0,0,0,58.56,59.38,58.31,59.61,59.89,60.08,60.52,59.62,60.36,60.57,61.04,0,0,0,0,63.48,0,0,0,0,0,0,0,0,0,68.36,0,0,0,0,70.45,0,0,0,0,71.41,0,0,0,0,74.88,0,0,76.72,77.26,0,83.84,86.63
2023-11-15,0,0,0,0,0,0,0,0,0,63.15,63.01,61.49,0,59.11,59.92,60.29,56.0,56.53,59.98,60.02,58.31,57.71,60.53,59.88,61.42,0,61.69,59.52,62.45,63.02,0,0,0,0,64.38,0,0,0,0,66.89,0,0,0,0,69.52,0,0,0,0,70.76,0,0,0,0,72.14,0,0,0,0,0,0,0,75.99,0,78.71,0,90.34
2023-11-16,0,0,0,0,0,0,0,0,0,63.92,0,60.63,0,0,60.5,58.54,0,0,0,59.51,59.26,58.9,59.52,0,60.37,60.9,60.55,62.38,62.06,62.9,0,0,0,0,63.98,0,0,0,0,66.27,0,0,0,0,69.02,0,0,0,0,0,0,0,0,0,73.73,0,0,0,0,0,0,0,0,79.23,80.25,85.33,90.14
2023-11-17,0,0,0,0,0,0,0,0,0,0,0,0,0,0,58.83,0,0,58.6,58.66,58.77,58.61,59.06,58.84,59.21,59.71,0,60.82,61.59,0,61.7,0,0,0,0,63.14,0,0,0,0,66.41,0,0,0,0,70.0,0,0,0,0,72.17,0,0,0,0,73.73,0,0,0,0,0,0,0,77.95,78.43,80.56,85.09,90.07
2023-11-18,0,0,0,0,0,0,0,0,0,60.98,60.86,0,0,0,59.32,0,0,0,57.07,0,0,0,0,0,0,0,0,60.75,0,0,0,0,0,0,64.21,0,0,0,0,0,0,0,0,0,68.06,0,0,0,0,0,0,0,0,0,74.42,0,0,0,0,0,0,0,0,78.63,0,85.58,0
2023-11-19,0,0,0,0,0,0,0,0,0,62.27,0,0,0,0,57.9,0,0,0,0,0,0,58.52,0,58.72,0,0,0,60.72,0,61.67,0,0,0,0,63.19,0,0,0,0,0,0,0,0,0,67.72,0,0,0,0,70.4,0,0,0,0,73.5,0,0,0,0,74.94,0,0,77.67,78.97,81.05,82.51,89.18
2023-11-20,0,0,0,0,72.36,0,0,0,0,61.69,0,61.61,0,59.08,59.37,0,0,0,0,59.51,0,0,0,59.65,59.98,61.48,60.76,61.28,61.44,0,0,0,0,0,64.49,0,0,0,0,66.35,0,0,0,0,68.35,0,0,0,0,70.97,0,0,0,0,73.03,0,0,0,0,74.41,0,0,76.96,79.34,0,0,89.63
2023-11-21,0,0,0,0,0,0,0,0,0,0,0,61.14,0,0,58.51,57.91,57.88,0,0,58.14,0,58.6,59.37,59.81,59.67,60.32,60.78,61.18,61.88,62.29,0,0,0,0,65.39,0,0,0,0,66.92,0,0,0,0,70.28,0,0,0,0,71.15,0,0,0,0,73.87,0,0,0,0,0,0,0,76.55,78.64,81.82,84.24,87.37
2023-11-22,0,0,0,0,0,0,0,0,0,0,0,60.52,0,0,59.94,0,0,0,0,0,0,0,60.38,60.11,60.41,60.95,61.67,0,61.99,62.56,0,0,0,0,65.49,0,0,0,0,66.56,0,0,0,0,69.11,0,0,0,0,72.13,0,0,0,0,74.22,0,0,0,0,76.31,0,0,77.42,79.13,81.19,84.47,87.97
2023-11-23,0,0,0,0,0,0,0,0,0,0,0,0,0,0,0,59.26,0,0,0,59.26,0,0,59.54,0,60.59,0,60.56,61.61,61.86,62.31,0,0,0,0,64.53,0,0,0,0,67.61,0,0,0,0,70.23,0,0,0,0,0,0,0,0,0,73.13,0,0,0,0,0,0,0,0,79.75,0,0,89.25
2023-11-24,0,0,0,0,0,0,0,0,0,62.18,0,61.05,0,0,0,0,58.89,0,58.34,59.57,0,0,59.34,59.92,60.53,60.45,61.36,61.21,62.38,62.38,0,0,0,0,64.22,0,0,0,0,66.8,0,0,0,0,68.95,0,0,0,0,70.89,0,0,0,0,72.94,0,0,0,0,74.59,0,0,76.46,78.18,80.63,84.33,88.12
2023-11-25,0,0,0,0,0,0,0,0,0,0,0,0,0,0,0,0,60.83,0,58.49,0,59.02,0,0,0,0,0,0,0,0,61.32,0,0,0,0,63.93,0,0,0,0,0,0,0,0,0,0,0,0,0,0,0,0,0,0,0,0,0,0,0,0,0,0,0,0,0,78.1,81.91,0
2023-11-26,0,0,0,0,0,0,0,0,0,0,0,0,0,0,0,0,0,0,0,0,0,0,0,0,58.79,58.46,60.41,60.37,60.43,60.21,0,0,0,0,62.78,0,0,0,0,65.28,0,0,0,0,67.27,0,0,0,0,0,0,0,0,0,0,0,0,0,0,0,0,0,0,78.22,0,0,0
2023-11-27,0,0,0,0,0,66.65,0,0,0,0,0,0,60.99,58.42,0,0,0,0,57.04,0,0,0,58.19,59.3,59.25,58.82,0,59.69,60.88,60.67,0,0,0,0,62.94,0,0,0,0,65.28,0,0,0,0,67.53,0,0,0,0,69.47,0,0,0,0,0,0,0,0,0,0,0,0,75.69,0,79.67,83.37,86.69
2023-11-28,0,0,0,0,0,67.38,0,0,0,0,0,60.11,0,0,0,0,0,59.42,56.59,0,0,57.93,0,58.7,58.7,58.89,59.02,59.29,59.7,60.72,0,0,0,0,62.66,0,0,0,0,64.96,0,0,0,0,67.33,0,0,0,0,68.93,0,0,0,0,72.18,0,0,0,0,0,0,0,0,77.2,78.8,82.9,85.43
2023-11-29,0,0,0,0,0,0,0,0,0,0,0,0,0,0,0,0,0,0,59.35,57.55,0,57.75,58.65,58.66,59.34,0,59.73,59.81,60.25,60.9,0,0,0,0,62.94,0,0,0,0,65.31,0,0,0,0,67.29,0,0,0,0,69.48,0,0,0,0,71.51,0,0,0,0,73.54,0,0,75.12,77.0,78.47,83.59,87.39
2023-11-30,0,0,0,0,0,0,0,64.21,0,0,0,0,0,0,0,0,0,57.69,0,0,0,0,57.76,58.08,58.34,58.39,58.72,0,60.06,60.01,0,0,0,0,62.62,0,0,0,0,65.42,0,0,0,0,0,0,0,0,0,67.49,0,0,0,0,71.73,0,0,0,0,72.3,0,0,76.22,75.95,79.08,81.88,90.07
2023-12-01,0,0,0,0,0,0,0,0,0,61.62,0,59.99,0,0,58.11,0,0,0,0,58.06,0,0,58.17,56.95,58.16,58.49,58.31,59.21,59.17,59.65,0,0,0,0,60.59,0,0,0,0,63.08,0,0,0,0,65.05,0,0,0,0,66.58,0,0,0,0,69.25,0,0,0,0,71.52,0,0,74.21,75.69,78.11,81.24,85.46
2023-12-02,0,0,0,0,0,0,0,0,0,0,65.21,62.68,0,0,0,61.05,0,0,0,57.54,58.11,57.31,0,0,58.86,59.06,0,0,0,59.14,59.64,0,0,0,61.48,0,0,0,0,0,0,0,0,0,64.62,0,0,0,0,66.43,0,0,0,0,68.29,0,0,0,0,0,0,0,72.4,0,0,0,0
2023-12-03,0,0,0,0,0,0,0,0,0,65.6,68.12,0,58.35,0,61.0,61.78,0,0,0,59.25,0,0,58.26,0,59.48,59.0,0,59.82,60.03,60.46,0,0,0,0,61.59,0,0,0,0,0,0,0,0,0,64.32,0,0,0,0,0,0,0,0,0,68.51,0,0,0,0,72.31,0,0,74.42,0,0,78.98,85.85
2023-12-04,0,0,0,0,77.07,0,0,0,0,0,63.77,62.99,0,0,60.47,0,0,58.52,0,58.71,58.76,58.04,58.37,57.84,59.62,57.64,58.78,59.4,59.55,59.66,59.94,60.21,60.46,60.71,61.21,0,0,0,0,62.5,0,0,0,0,64.5,0,0,0,0,65.86,0,0,0,0,68.28,0,0,0,0,70.32,0,0,71.65,73.07,75.16,78.46,82.89
2023-12-05,0,0,0,0,0,0,0,0,0,0,67.59,64.94,63.05,0,61.42,65.86,0,58.58,57.87,55.87,0,57.65,56.22,0,57.85,57.44,57.42,58.05,57.99,58.36,59.21,58.16,58.53,58.99,58.87,0,0,0,0,60.15,0,0,0,0,63.0,0,0,0,0,64.23,0,0,0,0,66.27,0,0,0,0,67.8,0,0,70.57,71.2,73.45,77.17,84.17
2023-12-06,0,0,0,0,0,0,0,0,0,0,0,0,0,59.87,62.6,61.65,56.87,59.99,0,59.58,0,54.82,54.56,0,56.29,57.19,57.83,0,57.59,57.87,57.82,58.03,0,57.75,58.38,59.52,58.94,0,0,59.81,0,0,0,0,61.74,0,0,0,0,63.5,0,0,0,0,65.5,0,0,0,0,67.63,0,0,69.23,71.43,75.62,78.66,82.59
2023-12-07,0,0,0,0,0,0,0,0,0,0,0,0,0,62.42,61.51,0,0,59.26,58.86,58.27,0,55.79,56.31,55.83,55.42,55.66,55.44,56.32,55.78,55.62,56.09,55.76,56.15,0,56.62,56.87,56.91,0,0,58.02,0,0,0,0,60.69,0,0,0,0,61.45,0,0,0,0,63.61,0,0,0,0,65.51,0,0,67.75,0,72.82,76.61,83.9
2023-12-08,0,0,0,0,0,0,0,0,0,0,0,0,65.2,63.0,62.7,61.34,0,0,0,58.8,57.43,0,56.38,0,55.56,55.33,55.82,55.28,55.04,55.13,56.33,55.51,55.46,0,56.89,56.27,56.74,0,0,57.7,0,0,0,0,58.86,0,0,0,0,60.85,0,0,0,0,62.04,0,0,0,0,0,0,0,0,69.98,72.53,0,82.86
2023-12-09,0,0,0,0,0,0,0,0,0,0,0,0,0,0,62.65,0,0,0,0,57.91,0,0,56.62,0,0,0,0,0,55.95,56.62,0,55.81,0,0,56.63,0,56.5,0,0,57.4,0,0,0,0,59.24,0,0,0,0,60.64,0,0,0,0,63.85,0,0,0,0,0,0,0,66.67,0,0,0,0
2023-12-10,0,0,0,0,0,0,0,0,0,0,0,0,0,0,63.24,0,0,0,0,0,0,0,0,0,56.48,0,55.9,0,56.04,56.3,57.05,56.57,55.91,56.59,56.67,0,56.68,0,0,57.25,0,0,0,0,59.62,0,0,0,0,0,0,0,0,0,63.55,0,0,0,0,0,0,0,0,0,73.07,77.81,0
2023-12-11,0,0,0,0,0,0,0,0,0,0,0,0,0,60.71,61.31,0,0,0,57.31,56.23,0,56.31,56.93,56.64,55.91,57.92,55.65,55.77,55.93,56.28,56.62,56.25,57.07,56.98,57.49,0,57.78,0,0,58.7,0,0,0,0,61.66,0,0,0,0,64.22,0,0,0,0,64.53,0,0,0,0,67.41,0,0,69.6,73.6,75.99,75.6,81.17
2023-12-12,0,0,0,0,0,0,0,0,0,0,0,0,0,0,0,0,0,0,0,0,56.48,0,55.62,0,55.2,0,54.84,55.48,55.43,55.32,55.62,55.9,56.24,56.36,57.0,56.79,56.91,0,0,58.15,0,0,0,0,60.22,0,0,0,0,61.65,0,0,0,0,0,0,0,0,0,0,0,0,68.64,0,72.08,77.0,81.97
2023-12-13,0,0,0,0,0,0,0,0,0,0,65.36,63.72,0,0,0,0,57.12,0,0,56.64,0,0,0,54.77,54.53,0,54.65,54.99,54.88,54.31,54.89,55.06,55.26,55.46,55.59,56.15,56.81,0,0,57.05,0,0,0,0,58.8,0,0,0,0,60.3,0,0,0,0,63.35,0,0,0,0,65.03,0,0,67.81,70.54,71.39,75.64,81.57
2023-12-14,0,0,0,0,0,0,0,0,0,0,0,0,0,67.34,0,0,0,0,0,56.66,0,55.55,55.32,0,55.23,0,54.24,54.03,54.52,55.25,54.23,55.52,55.58,55.86,55.67,55.62,55.96,0,0,56.99,0,0,0,0,58.5,0,0,0,0,60.7,0,0,0,0,62.91,0,0,0,0,65.74,0,0,66.42,0,71.63,75.19,0
2023-12-15,0,0,0,0,0,0,0,0,0,0,65.33,64.71,62.72,0,58.9,60.0,59.08,58.52,0,56.61,55.75,0,0,0,0,0,54.56,54.73,54.01,55.04,0,55.52,55.62,55.96,55.79,0,56.44,0,0,57.46,0,0,0,0,59.32,0,0,0,0,61.4,0,0,0,0,62.32,0,0,0,0,65.73,0,0,67.87,69.7,0,74.05,0
2023-12-16,0,0,0,0,0,0,0,0,0,0,0,0,0,0,59.71,58.17,57.49,0,0,0,0,0,0,0,54.1,0,0,0,54.86,54.41,54.3,0,53.94,54.8,56.41,0,0,0,0,0,0,0,0,0,0,0,0,0,0,59.73,0,0,0,0,63.55,0,0,0,0,64.12,0,0,0,0,0,76.61,0
2023-12-17,0,0,0,0,0,0,0,0,0,0,0,0,0,0,0,0,0,57.39,0,54.49,0,0,0,0,54.72,0,54.24,0,55.04,54.69,54.96,54.77,55.09,54.68,55.92,0,0,0,0,55.54,0,0,0,0,59.21,0,0,0,0,0,0,0,0,0,62.2,0,0,0,0,0,0,0,0,70.19,72.73,76.84,0
2023-12-18,0,0,0,0,0,0,0,0,0,0,0,0,62.27,61.23,0,58.7,0,0,0,0,55.25,0,0,0,54.54,53.95,54.32,55.29,55.05,55.32,53.95,55.63,54.33,0,56.2,55.92,55.99,0,0,57.2,0,0,0,0,59.47,0,0,0,0,61.3,0,0,0,0,63.22,0,0,0,0,0,0,0,67.49,69.91,71.88,75.65,0
2023-12-19,0,0,0,0,0,0,0,0,0,0,0,0,0,0,0,0,0,0,0,58.15,57.45,0,0,0,55.72,0,0,0,56.06,56.14,56.09,56.34,56.92,0,57.12,0,57.52,0,0,58.84,0,0,0,0,61.11,0,0,0,0,63.2,0,0,0,0,0,0,0,0,0,0,0,0,0,71.47,0,76.25,0
2023-12-20,0,0,0,0,0,0,0,0,0,0,62.88,0,0,0,62.75,0,60.04,0,58.11,0,0,56.24,0,0,54.97,56.07,56.19,55.56,56.65,56.82,56.58,56.46,57.16,57.2,57.89,57.7,57.99,0,0,59.26,0,0,0,0,59.9,0,0,0,0,62.25,0,0,0,0,64.13,0,0,0,0,67.59,0,0,69.02,70.84,73.68,80.03,83.9
2023-12-21,0,0,0,0,0,0,0,0,0,0,0,0,0,0,62.77,62.37,0,0,0,0,0,58.03,0,56.5,57.28,0,56.8,0,0,56.69,0,57.05,57.2,0,57.81,57.72,0,0,0,59.0,0,0,0,0,60.78,0,0,0,0,62.07,0,0,0,0,64.77,0,0,0,0,0,0,0,68.5,0,74.04,78.72,0
2023-12-22,0,0,0,0,0,0,0,73.36,0,0,0,0,64.95,65.21,62.62,0,59.97,0,0,58.24,57.61,57.98,0,0,57.04,0,0,0,0,56.89,0,0,57.05,57.02,57.99,58.05,0,0,0,59.56,0,0,0,0,60.36,0,0,0,0,63.0,0,0,0,0,65.97,0,0,0,0,66.63,0,0,0,0,73.9,78.23,83.78
2023-12-23,0,0,0,0,0,0,0,0,0,0,0,0,0,64.6,62.02,0,0,0,0,0,0,0,0,0,0,0,0,0,56.53,56.65,0,0,56.83,0,57.34,0,0,0,0,58.78,0,0,0,0,60.01,0,0,0,0,62.07,0,0,0,0,64.09,0,0,0,0,0,0,0,68.04,0,0,76.08,0
2023-12-24,0,0,0,0,0,0,0,0,0,0,0,0,0,0,62.45,0,0,0,0,0,0,0,55.53,0,56.16,0,0,0,0,56.93,0,57.23,0,0,57.38,0,58.02,0,0,59.13,0,0,0,0,60.66,0,0,0,0,62.4,0,0,0,0,0,0,0,0,0,0,0,0,67.61,0,71.67,74.98,0
2023-12-25,0,0,0,0,0,0,0,0,0,0,0,0,65.01,64.53,63.81,0,0,0,0,0,0,58.96,0,0,0,0,0,0,0,56.06,56.07,0,56.08,56.84,56.34,0,57.12,0,0,58.4,0,0,0,0,59.58,0,0,0,0,0,0,0,0,0,0,0,0,0,0,0,0,0,67.47,0,72.76,77.24,83.0
2023-12-26,0,0,0,0,0,0,0,0,0,0,0,0,65.74,63.66,62.06,0,0,0,0,0,56.98,0,0,0,57.6,0,55.33,56.74,57.05,57.32,56.51,57.66,57.13,57.54,57.56,57.99,58.04,0,0,59.13,0,0,0,0,61.13,0,0,0,0,63.46,0,0,0,0,65.64,0,0,0,0,67.72,0,0,0,70.75,0,78.37,83.06
2023-12-27,0,0,0,0,0,0,0,0,0,0,0,71.32,69.94,0,0,0,0,0,0,61.53,0,59.73,59.4,0,59.5,58.75,58.38,0,0,59.28,58.8,59.09,58.99,59.72,60.4,59.58,60.14,0,0,60.79,0,0,0,0,61.86,0,0,0,0,63.63,0,0,0,0,66.52,0,0,0,0,68.24,0,0,70.69,72.01,75.1,79.22,0
2023-12-28,0,0,0,0,0,0,0,0,0,0,73.71,0,0,0,62.15,0,0,62.0,0,0,0,0,0,0,58.46,0,58.82,0,58.91,59.15,58.71,58.86,59.76,59.65,59.54,0,60.17,0,0,61.7,0,0,0,0,62.23,0,0,0,0,64.64,0,0,0,0,66.76,0,0,0,0,0,0,0,69.94,72.48,75.35,79.13,83.17
2023-12-29,0,0,0,0,0,0,0,0,0,74.25,68.51,69.13,0,0,0,0,0,0,0,60.99,58.99,58.49,58.25,58.26,58.58,0,60.24,58.59,59.34,58.99,58.91,59.26,59.7,59.94,60.34,59.99,59.91,0,0,61.33,0,0,0,0,63.48,0,0,0,0,65.55,0,0,0,0,67.22,0,0,0,0,69.93,0,0,70.75,72.2,74.69,80.07,86.74
2023-12-30,0,0,0,0,0,0,0,0,0,0,0,0,0,0,0,0,0,0,0,0,0,0,0,0,0,0,0,0,59.84,60.0,58.86,59.01,59.76,60.13,60.08,60.3,60.59,0,0,61.2,0,0,0,0,0,0,0,0,0,63.81,0,0,0,0,65.72,0,0,0,0,67.13,0,0,0,72.4,0,76.51,0
2023-12-31,0,0,0,0,0,0,0,0,0,0,0,0,0,0,61.06,64.11,0,0,0,0,0,0,0,0,0,58.5,0,0,0,58.82,0,59.15,59.29,59.7,60.29,60.51,60.27,0,0,62.03,0,0,0,0,62.67,0,0,0,0,64.0,0,0,0,0,67.11,0,0,0,0,68.52,0,0,0,71.07,0,80.0,84.89
2024-01-01,0,0,0,0,0,0,0,0,0,0,0,68.08,0,68.78,69.71,0,62.89,62.38,0,60.61,0,59.58,59.25,0,0,0,58.59,59.19,60.87,61.01,60.91,61.4,60.21,59.78,62.08,62.39,62.72,0,0,63.02,0,0,0,0,64.42,0,0,0,0,66.16,0,0,0,0,67.85,0,0,0,0,69.5,0,0,71.55,72.84,76.02,80.67,87.29
2024-01-02,0,0,0,79.33,0,0,0,0,0,0,75.27,73.11,0,69.86,69.48,67.32,66.21,63.9,64.48,64.39,64.77,0,62.79,0,62.22,61.65,0,0,61.81,60.17,60.38,60.39,60.0,60.75,60.44,60.8,61.22,61.46,0,61.79,0,0,0,0,62.72,0,0,0,0,64.12,0,0,0,0,66.09,0,0,0,0,68.75,0,0,69.29,72.89,74.98,77.18,83.43
2024-01-03,0,0,0,0,80.71,0,0,0,0,0,0,74.69,0,0,61.05,64.25,64.67,61.98,0,61.29,0,60.52,60.13,59.59,59.09,0,59.99,60.16,60.06,60.24,60.7,61.08,60.84,61.2,61.9,61.77,62.14,62.47,0,63.34,0,0,0,0,65.07,0,0,0,0,66.98,0,0,0,0,68.75,0,0,0,0,70.85,0,0,73.47,75.56,76.6,80.53,86.47
2024-01-04,0,0,0,0,0,0,0,0,0,0,68.02,0,0,0,65.57,0,0,62.41,0,62.29,0,0,0,0,0,0,61.33,61.21,60.62,59.86,60.63,60.28,60.64,60.64,61.58,61.38,62.41,61.55,0,62.89,0,0,0,0,64.02,0,0,0,0,65.56,0,0,0,0,67.53,0,0,0,0,69.43,0,0,73.4,75.44,75.48,80.81,86.07
2024-01-05,0,0,0,0,0,0,0,0,0,0,0,0,0,0,0,65.29,67.28,64.47,0,62.41,0,61.85,0,0,61.39,0,60.3,60.1,60.33,61.37,61.11,61.5,60.56,61.78,61.73,62.42,62.52,62.55,0,62.43,0,0,0,0,64.22,0,0,0,0,64.98,0,0,0,0,67.9,0,0,0,0,71.6,0,0,72.27,75.56,76.32,79.16,84.47
2024-01-06,0,0,0,0,0,0,0,0,0,0,0,0,0,0,0,0,0,64.59,0,0,0,0,0,0,0,0,61.75,62.41,61.74,62.65,0,0,61.88,0,62.88,62.53,62.97,63.76,0,62.82,0,0,0,0,64.73,0,0,0,0,67.13,0,0,0,0,68.91,0,0,0,0,70.69,0,0,72.58,73.69,0,81.52,89.84
2024-01-07,0,0,0,0,0,0,0,0,0,0,0,0,0,0,0,0,0,0,66.83,65.71,0,0,0,0,63.25,0,0,62.93,0,63.1,63.93,63.47,63.6,62.61,63.54,64.24,0,64.18,0,65.35,0,0,0,0,66.33,0,0,0,0,68.25,0,0,0,0,70.05,0,0,0,0,72.84,0,0,72.85,75.2,78.0,84.15,0
2024-01-08,0,0,0,0,0,0,0,0,0,0,78.07,73.91,71.67,0,72.68,0,0,68.64,69.53,66.02,0,0,64.34,64.78,63.21,62.79,64.64,62.06,61.53,61.33,61.07,60.89,61.0,61.31,60.78,62.91,63.62,61.72,0,61.91,0,0,0,0,64.16,0,0,0,0,65.74,0,0,0,0,67.26,0,0,0,0,69.85,0,0,71.85,73.65,75.92,79.15,87.18
2024-01-09,158.88,0,0,0,0,0,0,0,0,0,78.89,79.89,0,0,64.62,75.17,73.27,66.92,0,70.33,0,63.52,62.92,0,62.42,62.14,0,59.97,59.42,60.46,60.42,60.34,60.03,57.46,58.72,61.17,60.24,60.18,60.51,59.64,0,0,0,0,61.69,0,0,0,0,62.91,0,0,0,0,65.66,0,0,0,0,66.78,0,0,70.52,71.12,73.12,77.9,84.71
2024-01-10,0,0,0,0,0,0,0,0,0,0,0,0,0,0,72.27,0,0,0,66.88,64.96,63.03,0,0,60.75,61.32,58.72,0,59.18,62.02,59.89,59.51,59.67,58.83,59.56,59.33,58.37,58.49,60.19,60.28,60.85,0,0,0,0,61.51,0,0,0,0,62.54,0,0,0,0,64.14,0,0,0,0,65.59,0,0,69.32,71.19,72.09,74.36,84.01
2024-01-11,0,0,0,0,0,0,0,0,0,0,77.25,0,0,0,70.73,0,0,0,0,61.84,62.76,0,54.8,0,57.32,0,58.24,58.37,56.73,54.99,56.87,56.68,55.65,56.93,54.66,57.02,57.18,55.64,56.74,55.0,0,0,0,0,57.29,0,0,0,0,60.18,0,0,0,0,60.47,0,0,0,0,62.46,0,0,65.76,65.86,69.43,73.06,82.34
2024-01-12,0,0,0,0,0,0,0,83.66,0,78.3,72.15,0,0,0,68.6,0,0,60.45,0,57.77,0,0,0,56.78,56.85,0,55.25,54.32,54.0,53.99,54.3,54.18,53.55,53.99,54.34,54.32,53.93,55.29,55.44,55.12,55.16,56.27,56.76,56.0,57.73,0,0,0,0,60.47,0,0,0,0,61.64,0,0,0,0,64.09,0,0,65.4,66.96,69.92,74.64,82.21
2024-01-13,0,0,0,0,0,0,0,0,0,0,0,0,0,0,0,0,0,0,0,0,0,0,0,0,53.98,0,53.9,53.71,52.5,52.54,52.8,53.22,53.03,53.07,53.52,52.64,53.11,0,55.36,54.31,53.62,54.27,55.51,55.0,57.21,0,0,0,0,59.78,0,0,0,0,61.15,0,0,0,0,0,0,0,0,0,0,0,0
2024-01-14,0,0,0,0,0,0,0,0,0,0,0,0,0,0,0,0,60.3,59.95,0,0,0,0,0,0,53.16,0,54.08,53.23,54.2,52.56,53.06,53.91,53.75,53.61,53.76,53.58,54.19,54.73,54.59,55.05,55.8,56.44,57.29,55.71,57.92,0,0,0,0,61.64,0,0,0,0,61.57,0,0,0,0,63.33,0,0,65.6,66.81,0,0,0
2024-01-15,0,0,0,0,0,0,0,0,0,0,0,0,68.07,0,0,0,0,0,0,0,0,0,0,54.82,54.33,53.92,53.43,53.39,53.47,53.13,53.16,53.57,53.62,53.74,53.93,54.52,54.07,55.5,55.65,55.64,56.01,56.78,57.09,58.02,57.9,0,0,0,0,60.57,0,0,0,0,61.31,0,0,0,0,65.07,0,0,64.84,69.64,0,76.42,84.25
2024-01-16,0,0,0,0,0,0,0,0,0,0,0,0,58.25,0,64.39,0,0,0,0,56.28,0,0,0,0,53.0,53.54,53.74,0,53.64,53.19,53.15,0,53.51,53.9,54.25,54.07,54.58,55.03,55.16,55.05,55.48,56.76,56.84,56.65,58.25,0,0,0,0,59.93,0,0,0,0,61.88,0,0,0,0,64.66,0,0,66.4,69.74,0,75.51,0
2024-01-17,146.59,0,0,0,0,0,0,0,0,0,0,0,0,0,0,0,0,0,0,0,53.9,0,0,0,52.9,51.17,50.58,50.89,51.07,50.17,51.4,51.18,51.35,50.74,51.45,51.11,52.67,53.04,52.27,72.91,53.78,54.4,54.7,55.33,55.85,0,0,0,0,58.3,0,0,0,0,61.29,0,0,0,0,63.19,0,0,65.25,68.79,0,75.01,82.76
2024-01-18,0,0,0,0,0,0,0,0,0,0,0,0,59.95,0,0,0,0,0,0,51.0,0,0,0,49.22,48.63,47.82,48.27,47.62,48.4,48.09,48.24,49.38,48.67,49.09,49.7,50.31,50.13,50.15,50.43,52.02,51.4,51.92,52.76,52.52,54.53,0,0,0,0,57.16,0,0,0,0,60.18,0,0,0,0,59.91,0,0,66.48,66.25,65.75,71.15,0
2024-01-19,0.0,0,0,0,0,0,0,0,0,0,0,0,59.74,0,56.23,0,0,0,0,50.02,0,0,48.18,47.96,48.22,47.6,47.79,47.59,47.3,48.0,48.18,47.96,48.69,48.63,49.23,50.27,49.75,50.73,50.65,51.1,51.74,51.94,52.65,53.02,55.1,0,0,0,0,56.4,0,0,0,0,57.9,0,0,0,0,59.67,0,0,60.79,69.06,67.95,0,82.27
2024-01-20,0,0,0,0,0,0,0,0,0,0,0,0,0,0,0,0,0,0,0,0,0,0,0,0,0,0,0,46.95,0,47.06,46.9,0,47.61,0,48.0,49.02,49.22,49.5,0,50.38,0,0,0,0,52.8,0,0,0,0,55.19,0,0,0,0,0,0,0,0,0,61.41,0,0,62.08,0,0,72.91,0
2024-01-21,0,0,0,0,0,0,0,0,0,0,0,67.8,0,0,0,0,0,0,0,0,0,0,0,0,45.58,46.48,46.83,0,0,46.48,46.89,47.21,0,46.23,47.84,47.38,49.13,0,47.96,50.55,50.85,51.18,50.79,51.38,53.49,0,0,0,0,55.48,0,0,0,0,56.33,0,0,0,0,57.94,0,0,0,65.65,0,0,0
2024-01-22,0,0,0,0,0,0,0,0,0,0,0,0,58.69,0,0,0,0,0,48.14,0,48.94,0,48.69,47.56,48.55,47.17,47.3,47.21,47.92,48.0,48.66,48.1,49.89,49.48,50.66,51.1,52.26,52.59,52.37,54.11,54.37,55.13,53.79,54.96,54.41,0,0,0,0,57.15,0,0,0,0,61.85,0,0,0,0,65.02,0,0,60.97,66.58,68.56,72.72,0
2024-01-23,0,0,0,0,0,0,0,0,0,0,0,0,0,0,57.25,48.41,50.69,47.19,0,0,0,49.61,48.85,47.58,48.08,47.3,47.27,47.44,47.85,48.81,49.16,49.3,49.2,49.92,50.19,51.25,51.11,53.68,53.29,54.3,55.13,55.0,55.75,0,58.64,0,0,0,0,58.11,0,0,0,0,0,0,0,0,0,65.35,0,0,65.12,0,0,0,0
2024-01-24,0,0,0,0,0,0,0,0,0,0,0,63.12,58.29,0,55.55,0,0,0,0,0,0,0,47.42,47.14,46.33,46.06,46.78,47.06,47.31,47.56,47.97,48.38,48.39,49.61,49.39,0,50.37,52.21,50.97,52.07,52.79,53.37,54.94,54.16,56.18,0,0,0,0,59.51,0,0,0,0,61.16,0,0,0,0,66.1,0,0,66.81,69.71,0,0,0
2024-01-25,156.07,0,0,0,0,0,0,0,0,0,0,0,0,0,0,0,0,0,0,46.27,0,0,0,47.14,45.43,43.97,44.47,44.77,45.17,44.74,45.76,45.9,46.84,48.05,48.65,48.68,49.46,50.39,50.94,51.1,53.25,52.93,54.58,53.63,53.78,0,0,0,0,58.09,0,0,0,0,0,0,0,0,0,0,0,0,0,69.34,0,79.36,0
2024-01-26,0,0,0,0,0,0,0,0,0,0,0,59.34,0,0,0,0,0,0,0,48.71,0,44.72,46.05,45.47,44.68,44.53,44.36,44.6,44.84,44.42,44.81,45.24,46.44,46.11,46.71,46.92,47.69,48.01,48.84,49.44,50.17,50.79,52.08,52.55,53.24,0,0,0,0,57.52,0,0,0,0,59.48,0,0,0,0,62.38,0,0,67.55,70.06,69.9,0,0
2024-01-27,0,0,0,0,0,0,0,0,0,0,0,0,0,0,0,0,0,0,0,0,0,0,0,0,43.23,43.22,43.72,43.09,0,43.65,43.96,44.53,44.23,45.26,45.42,46.86,47.0,0,0,48.62,49.54,0,0,51.49,53.58,0,0,0,0,55.49,0,0,0,0,59.04,0,0,0,0,62.2,0,0,66.49,0,0,0,0
2024-01-28,0,0,0,0,0,0,0,0,0,0,0,0,0,0,0,0,0,0,0,0,0,0,45.23,43.0,44.64,43.58,43.92,44.74,44.69,44.71,45.2,44.81,46.09,46.44,47.05,47.64,48.16,48.26,49.33,49.41,50.1,51.75,51.45,52.13,53.63,0,0,0,0,0,0,0,0,0,58.7,0,0,0,0,63.24,0,0,63.58,64.77,0,0,0
2024-01-29,0,0,0,0,0,0,0,0,0,0,0,0,0,0,0,0,0,0,0,47.02,0,0,0,0,46.52,46.36,44.28,45.03,44.9,45.12,45.84,46.14,46.21,46.43,46.81,47.65,47.9,47.81,49.75,50.42,50.89,51.23,51.47,52.78,54.53,0,0,0,0,56.09,0,0,0,0,59.38,0,0,0,0,63.17,0,0,0,0,0,0,80.0
2024-01-30,0,0,0,0,0,0,0,0,0,0,0,0,0,0,0,0,0,0,0,49.41,0,0,46.98,46.8,47.99,45.98,46.32,47.16,46.4,47.15,47.44,47.65,48.02,47.21,48.6,48.49,50.25,50.74,50.87,51.22,50.9,51.68,52.78,53.17,53.06,0,0,0,0,56.83,0,0,0,0,60.89,0,0,0,0,63.26,0,0,0,0,69.55,0,0
2024-01-31,0,0,0,0,0,0,0,0,0,0,0,0,0,0,0,0,0,0,0,0,0,0,0,0,48.23,47.47,46.5,46.47,45.99,47.16,46.59,47.25,47.56,48.98,49.16,49.12,49.91,50.1,50.76,51.14,52.19,52.25,53.91,55.23,54.16,0,0,0,0,57.7,0,0,0,0,59.61,0,0,0,0,62.51,0,0,65.08,69.1,0,0,79.22
2024-02-01,0.0,0,0,0,0,0,0,87.71,0,0,59.34,0,0,0,0,0,52.12,0,0,0,0,47.24,46.66,45.91,45.42,0,44.54,44.7,44.96,45.0,45.16,45.89,46.25,46.76,47.43,47.44,48.52,48.56,49.19,50.75,51.05,52.35,52.72,54.43,53.41,0,0,0,0,57.85,0,0,0,0,60.62,0,0,0,0,0,0,0,0,65.45,0,73.07,0
2024-02-02,185.07,0,0,0,0,0,0,0.0,0,0,0,0,0,0,0,0,0,51.86,0,44.19,0,0,0,45.74,42.96,43.69,0,43.0,43.9,43.62,44.13,44.34,44.07,45.48,44.87,46.26,47.22,47.89,48.06,49.3,0,50.0,0,52.23,52.19,0,0,0,0,56.84,0,0,0,0,59.54,0,0,0,0,62.05,0,0,63.41,0,70.45,74.73,0
2024-02-03,0,0,0,0,0,0,0,0,0,0,0,0,0,0,0,0,0,0,0,46.32,0,0,0,0,0,0,43.0,42.59,42.74,41.22,41.45,41.59,42.09,42.32,43.11,43.9,43.5,45.34,47.27,46.31,47.36,48.12,0,50.37,50.87,0,0,0,0,54.39,0,0,0,0,57.84,0,0,0,0,60.92,0,0,64.4,0,0,75.91,86.78
2024-02-04,0,0,0,0,0,0,0,0,0,0,0,0,0,0,0,0,0,0,0,0,0,0,0,0,0,42.25,0,41.87,41.62,42.02,41.93,42.59,42.93,43.49,43.94,44.46,44.42,45.97,46.54,47.3,48.45,49.09,49.51,0,52.22,0,0,0,0,55.7,0,0,0,0,58.66,0,0,0,0,59.35,0,0,64.55,66.61,0,0,0
2024-02-05,0,0,0,0,0,0,0,0,0,0,0,0,0,0,0,0,0,48.85,47.49,42.51,45.26,0,44.17,0,43.0,43.28,41.94,42.51,41.8,41.95,42.29,42.64,42.81,44.14,44.68,44.82,46.32,46.91,47.15,48.69,49.24,50.3,51.53,51.01,52.37,0,0,0,0,55.19,0,0,0,0,57.48,0,0,0,0,61.74,0,0,63.14,0,0,75.11,91.8
2024-02-06,0,0,0,0,0,0,0,0,0,0,0,0,0,0,0,0,0,0,0,0,46.26,45.41,44.64,42.73,0,0,0,42.55,42.26,42.52,43.01,43.02,43.18,44.2,44.87,45.2,45.23,46.38,47.76,47.8,49.42,50.37,50.64,50.17,50.99,0,0,0,0,54.54,0,0,0,0,56.24,0,0,0,0,61.2,0,0,63.02,64.25,66.84,0,84.53
2024-02-07,0,0,0,0,0,0,0,0,0,0,0,66.01,0,0,55.5,0,0,0,0,46.46,0,0,43.94,0,43.52,43.97,43.28,42.9,42.95,43.44,43.89,43.38,43.97,45.02,45.02,44.76,46.56,47.3,48.17,48.72,49.16,50.2,51.37,51.79,52.35,0,0,0,0,56.13,0,0,0,0,58.05,0,0,0,0,57.68,0,0,0,65.17,67.39,0,0
2024-02-08,0.0,0,0,0,0,0,0,0,0,0,66.0,0,0,0,60.44,0,0,0,52.4,0,0,48.09,48.91,0,44.57,45.94,44.13,43.87,43.69,43.6,44.04,44.3,45.2,45.67,45.19,47.44,46.71,47.2,47.82,48.38,50.17,50.43,50.94,51.45,52.39,0,0,0,0,56.93,0,0,0,0,58.14,0,0,0,0,63.62,0,0,66.67,0,68.46,75.41,82.52
2024-02-09,0,0,0,0,0,0,0,0,0,0.0,0,0,0,0,65.26,0,0,0,0,57.63,0,0,0,0,44.15,51.07,47.8,47.2,46.25,46.4,46.02,46.62,46.42,46.98,47.31,48.45,48.97,49.11,50.16,50.95,51.65,52.01,52.06,53.43,54.09,0,0,0,0,58.59,0,0,0,0,61.14,0,0,0,0,65.08,0,0,68.29,70.3,72.28,79.05,88.99
2024-02-10,0,0,0,0,0,0,0,0,0,0,0,0,0,0,0,0,0,0,0,0,0,51.42,0,57.37,49.72,0,0,49.35,46.75,46.86,49.17,47.66,47.13,49.38,49.89,49.68,50.33,50.91,52.68,52.48,51.34,53.89,53.83,0,55.28,0,0,0,0,59.04,0,0,0,0,63.01,0,0,0,0,63.34,0,0,65.61,0,0,75.44,0
2024-02-11,0,0,0,0,0,0,0,0,0,0,0,0,0,0,0,0,0,0,0,64.96,0,0,0,0,0,51.76,0,49.21,48.89,48.49,48.3,49.21,49.56,49.67,50.42,49.84,51.19,52.14,53.03,52.71,53.54,54.48,55.0,56.05,56.6,0,0,0,0,59.39,0,0,0,0,63.57,0,0,0,0,65.9,0,0,69.91,73.47,73.61,77.57,87.75
2024-02-12,0,0,0,0,0,0,0,0,0,0,0,0,0,0,73.2,0,0,0,0,64.58,0,0,58.86,0,55.02,55.82,54.57,52.37,52.24,51.37,51.91,52.14,53.13,52.6,52.74,53.43,53.61,53.97,54.53,55.4,56.13,55.94,56.9,57.48,57.91,0,0,0,0,60.53,0,0,0,0,64.87,0,0,0,0,68.38,0,0,70.8,73.6,76.45,80.88,88.19
2024-02-13,0,0,0,0,0,0,0,0,0,0,0,0,0,79.01,75.52,0,0,71.06,62.25,62.72,0,58.5,0,0,54.37,47.61,53.91,51.17,53.46,52.53,51.73,49.8,49.85,51.21,51.12,51.3,51.88,52.43,53.12,53.55,54.05,55.48,56.06,58.18,56.08,0,0,0,0,59.51,0,0,0,0,62.99,0,0,0,0,66.49,0,0,70.57,73.09,74.18,79.2,84.84
2024-02-14,0,0,0,0,0,0,0,0,0,0,54.13,0,80.11,0,0,73.92,0,0,0,43.06,63.33,58.18,58.32,58.06,54.51,55.76,54.93,54.37,53.34,53.22,54.21,52.88,53.77,52.55,53.15,53.87,53.77,53.9,53.82,55.17,55.22,55.72,56.44,56.75,56.92,0,0,0,0,59.66,0,0,0,0,63.66,0,0,0,0,67.27,0,0,70.1,73.81,76.22,83.34,89.08
2024-02-15,0,0,0,0,0,0,0,0,0,0,0,0,0,0,76.66,0,64.4,0.0,0,69.21,0,56.22,64.15,0,56.55,58.39,54.16,55.75,54.06,53.91,54.22,54.1,52.66,54.31,52.83,53.01,53.95,55.32,54.42,54.8,55.46,56.3,56.36,56.62,57.45,0,0,0,0,60.11,0,0,0,0,63.0,0,0,0,0,68.11,0,0,70.6,75.28,77.43,82.35,90.82
2024-02-16,0,0,0,0,0,0,0,0,0,0,0,0,0,0,0,0,0,0,0,0.0,0,63.61,64.08,0,60.13,0,54.06,0,53.02,53.51,52.15,52.42,55.44,0,52.73,53.02,54.73,53.92,55.43,54.78,55.18,55.67,56.51,57.94,58.49,0,0,0,0,61.27,0,0,0,0,63.73,0,0,0,0,67.04,0,0,69.24,71.83,76.29,81.7,93.67
2024-02-17,0,0,0,0,0,0,0,0,0,0,0,0,0,0,0,0,0,0,66.25,0,0,0,0,56.64,0,56.43,53.67,0,0,49.14,0,53.49,51.02,53.72,54.52,54.88,55.99,54.95,56.33,56.84,57.72,57.84,58.28,58.82,58.93,0,0,0,0,61.51,0,0,0,0,64.01,0,0,0,0,67.88,0,0,69.78,72.36,75.31,80.77,91.54
2024-02-18,0,0,0,0,0,0,0,0,0,0.0,0,0,0,0,0,0,0,0,0,70.34,0,0,0,0,59.17,0,0,0,0,0,0,0,0,55.08,53.63,56.31,56.08,56.42,57.07,57.39,57.82,57.49,59.04,58.69,59.45,0,0,0,0,62.78,0,0,0,0,65.16,0,0,0,0,69.57,0,0,72.36,74.18,0,81.81,90.89
2024-02-19,0,0,0,0,0,0,0,0,0,0,0,0,0,0,0.0,77.04,70.38,0,0,0,0,0,0,59.23,0,57.94,0,0,0,55.01,0,54.7,54.12,54.9,54.28,54.44,55.94,56.47,56.96,57.63,57.69,58.42,58.85,59.35,59.69,0,0,0,0,62.65,0,0,0,0,65.91,0,0,0,0,69.66,0,0,70.66,73.44,75.59,79.83,90.85
2024-02-20,0,0,0,0,0,0,0,0,0,0,0.0,83.01,0,0,0,0,0,0,0,66.12,0,0,0,0,59.34,0,57.92,0,0,54.68,0,54.84,53.69,56.32,54.27,54.59,54.64,54.56,56.06,55.51,56.99,56.53,57.0,57.7,57.07,0,0,0,0,60.04,0,0,0,0,62.68,0,0,0,0,65.81,0,0,70.64,73.55,77.46,82.23,92.86
2024-02-21,0,0,0,0,0,0,0,0,0,0,0,0,0,0,66.95,0,0,0,0,0,0,0,0,58.4,57.39,0,0,54.86,55.55,53.23,0,52.93,52.39,52.55,52.84,52.86,53.45,53.28,53.33,53.45,53.57,54.12,54.34,55.22,54.67,0,0,0,0,57.46,0,0,0,0,60.17,0,0,0,0,63.66,0,0,64.79,71.56,73.73,81.31,95.8
2024-02-22,0,0,0,0,0,0,0,0,0,0,81.08,82.33,0,79.22,74.37,0,0,0,0,0,59.76,0,0,0,57.37,0,0,56.28,53.76,54.03,54.1,53.17,52.16,53.26,53.09,53.11,53.38,53.74,53.49,54.49,54.93,55.41,55.6,56.16,56.14,0,0,0,0,59.3,0,0,0,0,62.1,0,0,0,0,67.2,0,0,70.0,71.09,77.78,0,96.48
2024-02-23,0,0,0,0,0,0,0,0,0,0,0.0,0,0,0,0,0,0,0,67.46,0.0,0,0,60.32,0,0,0,0,52.75,50.87,50.44,54.56,51.35,49.3,50.91,50.22,50.48,50.19,51.04,51.2,51.66,51.76,52.3,53.43,52.74,54.65,0,0,0,0,57.58,0,0,0,0,62.68,0,0,0,0,66.19,0,0,69.24,73.71,77.39,85.0,96.11
2024-02-24,0,0,0,0,0,0,0,0,0,0,0,0,0,0,0,0,0,0,0,67.31,0,0,0,0,57.05,0,55.42,0,0,58.61,0,0,52.79,50.89,52.72,52.75,52.32,53.39,54.1,53.91,54.74,55.27,55.01,55.53,55.95,0,0,0,0,59.31,0,0,0,0,62.55,0,0,0,0,67.34,0,0,0,75.02,76.47,84.52,0
2024-02-25,0,0,0,0,0,0,0,0,0,0,0,0,0,0,0,0,0,0,0,0,0,0,0,0,0,0,57.36,0,0,54.05,54.61,0,52.49,53.23,52.83,0,53.9,53.82,53.99,55.1,54.98,55.55,54.93,56.54,56.44,0,0,0,0,60.05,0,0,0,0,63.61,0,0,0,0,68.31,0,0,71.67,76.85,78.55,85.42,99.39
2024-02-26,0,0,0,0,0,0,0,0,0,0,0.0,0.0,0,0,90.91,77.61,0,0,0,0,0,0,64.85,62.01,64.85,64.88,61.58,0,58.08,58.71,57.79,55.59,56.66,55.84,53.97,53.93,53.59,54.03,54.24,54.46,54.03,54.02,54.57,54.96,55.16,55.38,55.98,56.69,0,56.87,0,0,0,0,61.32,0,0,0,0,64.18,0,0,67.66,72.0,74.42,80.13,90.4
2024-02-27,0,0,0,0,0,0,0,0,0,0,0.0,102.57,99.63,0,96.97,91.43,91.38,0,0,84.56,81.14,0,0,0,50.03,66.73,0,66.86,64.64,62.26,61.14,58.36,59.07,58.05,56.95,55.72,56.64,56.17,56.8,55.85,56.92,57.15,56.46,57.04,57.3,56.7,57.3,59.03,0,57.81,0,0,0,0,61.27,0,0,0,0,63.52,0,0,69.5,73.59,76.27,83.88,94.89
2024-02-28,0,0,0,0,0,0,0,0,0,0,0,0,125.75,0,105.97,0,0.0,80.16,0.0,0.0,0.0,84.67,76.93,81.83,86.45,85.91,80.6,0,67.22,68.33,65.03,67.08,70.04,65.62,65.14,55.38,67.21,65.85,65.55,63.68,63.86,64.2,64.7,64.43,63.34,63.34,64.54,65.81,0,67.19,0,0,0,0,68.58,0,0,0,0,70.41,0,0,73.93,76.06,79.84,84.05,97.24
2024-02-29,0,0,0,0,0,0,0,0,0,0,0,0,0,123.09,0,0,0,0,0,95.67,0,0,0,86.55,71.52,79.56,78.69,79.38,58.1,73.61,74.08,73.95,71.09,71.95,63.6,70.03,64.45,69.72,65.37,62.84,64.16,63.08,63.91,64.95,63.08,62.85,63.31,63.57,0,64.26,0,0,0,0,66.08,0,0,0,0,68.38,0,0,71.9,74.53,79.43,82.68,98.77
2024-03-01,0,0,0,0,0,0,0,0,0,0,0.0,0,0,0,115.19,0,94.26,0,80.07,107.95,0,0,0,0,72.97,0,75.86,72.96,0,66.66,0,65.7,60.21,61.25,66.66,66.66,60.79,64.75,64.34,63.44,62.18,63.93,62.91,61.97,62.09,62.13,63.27,63.43,0,64.28,0,0,0,0,66.45,0,0,0,0,68.78,0,0,69.94,74.2,75.31,84.37,95.64
2024-03-02,0,0,0,0,0,0,0,0,0,0,0,0,0,127.3,120.32,0,0,0,0,0,0,0,0,0,74.9,0,0,0,0,69.09,66.81,0,0,0,67.4,0,0,63.97,63.85,61.81,0,62.52,62.37,63.24,62.87,62.58,63.82,64.39,0,64.95,0,0,0,0,66.52,0,0,0,0,68.64,0,0,72.98,74.08,77.02,84.8,95.64
2024-03-03,0,0,0,0,0,0,0,0,0,0,0,0,0,0,0,0,0,0,0,0,0,0,0,0,0,0,73.59,75.75,75.25,70.94,69.04,0,72.01,67.33,72.11,69.07,67.68,67.95,65.04,70.21,72.45,66.62,70.11,69.24,70.17,67.65,70.04,71.07,0,71.42,0,0,0,0,74.42,0,0,0,0,76.0,0,0,77.98,82.19,84.02,89.54,101.73
2024-03-04,0,0,0,0,0,0,0,0,0,0,0,0,0,131.89,115.94,0,0,0,0,0.0,0,106.8,113.62,113.61,109.08,110.88,100.41,98.98,90.03,100.99,96.57,96.63,93.33,89.02,77.29,87.74,86.4,69.24,83.91,76.95,73.87,73.97,72.89,71.36,71.39,72.3,71.25,71.35,0,71.61,0,71.79,73.16,0,73.18,0,74.87,0,0,76.77,0,76.96,79.07,80.46,83.74,88.91,102.88
2024-03-05,0,0,0,0,0,0,0,0,0,0,0,0,0,116.73,0,0,0,0,0,0,0,0,0,105.61,99.73,100.04,94.36,90.01,87.77,85.13,85.59,0,84.35,82.67,75.35,73.12,68.59,75.39,72.93,73.15,74.57,71.95,71.55,72.02,70.29,70.09,69.19,69.75,0,70.82,0,71.87,72.74,0,73.11,0,73.84,0,0,77.1,0,77.66,79.67,83.0,87.43,94.06,107.86
2024-03-06,0,0,0,0,0,0,0,0,0,0,0,0,0,0,133.27,0,0,0,0,0,0,112.59,0,0,102.34,0,100.89,93.91,97.53,84.23,0,95.73,84.29,0,80.75,0,79.79,78.17,77.07,74.88,75.15,76.29,73.61,74.57,72.98,67.23,73.28,74.94,0,73.65,0,73.32,74.85,0,75.22,0,75.24,0,0,76.65,0,77.56,80.12,82.29,85.23,92.36,106.06
2024-03-07,0,0,0,0,0,0,0,0,0,0,0,0,0,0,0,0,0,0,0,116.4,113.54,111.03,106.74,107.48,102.49,102.32,97.83,97.49,98.12,83.83,91.98,0,76.54,0,81.93,0,0,75.45,0,74.05,0,69.75,69.85,68.17,69.09,67.56,68.36,67.11,0,67.83,0,68.7,68.04,0,70.41,0,70.47,0,0,69.37,0,72.22,73.07,76.55,78.95,88.15,102.15
2024-03-08,0,0,0,0,0,0,0,0,0.0,0,0,0,0,0,145.2,0,0,0,0,0.0,0,0,0,0,96.25,99.63,0,0,0,86.45,0,0,82.61,85.17,83.9,80.35,80.27,0,0,80.87,72.63,71.72,68.66,75.0,70.71,69.55,71.19,68.91,0,69.69,70.0,68.99,68.93,0,69.33,0,71.73,0,0,71.92,0,73.93,75.34,77.68,80.53,87.8,103.66
2024-03-09,0,0,0,0,0,0,0,0,0,0,0,0,0,147.11,142.78,0,0,0,0,0,0,0,0,0,110.94,0,101.25,0,95.06,0,0,0,0,0,0,0,0,0,0,72.86,0,74.01,0,71.41,71.59,69.89,71.91,68.42,0,70.67,0,71.84,72.08,0,73.64,0,73.12,0,0,75.86,0,77.71,79.27,81.8,84.85,92.74,107.02
2024-03-10,0,0,0,0,0,0,0,0,0,0,0,0,0,152.22,147.33,0,0,0,0,0,0,0,0,0,113.88,0,0,0,0,114.68,0,96.47,0,0,90.89,0,90.5,0,83.84,80.64,79.35,79.04,78.12,83.55,79.84,77.04,79.47,77.71,0,78.26,0,78.51,78.25,78.96,79.43,79.59,79.76,77.92,81.0,81.84,81.74,82.43,84.12,87.79,91.96,99.13,112.0
2024-03-11,0,0,0,0,0,0,0.0,0,0.0,0,205.18,0,0,0.0,161.14,0,155.92,149.28,0,0,0,0,0,128.93,133.63,137.37,0,113.59,135.4,0.0,0,109.14,108.72,0,96.93,103.99,84.7,99.38,94.1,92.73,93.97,85.84,90.74,86.39,83.08,91.13,84.79,83.6,0,82.52,80.45,80.43,80.76,80.87,81.82,80.68,79.88,81.03,81.23,81.15,81.43,81.55,81.78,83.6,86.62,91.87,105.04
2024-03-12,0,0,0,0,0,0,0,0,0,0,0,0.0,0,0,0.0,0,0,0,0,160.69,0,135.94,0.0,127.05,149.37,119.06,0,0,115.83,121.45,106.88,108.23,108.4,0,89.14,0,97.53,98.52,89.6,87.17,0,0,0,85.47,80.53,81.98,87.17,68.64,0,75.99,73.0,72.6,72.95,75.07,74.19,74.52,74.84,75.01,75.35,76.32,76.22,76.26,77.11,81.64,83.05,91.66,106.52
2024-03-13,0,0,0,240.71,0,0,0.0,0,0,0,0,0,0,0,0,0.0,0,0,0,0,0,0,0,0,147.79,0,111.66,0,0,122.79,0,0,0,0,104.11,0,93.85,95.91,94.73,96.69,86.04,0,84.49,83.53,82.28,0,79.74,78.02,0,75.68,75.65,75.16,75.26,73.35,74.82,74.41,74.12,72.95,73.1,73.88,74.17,74.18,75.15,77.34,81.76,89.03,107.05
2024-03-14,0,0,0,0,0,0,0,0,0,0,0,0,0,0,0.0,0,0,0,0,0,0,0,0,0,0,0,146.12,0,113.42,0,0,0,0,0,101.63,101.2,88.83,95.84,88.01,92.34,0,0,83.91,82.8,76.83,76.0,75.94,75.92,0,72.66,72.97,72.39,70.62,71.03,70.24,70.3,69.7,70.26,70.31,69.46,69.41,70.61,70.63,73.0,78.23,89.22,108.55
2024-03-15,0.0,0,0,0,0.0,0,0,0,207.61,0.0,0.0,0.0,0.0,161.4,150.96,139.83,126.71,0.0,0.0,0.0,0.0,107.14,113.39,0.0,0.0,113.06,114.57,121.57,105.82,118.6,0.0,109.68,105.2,95.08,97.96,95.05,93.83,93.69,94.71,86.46,90.13,85.18,88.27,75.69,77.45,83.39,76.62,75.5,0,73.54,74.15,74.1,73.69,72.91,72.03,74.7,74.09,73.13,72.28,72.62,76.03,73.52,76.41,81.47,83.73,94.63,108.45
2024-03-16,0,0,0,0,0,0,0,0,0,0,0,0,0,0,0,0,0,0,0,0,0,0,0,0,125.47,0,0,126.42,0,0,0,107.51,131.02,0,95.62,0,0,87.1,0,84.89,0,80.42,0,0,74.24,0,70.83,69.51,0,74.23,74.38,81.37,72.91,73.51,73.72,81.7,73.32,74.38,75.34,75.15,75.12,77.32,78.99,84.91,89.23,102.21,123.18
2024-03-17,0,0,0,0,0,0,0,0,0,0,0,0,0,0,0,0,0,0,0,0,0,0,0,0,0,0,0,0,112.87,0,0,106.01,99.74,0,0,98.76,0,0,0,89.86,0,82.14,82.06,79.0,78.42,76.87,76.45,76.62,0,74.17,73.63,73.41,74.13,74.37,74.57,74.5,73.53,74.81,74.21,74.9,74.84,74.32,77.98,80.66,85.24,98.4,121.06
2024-03-18,0,0,0,0,0,0,0,0,0,0,0,0,0,0,0,0,0,0,0,0,0,0,0,0,0,0,0,109.98,0.0,0,111.36,83.33,82.72,0,94.37,95.58,72.25,74.91,93.1,88.52,0,0,79.06,82.52,0,0,78.13,72.32,72.24,73.2,69.57,71.02,70.35,70.44,70.56,71.23,70.25,71.17,71.75,70.6,71.41,72.78,75.86,79.41,88.64,98.81,125.65
2024-03-19,0,0,0,0,0,0.0,0,0,0,0,0.0,0,0,0,0,0,0,0,0,0,0,0,0,0,147.19,120.33,0,0,0,100.47,103.28,98.02,96.74,0,80.36,85.47,86.17,92.1,88.99,76.31,79.42,78.58,76.75,75.55,71.98,71.54,74.57,74.33,72.89,73.35,71.91,72.61,73.51,72.51,75.51,75.3,74.91,77.05,69.9,76.22,75.12,81.93,86.22,92.22,101.68,101.62,139.47
2024-03-20,0,0,0,0,0,0,0,0,0,0,0,0,0,0,0.0,0,0,0,0,0,0,0,0,0,0,0,0.0,0,0.0,0.0,0,90.51,95.46,0,97.45,92.14,0,77.71,84.87,83.17,79.14,87.48,76.21,75.92,72.9,80.67,76.77,75.75,76.69,72.06,72.51,72.21,70.97,70.89,69.85,70.72,69.99,69.69,69.8,72.42,70.89,71.59,76.32,81.51,89.57,104.67,135.69
2024-03-21,0,0,0,0,0,0,0,260.62,0,0,0,0,0,0,0,0,0,0,0,0,0,0,0,187.98,0,152.67,0,0,135.85,119.77,136.69,100.89,123.7,0,98.46,106.4,92.97,89.44,94.28,87.17,84.32,0,78.6,78.92,73.42,73.83,68.42,70.91,67.15,67.78,67.2,67.28,66.08,65.68,65.98,65.61,67.74,68.18,69.08,69.03,73.97,71.16,76.09,90.25,94.87,113.12,0
2024-03-22,0,0,0,0,0,0,0,0,0,231.32,0,0,0,0,0,0,0,0,0,0,0,0,0,0,0.0,0,0,0,0,0,122.96,122.2,87.64,86.74,87.62,0,0,67.34,77.78,72.11,74.79,80.25,73.0,69.85,70.68,66.46,65.9,65.66,64.86,64.84,62.85,62.75,62.83,63.02,64.6,65.74,67.06,70.16,69.43,72.83,70.86,75.18,81.64,87.37,98.02,115.6,0
2024-03-23,0,0,0,0,0,0,0,0,0,270.99,0,0,0,0,0,0,0,0,0,0,0,0,0,0,0,130.97,0,0,0,129.12,0,0,109.57,0,110.15,0,0,0,0,94.46,81.07,78.87,77.47,0,71.58,70.97,68.86,69.55,70.72,69.37,67.9,69.76,69.11,69.57,68.03,67.96,69.56,72.41,73.7,75.63,76.05,77.1,76.7,90.11,104.31,130.01,0
2024-03-24,0,0,0,0,0,0,0,0,0,0,0,0,0,0,0,0,0,212.01,207.72,0,198.15,0,0,0,0,0,0,0,0,0,0,0,0,0,0,0,99.96,103.07,0,0,0,0,81.06,80.59,76.52,0,71.59,71.61,70.64,69.25,69.0,68.05,69.86,67.48,69.17,69.7,67.87,69.52,70.79,73.76,74.98,78.65,81.81,96.06,110.96,143.51,174.99
2024-03-25,0,0,0,0,0,0,0,0,0,0,0,0,0,0,0.0,0,0,0,0,0,0,234.34,0,0,293.98,0,0,0,0,252.97,212.97,216.47,182.36,0,146.28,165.53,172.83,159.61,141.5,0.0,0,76.64,92.5,92.58,103.33,0,84.92,79.55,77.93,51.77,64.32,69.34,66.91,67.75,64.12,63.57,65.21,65.67,66.43,69.42,71.35,68.9,80.57,89.92,108.02,0,0
2024-03-26,0,0,0,0,0,0,0,0,0,0,0,425.55,0.0,0,0.0,0,325.21,318.94,0,0,265.82,0,0,0,197.42,231.4,0,0,0,0.0,0,0.0,0,0,170.91,152.83,153.1,108.16,135.54,0.0,138.99,0,0,0,94.39,0,76.16,0.0,78.66,70.31,67.32,68.06,65.12,62.26,61.68,61.53,63.06,64.06,66.24,66.43,72.74,71.69,82.49,103.47,114.53,134.25,194.31
2024-03-27,0,0,0,0,0,0,0,0,0,0,0,426.62,0.0,0,0.0,0.0,0,0,0,0,0,0,0,0,0.0,346.96,250.18,0,238.93,231.87,0,197.23,0.0,162.15,0,202.05,0.0,0,0.0,0.0,0,123.29,116.87,132.82,0.0,0,58.41,94.69,83.8,77.8,66.55,71.26,64.48,61.93,61.52,61.15,61.03,67.01,68.89,70.42,76.86,85.47,96.72,101.81,141.88,0,0
2024-03-28,0,0,0,0,0,0,0,0,0,0,0,0,0,0,0,0.0,0,0,0,0,0,0,0,0,0,0,0,0.0,0.0,0.0,0.0,0,320.88,0.0,207.51,0,0,0,0.0,276.18,275.08,177.34,0,186.66,150.37,158.07,189.04,0.0,0.0,0.0,0.0,72.26,79.43,80.65,54.08,41.56,49.5,55.19,64.87,75.97,89.25,102.94,129.15,153.85,192.77,0,0
